portal,portal_property_id,url,canonical_url,title,price,currency,expenses,expenses_currency,address,neighborhood,publisher_name,covered_area,semi_covered_area,total_area,rooms,bedrooms,bathrooms,age,parking_count,condition,orientation,floor,amenities,publication_date,description,detail_fetched,raw_data
demo-a,demo-00000,https://demo-a.example/aviso/demo-00000,https://demo-a.example/aviso/demo-00000,Departamento 5 ambientes en Palermo,589000,USD,,,"Scalabrini Ortiz 1103, Piso 7","Palermo, Capital Federal",Belgrano Brokers,187.1,,187.1,5,4,1,,0,Bueno,Interno,7,"seguridad 24 h, laundry",2026-09-12,"Departamento de 5 ambientes en pleno corazón de Palermo, sobre la avenida Scalabrini Ortiz al 1100. Un piso 7 con una vista que se disfruta, y eso que es una unidad interna, así que se mantiene lejos del ruido de la calle. Son 187 metros cuadrados cubiertos, con una distribución muy aprovechable: 4 dormitorios, ideal para familias que necesiten espacio o para armar un home office sin sacrificar el cuarto principal, y un baño de los de antes, con buen metraje.

El edificio cuenta con seguridad 24 horas y laundry, así que la parte práctica está resuelta. El departamento está en buen estado general, con la estructura sólida y terminaciones que se pueden ir actualizando de a poco. No tiene cochera, pero al estar sobre Scalabrini Ortiz tenés de soja para moverte, y en la zona no te sobra pero te alcanza para encontrar estacionamiento a la vuelta si te manejás con paciencia.

Se acepta permuta, o bien financiación en cuotas. Apto para crédito, y una oportunidad real para quien busque un piso grande en una de las mejores zonas de la Ciudad. Consultanos.",true,"{""sintetico"": true, ""caso"": ""permuta"", ""duplicado_de"": null}"
demo-b,demo-00001,https://demo-b.example/aviso/demo-00001,https://demo-b.example/aviso/demo-00001,Departamento 3 ambientes en Palermo,246000,USD,380000,ARS,"Serrano 1253, Piso 8","Palermo, Capital Federal",Belgrano Brokers,70.1,3,73.1,3,2,1,,0,Excelente,Contrafrente,8,"laundry, pileta, solarium",2026-05-19,"Departamento de tres ambientes en Serrano al 1200, pleno Palermo. Son dos dormitorios con un baño completo, todo en excelente estado y listo para entrar. La distribución es al contrafrente, lo que le da una tranquilidad única en la zona. Tiene 70 m² cubiertos más un balcón terraza de 3 m² que suma un lindo espacio al aire libre. Sin cochera, pero el edificio cuenta con laundry, pileta y solarium para disfrutar. Ideal para quienes buscan un dos ambientes funcional con buena luminosidad y privacidad.",true,"{""sintetico"": true, ""caso"": null, ""duplicado_de"": null}"
demo-a,demo-00002,https://demo-a.example/aviso/demo-00002,https://demo-a.example/aviso/demo-00002,Departamento 5 ambientes en Belgrano,706000,USD,235000,ARS,Conde 2356,"Belgrano, Capital Federal",Belgrano Brokers,176.3,8,184.3,5,4,3,20,0,Excelente,Contrafrente,1,,2026-07-17,"Departamento de 5 ambientes en el corazón de Belgrano, sobre la calle Conde al 2300. Se trata de un piso 1 con una distribución muy bien lograda, ideal para quien busca espacios amplios y luminosos sin renunciar a la zona. Son 176 m² cubiertos más 8 m² de balcón/terraza, que invitan a despegarse del ruido y sumar un aire libre en plena ciudad. Al contrafrente, el silencio es un gran aliado: se duerme sin molestias y se trabaja con tranquilidad, algo difícil de encontrar en esta zona tan comercial.

Son 4 dormitorios y 3 baños, pensados para una familia grande o para armar un home office con total comodidad. El edificio tiene 20 años de antigüedad, lo que habla de una construcción firme y con buena calidad en sus materiales. Los ambientes son de linda proporción y el detalle del balcón le da un plus a los dormitorios principales. Sin cochera ni amenities, el gasto mensual se mantiene acotado, algo muy valorado en un edificio de esas características. Una oportunidad para meterse en Belgrano sin pagar el precio de las torres nuevas.",true,"{""sintetico"": true, ""caso"": null, ""duplicado_de"": null}"
demo-b,demo-00003,https://demo-b.example/aviso/demo-00003,https://demo-b.example/aviso/demo-00003,Departamento 4 ambientes en Belgrano,482000,USD,518000,ARS,Echeverría 3891,"Belgrano, Capital Federal",Mirador Propiedades,149.4,,149.4,,,,,,,,,,2026-05-31,"Departamento de 4 ambientes en Belgrano, sobre Echeverría al 3800. Al frente, en un piso 6 con ascensor, con 149 m² cubiertos y una distribución muy funcional: 3 dormitorios, 2 baños y living comedor amplio. Tiene 20 años de antigüedad y se destaca por su luz natural al estar al frente. Sin cochera y sin amenities, ideal para quien busca un clásico de buen aprovechamiento en una zona consolidada.

A pasos de los bares y comercios de Echeverría, con buena conectividad y cerca de verdes espacios del barrio. Una linda oportunidad para vivir en Belgrano.",false,"{""sintetico"": true, ""caso"": null, ""duplicado_de"": null}"
demo-a,demo-00004,https://demo-a.example/aviso/demo-00004,https://demo-a.example/aviso/demo-00004,Departamento 4 ambientes en Palermo,415000,USD,490000,ARS,Costa Rica 342,"Palermo, Capital Federal",Inmobiliaria del Parque,93.9,3,96.9,,,,,,,,,"seguridad 24 h, gimnasio",2026-06-25,"Departamento de 4 ambientes en pleno Palermo, sobre la calle Costa Rica al 300, a estrenar y en muy buen estado. Se trata de una unidad interna en el piso 8, con 94 m2 cubiertos más 3 m2 de balcón terraza, ideal para quienes buscan luminosidad y silencio en una de las zonas más buscadas de la ciudad. Los 3 dormitorios son amplios y los 3 baños, todos en perfectas condiciones, hacen que la distribución sea cómoda y aprovechable. La seguridad 24 horas y el gimnasio suman un plus para el día a día, pensado para quienes valoran la practicidad sin resignar comodidad. La orientación y la disposición de los ambientes le dan una muy buena sensación de espacio, y al ser una unidad interna en un piso alto, se disfruta de una vista despejada y mucha tranquilidad.

La propiedad está impecable, lista para habitar, y se destaca por su estado general: terminaciones cuidadas y un diseño pensado para que no haya que tocar nada. Al ser a estrenar, la entrega es inmediata y sin sorpresas. El edificio cuenta con seguridad las 24 horas, así que la zona común es un plus para tu tranquilidad. Si buscás un departamento canchero, con buena onda de Palermo pero sin el ruido de la calle, este es el indicado. Sin dudas, una oportunidad única para vivir en un lugar bien ubicado, con todo cerca y en un octavo piso que se siente privado.",false,"{""sintetico"": true, ""caso"": null, ""duplicado_de"": null}"
demo-b,demo-00005,https://demo-b.example/aviso/demo-00005,https://demo-b.example/aviso/demo-00005,Departamento 2 ambientes en Palermo,204000,USD,471000,ARS,Cabello 5893,"Palermo, Capital Federal",Belgrano Brokers,50.5,5,55.5,,,,,,,,,"laundry, sum",2026-09-03,"Departamento en Cabello al 5800, pleno corazón de Palermo. Son 50 metros cuadrados cubiertos más 5 de balcón terraza, ideales para disfrutar al aire libre sin salir de casa. Cuenta con un dormitorio, un baño completo y un ambiente living comedor que se integran de forma funcional, todo en un solo nivel y con ascensor.

El edificio ofrece amenities pensados para la comodidad: lavadero común y SUM para reuniones o eventos. Incluye una cochera cubierta, un plus que en esta zona se valora particularmente. Una muy buena oportunidad para quienes buscan ubicación y servicios en uno de los barrios más buscados de la Ciudad.",false,"{""sintetico"": true, ""caso"": null, ""duplicado_de"": null}"
demo-a,demo-00006,https://demo-a.example/aviso/demo-00006,https://demo-a.example/aviso/demo-00006,Departamento 1 ambientes en Belgrano,168000,USD,426000,ARS,"Olazábal 4534, Piso 7","Belgrano, Capital Federal",Mirador Propiedades,33.3,,33.3,1,0,1,0,1,A Estrenar,Frente,7,,2026-06-24,"Departamento a estrenar en pleno Belgrano, sobre Olazábal al 4500, una zona que combina la tranquilidad residencial con la cercanía a los bares y comercios de la Av. Cabildo. Se trata de un luminoso ambiente al frente, ideal para quienes buscan su primer hogar o una inversión segura en una de las mejores ubicaciones de la Ciudad. Con 33 m² cubiertos, el layout está muy bien aprovechado: living comedor integrado, cocina equipada y baño completo. Además, incluye cochera propia, un lujo que escasea en la zona y que suma muchísimo valor.

Al ser un edificio a estrenar, sin amenities, se destaca por su bajo costo de mantenimiento. El detalle es que es sin ascensor, algo típico de las construcciones de pocos pisos en el barrio, pero que no resta comodidad. La entrega estimada está pautada para los próximos meses, y las fotos que ves son del modelo de exhibición, no del departamento real. Es una oportunidad única para mudarse a un 1 ambiente moderno, con buena orientación al frente y en pleno crecimiento. Consultá por este desarrollo en construcción, ideal para vivir solo o alquilar.",true,"{""sintetico"": true, ""caso"": ""pozo"", ""duplicado_de"": null}"
demo-a,demo-00007,https://demo-a.example/aviso/demo-00007,https://demo-a.example/aviso/demo-00007,Departamento 4 ambientes en Belgrano,469000,USD,,,"Zapiola 1794, Piso 7","Belgrano, Capital Federal",Grupo Arcos,107.2,,107.2,4,3,2,,0,Excelente,,7,"solarium, laundry, gimnasio",2026-06-08,"Departamento de 4 ambientes en pleno Belgrano, sobre Zapiola al 1700, a metros de todo pero en una zona tranquila y arbolada. Se trata de un piso 7 con ascensor, luminoso y con una muy buena distribución para aprovechar cada metro de sus 107 m² cubiertos. Al entrar, el living comedor se despega de la zona de dormitorios, lo que da privacidad: son tres dormitorios, dos de ellos amplios y con placares, y dos baños completos. La cocina, con dependencia de servicio, es cómoda y funcional.

El edificio cuenta con amenities que se agradecen: solarium para tomar aire sin salir de casa, laundry y un gimnasio equipado para no abandonar la rutina. Está en excelente estado, listo para mudarse y ponerle el toque personal. Sin cochera, pero con la suerte de tener a dos pasos colegios, plazas, subte y los comercios de la avenida. Ideal para quienes buscan un departamento bien puesto, en un piso alto y con todo el confort de un edificio moderno. Una oportunidad concreta para vivir en uno de los barrios más lindos de la ciudad.",true,"{""sintetico"": true, ""caso"": null, ""duplicado_de"": null}"
demo-b,demo-00008,https://demo-b.example/aviso/demo-00008,https://demo-b.example/aviso/demo-00008,Departamento 3 ambientes en Palermo,365000,USD,221000,ARS,"Honduras 2684, Piso 9","Palermo, Capital Federal",Norte Propiedades,62.6,,62.6,3,2,1,0,0,Excelente,,9,,2026-08-01,"Departamento de 3 ambientes en Palermo, sobre Honduras al 2600, con 63 m² cubiertos. Es a estrenar, en excelente estado, y cuenta con ascensor. Dispone de dos dormitorios, un baño completo y espacios bien distribuidos. Ideal para quienes buscan un hogar moderno en una de las zonas más buscadas de la ciudad, sin cochera ni amenities, pero con todo lo necesario para vivir cómodamente. Una oportunidad única en pleno corazón de Palermo.",true,"{""sintetico"": true, ""caso"": null, ""duplicado_de"": null}"
demo-a,demo-00009,https://demo-a.example/aviso/demo-00009,https://demo-a.example/aviso/demo-00009,Departamento 3 ambientes en Palermo,401000,USD,478000,ARS,Nicaragua 3365,"Palermo, Capital Federal",Mirador Propiedades,78.1,12,90.1,3,2,1,,0,Excelente,,9,seguridad 24 h,2026-07-18,"Departamento de 3 ambientes en Palermo, Nicaragua al 3300, con 78 m² cubiertos más 12 m² de balcón terraza. Se trata de un piso 9 en excelente estado, con dos dormitorios, un baño completo y una distribución muy funcional. El edificio cuenta con seguridad las 24 horas, ideal para quienes buscan tranquilidad en una zona llena de vida. Sin cochera, pero con fácil acceso a transporte y servicios. Una oportunidad para disfrutar de un hogar cuidado y bien ubicado en el corazón de Palermo.",true,"{""sintetico"": true, ""caso"": null, ""duplicado_de"": null}"
demo-b,demo-00010,https://demo-b.example/aviso/demo-00010,https://demo-b.example/aviso/demo-00010,Departamento 4 ambientes en Belgrano,286000,USD,247000,ARS,"Montañeses 2775, Piso 7","Belgrano, Capital Federal",Mirador Propiedades,96.5,12,108.5,4,3,3,0,0,Excelente,,7,,2026-07-12,"Departamento de 4 ambientes a estrenar en Montañeses al 2700, pleno corazón de Belgrano. En el piso 7, con 96 m² cubiertos más 12 m² de balcón terraza, este inmueble se entrega en excelente estado y con una fluidez de espacios que invita a habitarlo desde el primer día. Los 3 dormitorios, todos con holgura, y sus 3 baños lo convierten en una opción contundente para quien busca comodidad sin resignar categoría.

La distribución es clásica y funcional, con un living comedor de buen frente que se integra al balcón, ideal para despegarse del ruido sin perder la cercanía a los bares y plazas del barrio. Al ser a estrenar, no hay que pensar en refacciones: se recibe impecable, con terminaciones modernas y pensadas para el uso diario. Sin cochera ni amenities, el mantenimiento se vuelve más liviano, algo que se agradece en una zona cada vez más buscada. Una oportunidad concreta para invertir o mudarse a un piso 7 con vista despejada, en una de las calles más arboladas de Belgrano.",true,"{""sintetico"": true, ""caso"": null, ""duplicado_de"": null}"
demo-b,demo-00011,https://demo-b.example/aviso/demo-00011,https://demo-b.example/aviso/demo-00011,Departamento 2 ambientes en Belgrano,120000,USD,382000,ARS,"Virrey del Pino 2472, Piso 6","Belgrano, Capital Federal",Grupo Arcos,41.0,,41.0,2,1,1,0,0,A Estrenar,,6,,2026-08-13,"Departamento a estrenar en pleno Belgrano, sobre Virrey del Pino al 2400, en un piso 6 con ascensor. Se trata de un dos ambientes muy bien resueltos, con un dormitorio y un baño completo, en sus 41 m² cubiertos. Ideal para quienes buscan estrenar en una zona consolidada, con todos los servicios a la vuelta de la esquina y muy bien conectado con el resto de la ciudad. Al no contar con cochera ni amenities, el edificio mantiene expensas accesibles, pensado para quien valora la ubicación y la funcionalidad por sobre los lujos.

El departamento a estrenar se encuentra en plena etapa de obra, con una entrega estimada para los próximos meses. Las fotos que se ven corresponden al modelo de referencia, por lo que el resultado final puede variar levemente. Es una oportunidad ideal para comprar en pozo y asegurarse un valor de propiedad en una de las zonas más buscadas de la Ciudad. Consultá por planes de financiación y no dejes pasar esta chance de tener tu primer departamento o una inversión con gran proyección.",true,"{""sintetico"": true, ""caso"": ""pozo"", ""duplicado_de"": null}"
demo-a,demo-00013,https://demo-a.example/aviso/demo-00013,https://demo-a.example/aviso/demo-00013,Departamento 3 ambientes en Palermo,274000,USD,,,Fitz Roy 5576,"Palermo, Capital Federal",Estudio Lacroze,69.3,8,77.3,,,,,,,,,"seguridad 24 h, gimnasio, solarium",2026-07-26,"Departamento de 3 ambientes en Fitz Roy al 5500, Palermo, CABA. Está a estrenar, en piso 7 con ascensor, y cuenta con 69 m² cubiertos más 8 m² de balcón terraza. Tiene dos dormitorios, un baño y presenta buen estado general. El edificio ofrece amenities como seguridad 24 h, gimnasio y solarium, ideal para quienes buscan comodidad en una zona con todos los servicios. Sin cochera.",false,"{""sintetico"": true, ""caso"": null, ""duplicado_de"": null}"
demo-a,demo-00014,https://demo-a.example/aviso/demo-00014,https://demo-a.example/aviso/demo-00014,Departamento 2 ambientes en Palermo,130000,USD,302000,ARS,Godoy Cruz 4528,"Palermo, Capital Federal",Sur & Asociados,56.3,,56.3,,,,,,,,,pileta,2026-05-22,"Departamento de 2 ambientes y 1 dormitorio en el corazón de Palermo, sobre Godoy Cruz al 4500. Se trata de una unidad de 56 m² cubiertos, ubicada en un piso 8 y al contrafrente, lo que garantiza silencio y buena luminosidad durante todo el día. La distribución es funcional: living comedor con paso al balcón, cocina independiente con posibilidad de integración, y un baño completo. La propiedad se entrega a refaccionar, ideal para quien quiera ponerle su sello personal y dejar el departamento a nuevo a su gusto.

El edificio cuenta con pileta en el terraza, perfecta para los días de calor porteño. Sin lugar a dudas, una oportunidad única para invertir o para vivir en una de las zonas más buscadas de la ciudad, con todos los comercios, bares y medios de transporte a pocos metros. La orientación contrafrente y la altura del piso 8 suman privacidad y una vista despejada. Un dato a tener en cuenta: la propiedad requiere de una puesta en valor general, pero su potencial es enorme. Ideal para aquellos que buscan un dos ambientes con amenities en Palermo a un valor de ingreso atractivo, y que estén dispuestos a invertir en refacciones para lograr el hogar soñado.",false,"{""sintetico"": true, ""caso"": null, ""duplicado_de"": null}"
demo-a,demo-00015,https://demo-a.example/aviso/demo-00015,https://demo-a.example/aviso/demo-00015,Departamento 3 ambientes en Palermo,214000,USD,276000,ARS,"Fitz Roy 2323, Piso 15","Palermo, Capital Federal",Grupo Arcos,68.7,,68.7,3,2,1,60,0,A Refaccionar,,15,"gimnasio, solarium, sum, parrilla, laundry",2026-05-15,"Departamento de 3 ambientes en Fitz Roy al 2300, Palermo. Con 69 m² cubiertos, cuenta con 2 dormitorios, living comedor y cocina, más un baño completo. Se encuentra en piso 15, con una vista que aprovecha la altura del edificio. La propiedad tiene 60 años de antigüedad y se entrega a refaccionar, ideal para quienes buscan ponerle su propio sello. El edificio ofrece amenities como gimnasio, solarium, SUM, parrilla y laundry, perfectos para disfrutar sin salir de casa. Sin cochera. Una oportunidad única en una de las zonas más buscadas de Palermo.",true,"{""sintetico"": true, ""caso"": null, ""duplicado_de"": null}"
demo-a,demo-00016,https://demo-a.example/aviso/demo-00016,https://demo-a.example/aviso/demo-00016,Departamento 3 ambientes en Belgrano,305000,USD,240000,ARS,Migueletes 4941,"Belgrano, Capital Federal",Estudio Lacroze,88.8,3,91.8,,,,,,,,,,2026-07-04,"Departamento de 3 ambientes en alquiler en el corazón de Belgrano, sobre Migueletes al 4900. Se trata de un inmueble en excelente estado, con 89 m² cubiertos más un balcón terraza de 3 m². Está ubicado en un piso 2, sin ascensor, lo que le da una tranquilidad extra y mucho más privacidad. Cuenta con dos dormitorios amplios, un baño completo y un living comedor de buenas dimensiones, con buena distribución y luz. Todo el interior se conserva impecable, listo para vivir sin necesidad de reformas. La zona es de las más buscadas del barrio, con todos los servicios a la mano, comercios, transporte y espacios verdes cerca. Ideal para parejas o chicos que quieran independizarse. Sin cochera y sin amenities, pero con un edificio tranquilo y bien mantenido. Consultá por visitas.",false,"{""sintetico"": true, ""caso"": null, ""duplicado_de"": null}"
demo-a,demo-00017,https://demo-a.example/aviso/demo-00017,https://demo-a.example/aviso/demo-00017,Departamento 1 ambientes en Palermo,123000,USD,241000,ARS,"Fitz Roy 2019, Piso 10","Palermo, Capital Federal",Mirador Propiedades,32.1,1.5,33.6,1,0,1,25,0,Muy Bueno,Frente,10,"laundry, parrilla, seguridad 24 h, solarium, gimnasio",2026-05-30,"Departamento de 1 ambiente en Palermo, sobre Fitz Roy al 2000, al frente, piso 10 con ascensor. Muy buen estado, 32 m² cubiertos más 2 m² de balcón terraza. El edificio tiene 25 años de antigüedad y cuenta con laundry, parrilla, seguridad 24 horas, solarium y gimnasio. Una oportunidad única para quienes buscan vivir en una de las zonas más lindas de la Ciudad.",true,"{""sintetico"": true, ""caso"": null, ""duplicado_de"": null}"
demo-b,demo-00018,https://demo-b.example/aviso/demo-00018,https://demo-b.example/aviso/demo-00018,Departamento 1 ambientes en Palermo,124000,USD,241000,ARS,"Fitz Roy 2000, Piso 10","Palermo, Capital Federal",Casa Nueva Negocios Inmobiliarios,33.2,1.5,34.7,1,0,1,,0,Muy Bueno,Frente,10,"laundry, parrilla, seguridad 24 h, solarium, gimnasio",2026-05-30,"Departamento de 1 ambiente en el corazón de Palermo, sobre Fitz Roy al 2000. Está en un piso 10, al frente, con una luminosidad y vista que se disfrutan todo el día. Son 33 m² cubiertos más 2 m² de balcón terraza, todo en muy buen estado y listo para habitar. Al ser al frente, cada ambiente se siente más amplio y ventilado. El edificio cuenta con ascensor, seguridad 24 horas, laundry, parrilla, solarium y gimnasio, ideales para sumar confort sin moverte de casa. Sin cochera. Un unitario pensado para quienes buscan calidad de vida en una de las zonas más conectadas de la ciudad.",true,"{""sintetico"": true, ""caso"": null, ""duplicado_de"": ""demo-00017""}"
demo-a,demo-00019,https://demo-a.example/aviso/demo-00019,https://demo-a.example/aviso/demo-00019,Departamento 2 ambientes en Palermo,159000,USD,,,Nicaragua 531,"Palermo, Capital Federal",Norte Propiedades,49.6,,49.6,,,,,,,,,"seguridad 24 h, sum, solarium, laundry, gimnasio",2026-06-23,"Departamento de 2 ambientes en pleno corazón de Palermo, sobre la calle Nicaragua al 500, en un edificio con seguridad 24 horas y una serie de amenities que se agradecen en la ciudad. Son 50 metros cuadrados de superficie cubierta, ideales para una pareja que busque comodidad y buena ubicación. El estar está muy bien proporcionado y el dormitorio es amplio, con buena distribución para aprovechar cada rincón. La cocina es pasante y el baño completo.

Se destaca el edificio, que cuenta con sum y solarium para los días de calor, además de laundry y gimnasio, pensado para no tener que moverte de tu propio bloque. Sin lugar a dudas, un plus que suma calidad de vida. El departamento está en excelente estado, listo para habitar sin hacer reformas, ya que se nota que está bien mantenido y con detalles cuidados.

La zona es inmejorable: rodeada de bares, restaurantes y medios de transporte, con la vida de Palermo a la vuelta de la esquina. Un dos ambientes perfecto para estrenar o para invertir, en una de las calles más buscadas del barrio. Consultanos por la visita, atenderte es nuestro trabajo.",false,"{""sintetico"": true, ""caso"": null, ""duplicado_de"": null}"
demo-a,demo-00020,https://demo-a.example/aviso/demo-00020,https://demo-a.example/aviso/demo-00020,Departamento 2 ambientes en Palermo,142000,USD,,,Gorriti 3665,"Palermo, Capital Federal",Casa Nueva Negocios Inmobiliarios,40.9,8,48.9,,,,,,,,,"sum, seguridad 24 h",2026-07-24,"Departamento de 2 ambientes en pleno Palermo, sobre la calle Gorriti al 3600, a metros de todo. Con una distribución prolija, cuenta con living comedor, un dormitorio en excelente lay-out y un baño completo. Son 41 m² cubiertos, que se ven potenciados por una terraza balcón de 8 m² ideal para despegarse del bullicio sin salir de tu casa. La seguridad es un punto a favor: el edificio cuenta con seguridad 24 horas, lo que te da tranquilidad las 24 horas. Además, el sum es un golazo para recibir amigos o simplemente relajarse después de una jornada intensa.

Pensado para quien busca comodidad y buena ubicación, este dos ambientes es perfecto como refugio urbano o para sumar inversión. Al no tener cochera, igual te manejás caminando por una de las zonas más vibrantes de la Ciudad. La propiedad se entrega en perfectas condiciones para habitar, lista para que la hagas tuya. Si estás buscando dar el salto a Palermo con un inmueble de carácter, esta es tu oportunidad. Consultanos por visita, coordinamos sin compromiso.",false,"{""sintetico"": true, ""caso"": null, ""duplicado_de"": null}"
demo-a,demo-00021,https://demo-a.example/aviso/demo-00021,https://demo-a.example/aviso/demo-00021,Departamento 3 ambientes en Palermo,237000,USD,399000,ARS,"Fitz Roy 4613, Piso 7","Palermo, Capital Federal",Casa Nueva Negocios Inmobiliarios,86.0,12,98.0,3,2,1,,0,Excelente,,7,seguridad 24 h,2026-07-18,"Se vende departamento de 3 ambientes en Fitz Roy al 4600, Palermo, CABA. Está en el piso 7 y cuenta con 86 m² cubiertos más 12 m² de balcón/terraza. Consta de dos dormitorios, un baño y un living comedor. No incluye cochera y tiene seguridad 24 h.

Aprovechá esta oportunidad en Palermo y consultá por esta unidad. Por más información o para coordinar una visita, escribinos y te pasamos los detalles.",true,"{""sintetico"": true, ""caso"": null, ""duplicado_de"": null}"
demo-b,demo-00022,https://demo-b.example/aviso/demo-00022,https://demo-b.example/aviso/demo-00022,Departamento 2 ambientes en Belgrano,103000,USD,330000,ARS,"Zabala 1820, Piso 12","Belgrano, Capital Federal",Norte Propiedades,46.5,8,54.5,2,1,1,,0,A Refaccionar,Contrafrente,12,"gimnasio, sum",2026-07-19,"Departamento de 2 ambientes y 1 dormitorio en excelente zona de Belgrano, sobre Zabala al 1800. Se trata de una unidad al contrafrente, ideal para quienes buscan silencio y luminosidad dentro de la ciudad. Con 46 m² cubiertos más 8 m² de balcón terraza, el ambiente se potencia con un living comedor de muy linda proporción y una galería que invita a desayunar al aire libre. La cocina es independiente y el baño completo, ambos a refaccionar, lo que permite dejar el sello personal en cada detalle. El edificio cuenta con ascensor y está en un punto estratégico, cerca de los principales medios de transporte, plazas y una gran variedad de comercios.

La propiedad es perfecta como inversión o para vivir en pareja, aprovechando los amenities del edificio: gimnasio y SUM. Al estar al contrafrente, se disfruta de un descanso sin los ruidos habituales de la avenida. Sin lugar a dudas, una oportunidad para quienes valoran la zona y buscan un proyecto a medida. Para coordinar la visita, no dudes en contactarnos.",true,"{""sintetico"": true, ""caso"": null, ""duplicado_de"": null}"
demo-b,demo-00023,https://demo-b.example/aviso/demo-00023,https://demo-b.example/aviso/demo-00023,Departamento 1 ambientes en Palermo,72000,USD,521000,ARS,Gurruchaga 1698,"Palermo, Capital Federal",Inmobiliaria del Parque,28.9,2.5,31.4,,,,,,,,,seguridad 24 h,2026-08-23,"Departamento en venta en pleno Palermo, sobre Gurruchaga al 1600. Es un monoambiente de 29 m² cubiertos más un balcón terraza de 2 m², al contrafrente, lo que garantiza un ambiente bien tranquilo y luminoso sin el ruido de la avenida. El edificio tiene 60 años de antigüedad pero el departamento está en buen estado general, listo para habitar o para invertir. Cuenta con un baño completo y seguridad las 24 horas, un plus que siempre suma en una zona tan demandada. Sin cochera. Ideal para quienes buscan un pie en Palermo con buena relación entre espacio y ubicación.",false,"{""sintetico"": true, ""caso"": null, ""duplicado_de"": null}"
demo-a,demo-00024,https://demo-a.example/aviso/demo-00024,https://demo-a.example/aviso/demo-00024,Departamento 3 ambientes en Belgrano,233000,USD,525000,ARS,"Cuba 1850, Piso 10","Belgrano, Capital Federal",Casa Nueva Negocios Inmobiliarios,94.6,5,99.6,3,2,1,,0,Muy Bueno,Interno,10,parrilla,2026-08-20,"Departamento en Belgrano, sobre la calle Cuba al 1800, piso 10. Unidad interna, luminosa y silenciosa, con 95 m² cubiertos más 5 m² de balcón terraza. Consta de tres ambientes: living comedor amplio, cocina independiente, dos dormitorios y un baño completo. Está en muy buen estado, listo para habitar. El edificio cuenta con parrilla de uso común. Ideal para quienes buscan ubicación y confort en uno de los barrios más cotizados de la Ciudad. Sin cochera.",true,"{""sintetico"": true, ""caso"": null, ""duplicado_de"": null}"
demo-a,demo-00025,https://demo-a.example/aviso/demo-00025,https://demo-a.example/aviso/demo-00025,Departamento 3 ambientes en Belgrano,243000,USD,,,"Virrey del Pino 4644, Piso 10","Belgrano, Capital Federal",Casa Nueva Negocios Inmobiliarios,96.7,3,99.7,3,2,1,,0,Excelente,,10,"solarium, seguridad 24 h",2026-07-29,"Departamento de tres ambientes en Belgrano, Virrey del Pino al 4600. Son dos dormitorios, un baño y un living comedor amplio, con una superficie cubierta de 97 m² más un balcón terraza de 3 m². Está en piso 10, en excelente estado, listo para habitar. El edificio cuenta con solarium y seguridad las 24 horas. Ideal para quien busca un hogar bien ubicado, con buena luz y vistas despejadas, sin necesidad de cochera. Una oportunidad concreta en uno de los barrios más buscados de la ciudad.",true,"{""sintetico"": true, ""caso"": null, ""duplicado_de"": null}"
demo-a,demo-00026,https://demo-a.example/aviso/demo-00026,https://demo-a.example/aviso/demo-00026,Departamento 3 ambientes en Belgrano,154000,USD,366000,ARS,"Juramento 2815, Piso 1","Belgrano, Capital Federal",Belgrano Brokers,65.1,,65.1,3,2,1,0,0,Excelente,Frente,1,"gimnasio, laundry",2026-04-29,"Departamento a estrenar en Belgrano, Juramento al 2800, una oportunidad única en una de las zonas más buscadas de la ciudad. Está en el piso 1, al frente, con una luminosidad que se disfruta todo el día y una distribución de 3 ambientes que incluye 2 dormitorios y un baño completo en excelente estado. Con 65 m² bien aprovechados, es ideal tanto para quienes arrancan como para quienes buscan bajar de superficie sin perder calidad de vida.

El edificio cuenta con gimnasio y laundry, pensado para sumar practica al día a día, aunque no tiene cochera. Al ser a estrenar, los terminaciones y detalles están impecables, listo para habitar sin necesidad de reformas. Una oportunidad concreta para vivir en Belgrano con todo lo necesario a mano, en un ambiente moderno y cuidado.",true,"{""sintetico"": true, ""caso"": null, ""duplicado_de"": null}"
demo-a,demo-00027,https://demo-a.example/aviso/demo-00027,https://demo-a.example/aviso/demo-00027,Departamento 3 ambientes en Belgrano,264000,USD,296000,ARS,Freire 515,"Belgrano, Capital Federal",Estudio Lacroze,78.5,3,81.5,,,,,,,,,,2026-08-01,"Departamento de 3 ambientes en Belgrano, sobre Freire al 500, con 78 m² cubiertos más 3 m² de balcón terraza. Se trata de un piso 5 con muy buen estado y apenas 5 años de antigüedad, ideal para quienes buscan un hogar moderno y cuidado. Cuenta con dos dormitorios, un baño completo y espacios bien distribuidos, todo en un edificio sin cochera ni amenities, perfecto para quienes valoran la ubicación y la funcionalidad. Una oportunidad para vivir en una de las zonas más buscadas de la ciudad, con todos los servicios a mano y una excelente relación entre superficie y confort.",false,"{""sintetico"": true, ""caso"": null, ""duplicado_de"": null}"
demo-a,demo-00028,https://demo-a.example/aviso/demo-00028,https://demo-a.example/aviso/demo-00028,Departamento 1 ambientes en Palermo,133000,USD,449000,ARS,Paraguay 4803,"Palermo, Capital Federal",Belgrano Brokers,30.7,,30.7,,,,,,,,,,2026-06-05,"Departamento de un ambiente al frente en pleno corazón de Palermo, sobre la calle Paraguay al 4800. Ideal para quienes buscan inversión o un refugio urbano con excelente ubicación, a metros de bares, restaurantes y medios de transporte. La unidad tiene 31 metros cuadrados cubiertos, con un baño completo. Su distribución es aprovechable y luminosa, pensada para el día a día en la ciudad. Al ser al frente, la cocina y el living se integran en un solo espacio con buena ventilación. Sin cochera, pero con la ventaja de tener todo a mano. Una oportunidad concreta para entrar en el mercado de Palermo sin moverte de la zona más vibrante de Buenos Aires. Consultanos por la visita.",false,"{""sintetico"": true, ""caso"": null, ""duplicado_de"": null}"
demo-a,demo-00029,https://demo-a.example/aviso/demo-00029,https://demo-a.example/aviso/demo-00029,Departamento 1 ambientes en Palermo,153000,USD,213000,ARS,Bonpland 736,"Palermo, Capital Federal",Mirador Propiedades,36.1,,36.1,1,0,1,40,0,Excelente,Frente,,,2026-07-05,"Departamento de 1 ambiente en Bonpland al 700, Palermo. Al frente, con ascensor y 40 años de antigüedad, se presenta en excelente estado. Son 36 m² cubiertos, con un baño completo y una distribución que aprovecha cada metro. Ideal para quienes buscan un primer hogar o una inversión segura en una de las zonas más buscadas de la ciudad. Sin cochera ni amenities, pero con todo lo necesario a la vuelta de la esquina. Consultá por visita.",true,"{""sintetico"": true, ""caso"": null, ""duplicado_de"": null}"
demo-b,demo-00030,https://demo-b.example/aviso/demo-00030,https://demo-b.example/aviso/demo-00030,Departamento 2 ambientes en Palermo,147000,USD,,,"Juncal 2292, Piso 9","Palermo, Capital Federal",Sur & Asociados,45.7,5,50.7,2,1,1,40,1,Bueno,Frente,9,"pileta, seguridad 24 h",2026-05-07,"Departamento de 2 ambientes en pleno Palermo, sobre la calle Juncal al 2200, ideal para quienes buscan estar cerca de todo. Al frente, en un piso 9 con ascensor, con una muy linda vista y mucha luz natural durante todo el día. Son 46 metros cuadrados cubiertos más 5 de balcón terraza, que se aprovechan muy bien para desayunar al sol o leer un libro. El living comedor es amplio y se integra a la perfección con el detalle del balcón. El dormitorio es cómodo, con buena medida para una cama de dos plazas y placar. El baño completo está en buen estado general y la cocina es práctica, con espacio para lavarropas y heladera con freezer.

El edificio tiene 40 años de antigüedad, pero está bien mantenido, con seguridad 24 horas y pileta en el piso superior, un lujo en pleno corredor urbano. Incluye cochera fija, algo muy difícil de conseguir por esta zona. La ubicación es inmejorable: cercano a los bosques de Palermo, a los subtes, a los bares de moda y a los shoppings. Ideal tanto para invertir como para vivir en pareja. Los ambientes son prolijos y el edificio cuenta con encargado. Una oportunidad concreta para estrenar o mudarse ya. Coordiná una visita, se atiende de lunes a sábados.",true,"{""sintetico"": true, ""caso"": null, ""duplicado_de"": null}"
demo-a,demo-00031,https://demo-a.example/aviso/demo-00031,https://demo-a.example/aviso/demo-00031,Departamento 2 ambientes en Belgrano,124000,USD,,,"Freire 1771, Piso 3","Belgrano, Capital Federal",Norte Propiedades,54.7,,54.7,2,1,1,,0,Bueno,Contrafrente,3,,2026-06-24,"Departamento de 2 ambientes en Belgrano, sobre Freire al 1700. Con 55 m² cubiertos bien aprovechados, cuenta con un dormitorio, un baño completo y un living-comedor que se integra a una cocina separada. Se ubica al contrafrente, lo que garantiza un ambiente tranquilo y silencioso, ideal para quienes buscan descansar sin ruidos de la calle. La zona es inmejorable: cerca de las principales avenidas, subtes, comercios y el barrio más residencial de la Ciudad. Sin cochera ni amenities, pero con todo lo necesario para vivir cómodo. Una oportunidad para quienes priorizan la ubicación y la privacidad. Consultá por visitas.",true,"{""sintetico"": true, ""caso"": null, ""duplicado_de"": null}"
demo-a,demo-00032,https://demo-a.example/aviso/demo-00032,https://demo-a.example/aviso/demo-00032,Departamento 3 ambientes en Belgrano,258000,USD,,,"3 de Febrero 3935, Piso 3","Belgrano, Capital Federal",Casa Nueva Negocios Inmobiliarios,80.8,,80.8,3,2,1,0,0,A Estrenar,Frente,3,"parrilla, solarium, sum",2026-08-19,"Departamento a estrenar en pleno Belgrano, sobre la avenida 3 de Febrero al 3900, una ubicación que combina la tranquilidad del barrio con la cercanía a todo. Se trata de un tres ambientes muy bien distribuido, al frente, con dos dormitorios y un baño completo. Son 81 metros cuadrados de superficie cubierta que se aprovechan al máximo, con ambientes luminosos y pensados para vivir cómodo. Al ser a estrenar, vas a poder estrenar cada rincón y disfrutar de terminaciones modernas sin tener que hacer nada.

El edificio cuenta con ascensor, algo que se agradece en el día a día, y ofrece amenities pensados para el disfrute sin salir de casa: un solarium ideal para tomar sol, una parrilla para juntarte con amigos y un sum para eventos o reuniones familiares. No incluye cochera, pero al estar tan bien ubicado, tenés transporte y todos los servicios a pocos metros. Una oportunidad concreta para quienes buscan un departamento a estrenar en una de las zonas más lindas de la ciudad, con todo lo necesario para mudarse ya.",true,"{""sintetico"": true, ""caso"": null, ""duplicado_de"": null}"
demo-a,demo-00033,https://demo-a.example/aviso/demo-00033,https://demo-a.example/aviso/demo-00033,Departamento 3 ambientes en Palermo,242000,USD,469000,ARS,Bulnes 2001,"Palermo, Capital Federal",Mirador Propiedades,67.1,8,75.1,3,2,1,,0,Excelente,Interno,2,,2026-07-03,"Departamento de 3 ambientes en Bulnes al 2000, Palermo. Con 67 m² cubiertos más 8 m² de balcón/terraza, es una unidad interna que garantiza privacidad y silencio. El inmueble está en excelente estado, listo para habitar sin necesidad de reformas. Cuenta con dos dormitorios amplios, un baño completo y livings comedor bien diferenciados. Sin ascensor, es ideal para quienes buscan un hogar funcional en una zona que lo tiene todo: cerca de bares, subte y parques. Sin cochera ni amenities.",true,"{""sintetico"": true, ""caso"": null, ""duplicado_de"": null}"
demo-a,demo-00034,https://demo-a.example/aviso/demo-00034,https://demo-a.example/aviso/demo-00034,Departamento 4 ambientes en Palermo,445000,USD,,,"Ravignani 4485, Piso 9","Palermo, Capital Federal",Grupo Arcos,127.3,,127.3,4,3,2,20,0,Muy Bueno,Frente,9,solarium,2026-04-19,"Departamento de 4 ambientes en Palermo, Ravignani al 4400, muy bien ubicado, a metros de los bosques y con buena conexión. Son 127 m² cubiertos, distribuidos en living comedor, cocina separada, tres dormitorios y dos baños completos. Es al frente, así que entra mucha luz natural, y está en un piso 9, lo que da una vista abierta y mucha tranquilidad. El edificio tiene 20 años de antigüedad y cuenta con solarium en la terraza. No tiene cochera, pero la zona ofrece varias opciones cercanas. Ideal para quienes buscan un departamento amplio, bien iluminado y en uno de los barrios más buscados de la ciudad.",true,"{""sintetico"": true, ""caso"": null, ""duplicado_de"": null}"
demo-a,demo-00035,https://demo-a.example/aviso/demo-00035,https://demo-a.example/aviso/demo-00035,Departamento 2 ambientes en Palermo,228000,USD,335000,ARS,"Bulnes 1308, Piso 1","Palermo, Capital Federal",Estudio Lacroze,52.0,12,64.0,2,1,1,5,0,Bueno,Frente,1,seguridad 24 h,2026-04-20,"Departamento de 2 ambientes en Bulnes al 1300, Palermo, al frente, con ascensor y buena luminosidad. Tiene 52 m² cubiertos más 12 m² de balcón terraza, todo en muy buen estado general. La unidad cuenta con un dormitorio amplio, un baño completo y un living comedor que se integra con la cocina. La terraza es un plus ideal para disfrutar al aire libre. El edificio tiene 5 años de antigüedad y seguridad las 24 horas, lo que brinda tranquilidad. Sin cochera. Ubicación privilegiada cerca de bares, restaurantes y transporte público.",true,"{""sintetico"": true, ""caso"": null, ""duplicado_de"": null}"
demo-b,demo-00036,https://demo-b.example/aviso/demo-00036,https://demo-b.example/aviso/demo-00036,Departamento 3 ambientes en Palermo,277000,USD,354000,ARS,"Ravignani 3770, Piso 4","Palermo, Capital Federal",Mirador Propiedades,87.3,,87.3,3,2,1,20,0,Bueno,Contrafrente,4,,2026-05-27,"Departamento de 3 ambientes en Palermo, sobre Ravignani al 3700. Piso 4 con ascensor, al contrafrente, lo que garantiza mucha tranquilidad. Tiene 87 m² cubiertos, distribuidos en living-comedor, cocina, dos dormitorios y un baño completo. El edificio tiene 20 años de antigüedad y se encuentra en una zona muy bien conectada, cerca de parques, comercios y transporte. Sin cochera ni amenities, pero con todos los servicios. Se acepta permuta por otra unidad o financiación en cuotas a convenir.",true,"{""sintetico"": true, ""caso"": ""permuta"", ""duplicado_de"": null}"
demo-a,demo-00037,https://demo-a.example/aviso/demo-00037,https://demo-a.example/aviso/demo-00037,Departamento 3 ambientes en Palermo,211000,USD,334000,ARS,Malabia 3289,"Palermo, Capital Federal",Casa Nueva Negocios Inmobiliarios,69.0,5,74.0,,,,,,,,,"laundry, gimnasio, solarium",2026-07-21,"Departamento de 3 ambientes en el corazón de Palermo, sobre Malabia al 3200. Con 69 m² cubiertos más 5 m² de balcón terraza, muy bien distribuido en dos dormitorios, living comedor amplio y cocina separada. El baño completo está en muy buen estado, al igual que el resto de la unidad. El edificio cuenta con ascensor y amenities de primer nivel: laundry, gimnasio y solarium. Sin cochera, pero con excelente conectividad y todos los servicios a la vuelta. Es una oportunidad única con precio promocional por tiempo limitado, ideal tanto para inversión como para vivir en una de las zonas más buscadas de la ciudad. Consultá ya mismo, no se consigue algo así todos los días.",false,"{""sintetico"": true, ""caso"": ""promocional"", ""duplicado_de"": null}"
demo-a,demo-00038,https://demo-a.example/aviso/demo-00038,https://demo-a.example/aviso/demo-00038,Departamento 2 ambientes en Palermo,168000,USD,204000,ARS,"Serrano 5267, Piso 10","Palermo, Capital Federal",Grupo Arcos,44.2,3,47.2,2,1,1,5,0,Bueno,,10,"parrilla, laundry, solarium, seguridad 24 h, sum",2026-05-03,"Departamento en Serrano al 5200, pleno corazón de Palermo. Con 44 m² cubiertos más un balcón/terraza de 3 m², es un dos ambientes de 1 dormitorio y 1 baño. El edificio tiene apenas 5 años de antigüedad, está impecable y se entrega en buen estado general, listo para usar. Es importante aclarar que es sin ascensor, así que el edificio cuenta con pocas unidades y se mantiene una dinámica tranquila y sin esperas.

El inmueble está pensado para quienes buscan comodidad sin complicaciones: incluye seguridad las 24 horas, parrilla para compartir, laundry, solarium y un amplio SUM. Ideal para invertir o como primer hogar. La zona es inmejorable, con todos los servicios a la vuelta, bares, subtes y la vida de Palermo al alcance de la mano. Sin cochera, pero con facilidad para estacionar en la cuadra. Consultanos para coordinar una visita, no te lo pierdas.",true,"{""sintetico"": true, ""caso"": null, ""duplicado_de"": null}"
demo-a,demo-00039,https://demo-a.example/aviso/demo-00039,https://demo-a.example/aviso/demo-00039,Departamento 5 ambientes en Belgrano,519000,USD,,,Migueletes 660,"Belgrano, Capital Federal",Casa Nueva Negocios Inmobiliarios,198.1,3,201.1,5,4,1,,0,Muy Bueno,Contrafrente,,"sum, parrilla",2026-07-16,"Departamento de cinco ambientes en Belgrano, sobre Migueletes al 600, con ascensor y en muy buen estado. Son cuatro dormitorios, un baño, y una superficie cubierta de 198 m² más un balcón terraza de 3 m². Al contrafrente, se disfruta de un ambiente silencioso y luminoso. El edificio cuenta con SUM y parrilla, ideales para reuniones. Sin cochera, pero con buena conectividad y cerca de todo.",true,"{""sintetico"": true, ""caso"": null, ""duplicado_de"": null}"
demo-b,demo-00040,https://demo-b.example/aviso/demo-00040,https://demo-b.example/aviso/demo-00040,Departamento 2 ambientes en Palermo,97000,USD,581000,ARS,"Nicaragua 3727, Piso 15","Palermo, Capital Federal",Estudio Lacroze,36.0,,36.0,2,1,1,70,0,Excelente,Contrafrente,15,,2026-07-01,"Departamento de dos ambientes en el corazón de Palermo, sobre la calle Nicaragua al 3700. En el piso 15, con una vista que se despeja sobre los techos de la ciudad, este inmueble ofrece la posibilidad de vivir en una de las zonas más buscadas de Buenos Aires. Su orientación al contrafrente garantiza un ambiente silencioso y tranquilo, un lujo difícil de conseguir en la zona. Con 36 m² cubiertos, el layout está bien resuelto: un living comedor amplio, un dormitorio cómodo y un baño completo. Al ser una construcción de 70 años de antigüedad, conserva esos detalles de categoría que tanto se valoran en el mercado.

Sin dudas, una oportunidad para quienes buscan meterse en el barrio con un dos ambientes de carácter. A pesar de los años del edificio, la ubicación es inmejorable: a metros de bares, restaurantes y del bajo Belgrano. No tiene cochera ni amenities, lo que lo hace un gasto de expensas más accesible. Ideal para profesionales o parejas que quieran vivir bien, con la energía de Palermo a la vuelta de la esquina. El departamento espera por quien sepa aprovechar su potencial.",true,"{""sintetico"": true, ""caso"": null, ""duplicado_de"": null}"
demo-b,demo-00041,https://demo-b.example/aviso/demo-00041,https://demo-b.example/aviso/demo-00041,Departamento 4 ambientes en Belgrano,330000,USD,,,"O'Higgins 699, Piso 12","Belgrano, Capital Federal",Mirador Propiedades,142.1,3,145.1,4,3,3,60,0,Bueno,Contrafrente,12,,2026-04-19,"Departamento de 4 ambientes en Belgrano, O’Higgins al 600, piso 12, al contrafrente. Con 142 m² cubiertos más 3 m² de balcón terraza, cuenta con 3 dormitorios y 3 baños. Son 60 años de antigüedad, lo que le da esa personalidad clásica que tanto se valora en la zona. No incluye cochera ni amenities, pero el barrio lo compensa con todo cerca: subte, colectivos, comercios y verde a la vuelta. Ideal para quienes buscan un espacio amplio, bien iluminado y con buena distribución para vivir en familia o invertir. Consultá sin compromiso.",true,"{""sintetico"": true, ""caso"": null, ""duplicado_de"": null}"
demo-a,demo-00042,https://demo-a.example/aviso/demo-00042,https://demo-a.example/aviso/demo-00042,Departamento 5 ambientes en Palermo,742000,USD,203000,ARS,"Cerviño 5026, Piso 12","Palermo, Capital Federal",Casa Nueva Negocios Inmobiliarios,171.6,5,176.6,5,4,2,,1,A Estrenar,Frente,12,"laundry, sum",2026-07-25,"Departamento a estrenar en Cerviño al 5000, Palermo, frente al polo gastronómico. Se trata de un piso 12, al frente, con 172 m² cubiertos más 5 m² de balcón terraza. Son 5 ambientes distribuidos en 4 dormitorios, 2 baños, y una cochera. El edificio cuenta con laundry y SUM. La entrega estimada es para el segundo semestre de 2026. Este departamento en construcción se destaca por su vista abierta y buena luz natural todo el día. Las fotos corresponden al modelo de referencia, y el valor de la unidad se consulta en la oficina. Ideal para quien busca un tres ambientes amplio en uno de los barrios más conectados de la Ciudad.",true,"{""sintetico"": true, ""caso"": ""pozo"", ""duplicado_de"": null}"
demo-a,demo-00043,https://demo-a.example/aviso/demo-00043,https://demo-a.example/aviso/demo-00043,Departamento 2 ambientes en Palermo,204000,USD,,,Scalabrini Ortiz 4677,"Palermo, Capital Federal",Grupo Arcos,40.9,,40.9,,,,,,,,,gimnasio,2026-07-04,"Departamento de 2 ambientes en pleno Palermo, sobre Scalabrini Ortiz al 4600. Está en el piso 4 y da al contrafrente, lo que garantiza buena luz natural durante el día y un ambiente tranquilo. Con 41 m² cubiertos, cuenta con living-comedor, un dormitorio, cocina separada y baño completo. El edificio tiene 20 años de antigüedad y ofrece gimnasio para los vecinos. Ideal para quienes buscan una unidad funcional en una zona con gran oferta de comercios, transporte y espacios verdes. Sin cochera.",false,"{""sintetico"": true, ""caso"": null, ""duplicado_de"": null}"
demo-a,demo-00044,https://demo-a.example/aviso/demo-00044,https://demo-a.example/aviso/demo-00044,Departamento 5 ambientes en Belgrano,574000,USD,,,Cuba 1037,"Belgrano, Capital Federal",Norte Propiedades,193.6,,193.6,,,,,,,,,"laundry, parrilla",2026-05-15,"Departamento a estrenar en el corazón de Belgrano, sobre la calle Cuba al 1000, en una de las zonas más buscadas de la ciudad. Se trata de una unidad al frente, en un piso 15, con una vista despejada que aprovecha al máximo la luminosidad natural durante todo el día. Con 194 metros cuadrados cubiertos, la distribución es de 5 ambientes: 4 dormitorios y 2 baños, pensados para quienes buscan comodidad y espacio real sin resignar estilo.

El edificio es un emprendimiento en construcción con entrega estimada para los próximos meses, y las fotos que ves corresponden al modelo de referencia, no al estado actual de la obra. Entre los amenities del complejo se destacan un sector de parrilla para disfrutar al aire libre y un laundry exclusivo, ideales para la vida práctica sin depender de terceros. La propiedad no incluye cochera, pero la ubicación compensa con creces: a metros de verde, comercios y transporte.

Un piso pensado para proyectos a largo plazo, con terminaciones modernas y un layout que separa el área de día del descanso nocturno. Ideal para familias grandes o para quienes trabajan desde casa y necesitan ambientes diferenciados. No dejes pasar la oportunidad de ser parte de un edificio de categoría en una dirección que se posiciona como de las mejores de Belgrano.",false,"{""sintetico"": true, ""caso"": ""pozo"", ""duplicado_de"": null}"
demo-b,demo-00045,https://demo-b.example/aviso/demo-00045,https://demo-b.example/aviso/demo-00045,Departamento 2 ambientes en Belgrano,183000,USD,386000,ARS,"Virrey del Pino 3121, Piso 6","Belgrano, Capital Federal",Norte Propiedades,42.7,8,50.7,2,1,1,40,1,Muy Bueno,,6,"parrilla, solarium, pileta, sum, laundry",2026-05-07,"Departamento de 2 ambientes en Belgrano, sobre Virrey del Pino al 3100. Con 43 m² cubiertos más un balcón/terraza de 8 m², este piso 6 se encuentra en muy buen estado a pesar de sus 40 años de antigüedad. Dispone de un dormitorio, un baño completo y cochera incluida. El edificio cuenta con parrilla, solarium, pileta, SUM y laundry, ideales para disfrutar sin salir de casa. Una oportunidad en una de las zonas más buscadas de la ciudad, con todos los servicios a mano.",true,"{""sintetico"": true, ""caso"": null, ""duplicado_de"": null}"
demo-a,demo-00046,https://demo-a.example/aviso/demo-00046,https://demo-a.example/aviso/demo-00046,Departamento 3 ambientes en Palermo,279000,USD,,,Bonpland 1929,"Palermo, Capital Federal",Casa Nueva Negocios Inmobiliarios,69.7,,69.7,3,2,1,,0,Muy Bueno,,,"parrilla, gimnasio, pileta",2026-06-05,"Departamento de 3 ambientes en Bonpland al 1900, Palermo. Son 70 m² cubiertos con dos dormitorios, un baño y un living comedor amplio. El inmueble está en muy buen estado, listo para habitar, y cuenta con ascensor. El edificio ofrece parrilla, gimnasio y pileta, ideales para disfrutar el día a día sin salir de casa. Sin cochera, pero con buena conectividad y cerca de todo lo que ofrece el barrio. Una oportunidad para quienes buscan calidad de vida en una de las zonas más buscadas de la ciudad.",true,"{""sintetico"": true, ""caso"": null, ""duplicado_de"": null}"
demo-a,demo-00047,https://demo-a.example/aviso/demo-00047,https://demo-a.example/aviso/demo-00047,Departamento 3 ambientes en Belgrano,305000,USD,197000,ARS,Olazábal 2495,"Belgrano, Capital Federal",Inmobiliaria del Parque,83.5,5,88.5,,,,,,,,,"solarium, sum, pileta, laundry, gimnasio",2026-07-31,"Departamento de 3 ambientes en pleno Belgrano, sobre Olazábal al 2400, en un piso 12 con balcón terraza de 5 m² que suma esos metros de aire libre ideales para desayunar o leer. Son 84 m² cubiertos bien distribuidos en dos dormitorios, un baño completo y un living comedor con linda entrada de luz, perfecto para quien busca comodidad sin resignar ubicación.

El edificio cuenta con amenities de primera: pileta, solarium, SUM, gimnasio y laundry, todo listo para disfrutar sin salir de casa. La zona es inmejorable, con subtes, colectivos, bares y comercios a media cuadra, y a pocas cuadras de los bosques de Palermo y del Bajo Belgrano. Ideal como inversión o para vivir en pareja, con la posibilidad de sumar ambientes según el gusto del comprador.

Se acepta permuta por otra unidad, ya sea más chica o más grande, o bien financiación en cuotas con buena seña. Consultá por visitas al 15-XXXX-XXXX. Sin cochera, pero con todo lo demás al alcance de la mano.",false,"{""sintetico"": true, ""caso"": ""permuta"", ""duplicado_de"": null}"
demo-a,demo-00048,https://demo-a.example/aviso/demo-00048,https://demo-a.example/aviso/demo-00048,Departamento 4 ambientes en Palermo,588000,USD,228000,ARS,Malabia 2473,"Palermo, Capital Federal",Sur & Asociados,133.5,5,138.5,4,3,2,,0,Muy Bueno,Contrafrente,0,"seguridad 24 h, pileta, laundry, gimnasio, parrilla",2026-07-06,"Departamento en venta en Palermo, sobre Malabia al 2400. Se trata de una unidad de 4 ambientes (3 dormitorios y 2 baños) en planta baja, con 134 m² cubiertos más un balcón terraza de 5 m². El inmueble está en muy buen estado y ofrece una excelente distribución: los ambientes principales dan al contrafrente, lo que garantiza privacidad y silencio. El edificio cuenta con seguridad las 24 horas, pileta, laundry, gimnasio y parrilla para disfrutar en familia. Ideal para quienes buscan un hogar amplio y bien ubicado, sin necesidad de cochera. Una oportunidad única en una de las zonas más demandadas de la Ciudad.",true,"{""sintetico"": true, ""caso"": null, ""duplicado_de"": null}"
demo-a,demo-00049,https://demo-a.example/aviso/demo-00049,https://demo-a.example/aviso/demo-00049,Departamento 2 ambientes en Palermo,156000,USD,405000,ARS,"Nicaragua 3934, Piso 10","Palermo, Capital Federal",Sur & Asociados,37.2,,37.2,2,1,1,0,1,A Estrenar,,10,laundry,2026-09-05,"Departamento a estrenar en pleno corazón de Palermo, sobre la calle Nicaragua al 3900. Se trata de una unidad en uno de los edificios nuevos más buscados de la zona, con excelente distribución para el día a día.

El inmueble está en el piso 10, es un dos ambientes con un dormitorio y un baño, ideal para una pareja que quiera vivir con todas las comodidades. Cuenta con 37 m² cubiertos, una cochera propia y la comodidad de tener laundry en el edificio. Al ser un emprendimiento en construcción, las fotos que ves son del modelo de referencia, no del departamento final.

La entrega estimada es para los próximos meses, y al ser a estrenar vas a ser el primer dueño. La ubicación es inmejorable, a metros de bares, subte y espacios verdes. Un proyecto pensado para quienes buscan calidad de vida sin dejar el barrio. Consultanos por este piso 10, es una oportunidad única para invertir o mudarte ya.",true,"{""sintetico"": true, ""caso"": ""pozo"", ""duplicado_de"": null}"
demo-a,demo-00050,https://demo-a.example/aviso/demo-00050,https://demo-a.example/aviso/demo-00050,Departamento 3 ambientes en Palermo,218000,USD,103000,ARS,Darregueyra 1988,"Palermo, Capital Federal",Sur & Asociados,84.7,3,87.7,,,,,,,,,sum,2026-08-29,"Departamento de 3 ambientes en Palermo, sobre Darregueyra al 1900. Cuenta con 2 dormitorios, un baño completo y 85 m² cubiertos más un balcón terraza de 3 m². El inmueble se entrega a estrenar, aunque se encuentra a refaccionar, ideal para quienes quieren dejar el espacio a su gusto desde cero. El edificio dispone de SUM para reuniones o eventos. Sin cochera. Una oportunidad única en una zona con excelente conectividad y cercanía a comercios, bares y espacios verdes. Consultanos por la visita.",false,"{""sintetico"": true, ""caso"": null, ""duplicado_de"": null}"
demo-a,demo-00052,https://demo-a.example/aviso/demo-00052,https://demo-a.example/aviso/demo-00052,Departamento 1 ambientes en Belgrano,75000,USD,236000,ARS,"3 de Febrero 2872, Piso 8","Belgrano, Capital Federal",Mirador Propiedades,33.6,,33.6,1,0,1,60,0,Muy Bueno,,8,"gimnasio, sum, laundry",2026-09-04,"Departamento de 1 ambiente en Belgrano, sobre 3 de Febrero al 2800, con muy buen estado y una superficie de 34 m² cubiertos. El edificio cuenta con ascensor y tiene 60 años de antigüedad, lo que le da ese carácter clásico que tanto se busca en la zona. Disfruta de amenities como gimnasio, SUM y laundry, ideales para aprovechar al máximo el espacio sin salir de casa. Sin cochera, pero con todos los servicios y la ubicación privilegiada que ofrece el barrio. Ideal para inversores o para quienes buscan un primer departamento funcional y bien ubicado en uno de los barrios más tradicionales de la Ciudad.",true,"{""sintetico"": true, ""caso"": null, ""duplicado_de"": null}"
demo-a,demo-00053,https://demo-a.example/aviso/demo-00053,https://demo-a.example/aviso/demo-00053,Departamento 1 ambientes en Palermo,146000,USD,,,"Guatemala 4990, Piso 10","Palermo, Capital Federal",Sur & Asociados,31.7,1.5,33.2,1,0,1,,0,Bueno,,10,,2026-06-04,"Departamento de 1 ambiente en Guatemala al 4900, Palermo. Con 32 m² cubiertos más un balcón terraza de 2 m², este inmueble se destaca por su buen estado general y la practicidad que ofrece para quienes buscan una primera vivienda o una inversión en uno de los barrios más buscados de la ciudad. El edificio cuenta con ascensor, lo que suma comodidad en el día a día. La distribución es funcional y el espacio interior está bien aprovechado, con un baño completo. Al estar sin cochera y sin amenities, los gastos mensuales se mantienen acotados. La ubicación es ideal, rodeada de comercios, bares y muy cerca de grandes parques, con buena conectividad. Un punto justo para arrancar o para mudarse a Palermo sin pagar de más por extras que no se necesitan.",true,"{""sintetico"": true, ""caso"": null, ""duplicado_de"": null}"
demo-a,demo-00054,https://demo-a.example/aviso/demo-00054,https://demo-a.example/aviso/demo-00054,Departamento 1 ambientes en Belgrano,77000,USD,274000,ARS,Conde 4567,"Belgrano, Capital Federal",Casa Nueva Negocios Inmobiliarios,30.2,,30.2,1,0,1,0,0,A Refaccionar,Contrafrente,12,,2026-05-22,"Departamento de 1 ambiente al contrafrente en pleno Belgrano, sobre la calle Conde al 4500. Ideal para inversores o para quien busca una base sólida en una de las zonas más conectadas de la ciudad. La unidad, a refaccionar, tiene 30 m² cubiertos y cuenta con la posibilidad de dejarla a nuevo a tu gusto, ya que la distribución permite aprovechar cada rincón. Si bien está para meterse de lleno en obras, su ubicación lo hace una oportunidad interesante: cerca de todo, con transporte, comercios y verde a la vuelta.

El edificio es de los que no fallan: con ascensor y en una zona tranquila pero vibrante a la vez. No es un departamento a estrenar, pero con una mano de obra y los materiales justos queda como nuevo, con esa onda que buscás cuando querés algo propio sin pagar de más. Sin cochera ni amenities, lo que se traduce en expensas más livianas. La propiedad está pensada para quien valora la ubicación por sobre el resto y no quiere perder tiempo en traslados. Consultá por la visita; la oportunidad de meterte en un barrio así, a refaccionar y a tu medida, no aparece todos los días.",true,"{""sintetico"": true, ""caso"": null, ""duplicado_de"": null}"
demo-a,demo-00055,https://demo-a.example/aviso/demo-00055,https://demo-a.example/aviso/demo-00055,Departamento 2 ambientes en Palermo,133000,USD,196000,ARS,"Cabrera 5118, Piso 6","Palermo, Capital Federal",Inmobiliaria del Parque,46.3,8,54.3,2,1,1,40,0,Muy Bueno,Interno,6,,2026-06-28,"Departamento de 2 ambientes en pleno Palermo, sobre la calle Cabrera al 5100. Unidad interna, piso 6 con ascensor, y con 40 años de antigüedad pero muy bien conservado. Son 46 m² cubiertos más una terraza de 8 m² que suma metros al living, ideal para desayunar o prender un ventilador en verano. El baño es completo y la cocina, aunque chica, tiene buen espacio de guardado. La zona es de lo mejor: lleno de bares, restaurantes y subtes cerca, y para los que laburan por acá, se llega caminando a todo. 

El edificio es clásico de la cuadra, con encargado y un palier que está prolijo. La casa está en muy buen estado, con algunas reformas hechas y listas para habitar sin meterse en obras grandes. Al ser interno, da al contrafrente, así que es silencioso y luminoso a la vez. Apto para una pareja o para alguien que labura en casa y quiere separar los ambientes. No tiene cochera ni amenities, pero con la ubicación y el balcón se suplanta de sobra. Si buscás un dos ambientes canchero, con personalidad y sin sorpresas, este es el indicado.",true,"{""sintetico"": true, ""caso"": null, ""duplicado_de"": null}"
demo-b,demo-00056,https://demo-b.example/aviso/demo-00056,https://demo-b.example/aviso/demo-00056,Departamento 3 ambientes en Palermo,327000,USD,,,"Charcas 1886, Piso 5","Palermo, Capital Federal",Belgrano Brokers,71.4,,71.4,3,2,1,50,0,Excelente,,5,,2026-06-20,"Departamento de 3 ambientes en pleno corazón de Palermo, sobre la calle Charcas al 1800, a metros de todo pero en una zona tranquila. Está en el **piso 5** y se destaca por su **excelente estado** general, listo para habitar sin vueltas. Son 71 m² cubiertos bien distribuidos: living comedor amplio, cocina independiente con dependencia de lavado, dos dormitorios y un baño completo. Al ser un edificio de **50 años de antigüedad**, tiene buena luminosidad y ambientes espaciosos, con el encanto de los departamentos clásicos de por acá.

La ubicación es ideal para el que busca moverse caminando: cerca de bares, restaurantes, subtes y varios colectivos. Sin cochera ni amenities, pero con una expensa acorde y un edificio sobrio. Ideal como primera vivienda o para invertir en alquiler temporario, dado el perfil de la zona. Se vende con escritura inmediata. Consultanos por visitas al dueño directo.",true,"{""sintetico"": true, ""caso"": null, ""duplicado_de"": null}"
demo-a,demo-00057,https://demo-a.example/aviso/demo-00057,https://demo-a.example/aviso/demo-00057,Departamento 3 ambientes en Palermo,225000,USD,91000,ARS,Thames 1485,"Palermo, Capital Federal",Estudio Lacroze,58.2,12,70.2,3,2,1,,0,Muy Bueno,Frente,,,2026-08-31,"Departamento de 3 ambientes en pleno Palermo, sobre Thames al 1400, una ubicación que no necesita presentación. Estamos hablando de un inmueble muy bien logrado, en **muy buen estado**, listo para que lo disfrutes tal cual. Son dos dormitorios, un baño completo y una distribución que aprovecha cada metro: 58 m² cubiertos que se potencian con una terraza/balcón de 12 m², ideal para desayunar al sol o leer un libro al aire libre.

La unidad es **al frente**, así que la luz natural entra de lleno durante todo el día, y al estar **con ascensor**, te olvidás de las escaleras. No tiene cochera ni amenities, pero en esta zona no las necesitás: salís a la calle y tenés de todo, desde los clásicos bares de Palermo hasta el Parque Sarmiento a unas cuadras. Es un piso pensado para quien busca comodidad, buena ubicación y un espacio exterior que sume. Una oportunidad concreta para vivir bien, en uno de los barrios más buscados de la ciudad.",true,"{""sintetico"": true, ""caso"": null, ""duplicado_de"": null}"
demo-a,demo-00058,https://demo-a.example/aviso/demo-00058,https://demo-a.example/aviso/demo-00058,Departamento 2 ambientes en Belgrano,91000,USD,,,Juramento 1232,"Belgrano, Capital Federal",Sur & Asociados,37.9,5,42.9,2,1,1,,0,A Estrenar,,,"seguridad 24 h, parrilla, gimnasio, solarium, sum",2026-06-15,"Departamento de 2 ambientes a estrenar en Belgrano, sobre Juramento al 1200. Con 38 m² cubiertos más 5 m² de balcón terraza, living comedor integrado, cocina separada, un dormitorio y baño completo. El edificio cuenta con seguridad 24 horas, parrilla, gimnasio, solarium y salón de usos múltiples. Es un emprendimiento en construcción: las fotos corresponden al modelo y la entrega estimada está prevista para los próximos meses. Ideal para quienes buscan calidad de vida en uno de los mejores barrios de la ciudad. Consultá sin compromiso.",true,"{""sintetico"": true, ""caso"": ""pozo"", ""duplicado_de"": null}"
demo-a,demo-00059,https://demo-a.example/aviso/demo-00059,https://demo-a.example/aviso/demo-00059,Departamento 3 ambientes en Palermo,229000,USD,372000,ARS,"Guatemala 5331, Piso 4","Palermo, Capital Federal",Belgrano Brokers,72.1,,72.1,3,2,1,45,0,Excelente,Frente,4,,2026-05-17,"Departamento de 3 ambientes en Palermo, Guatemala al 5300, al frente, con 72 m² cubiertos. Cuenta con dos dormitorios, un baño y un living comedor amplio. A pesar de sus 45 años de antigüedad, se encuentra en excelente estado, listo para habitar. Sin cochera ni amenities, ideal para quienes buscan un piso clásico con buena luminosidad y distribución funcional en una de las zonas más buscadas de la ciudad.",true,"{""sintetico"": true, ""caso"": null, ""duplicado_de"": null}"
demo-a,demo-00060,https://demo-a.example/aviso/demo-00060,https://demo-a.example/aviso/demo-00060,Departamento 3 ambientes en Belgrano,155000,USD,303000,ARS,Zapiola 5228,"Belgrano, Capital Federal",Belgrano Brokers,71.6,,71.6,3,2,1,,0,Muy Bueno,Frente,,sum,2026-08-09,"Departamento de tres ambientes en Belgrano, sobre la calle Zapiola al 5200, con muy buen estado general y una ubicación que combina tranquilidad con cercanía a todos los servicios. Es al frente, lo que le da una linda luminosidad durante el día. Cuenta con dos dormitorios, un baño completo y unos 72 metros cuadrados cubiertos bien distribuidos, sin desperdicio. El edificio tiene SUM, ideal para reuniones o eventos sin salir de casa. No incluye cochera. Una oportunidad para quienes buscan un piso cómodo en uno de los mejores barrios de la ciudad, con todo lo necesario a mano. Consultá por visitas.",true,"{""sintetico"": true, ""caso"": null, ""duplicado_de"": null}"
demo-b,demo-00061,https://demo-b.example/aviso/demo-00061,https://demo-b.example/aviso/demo-00061,Departamento 4 ambientes en Palermo,695000,USD,370000,ARS,"Fitz Roy 5155, Piso 2","Palermo, Capital Federal",Norte Propiedades,143.6,3,146.6,4,3,2,25,0,Excelente,Frente,2,"gimnasio, solarium",2026-09-11,"Departamento de 4 ambientes en el corazón de Palermo, sobre Fitz Roy al 5100, una ubicación privilegiada que combina tranquilidad y cercanía a todo. Es al frente, piso 2, con una excelente distribución: 3 dormitorios, 2 baños completos y 144 m² cubiertos más un balcón terraza de 3 m². El inmueble está en excelente estado, listo para habitar, con 25 años de antigüedad bien llevados. Sin cochera, pero con amenities destacados como gimnasio y solarium para disfrutar sin salir de casa. Una oportunidad única en uno de los barrios más buscados de la ciudad.",true,"{""sintetico"": true, ""caso"": null, ""duplicado_de"": null}"
demo-a,demo-00062,https://demo-a.example/aviso/demo-00062,https://demo-a.example/aviso/demo-00062,Departamento 4 ambientes en Palermo,711000,USD,370000,ARS,"Fitz Roy 5100, Piso 2","Palermo, Capital Federal",Mirador Propiedades,146.8,3,149.8,4,3,2,25,0,Excelente,,2,"gimnasio, solarium",2026-09-19,"Departamento de 4 ambientes en pleno Palermo, sobre Fitz Roy al 5100, con una superficie cubierta de 147 m² más un balcón terraza de 3 m². Cuenta con 3 dormitorios, 2 baños y un living comedor amplio, todo en excelente estado. A sus 25 años de antigüedad, el edificio se mantiene impecable y ofrece amenities como gimnasio y solarium para disfrutar sin salir de casa. Sin cochera, pero con muy buena conectividad y todos los servicios a mano. Ideal para quienes buscan un piso espacioso, bien conservado y en una de las zonas más buscadas de la Ciudad.",true,"{""sintetico"": true, ""caso"": null, ""duplicado_de"": ""demo-00061""}"
demo-a,demo-00063,https://demo-a.example/aviso/demo-00063,https://demo-a.example/aviso/demo-00063,Departamento 3 ambientes en Palermo,451000,USD,143000,ARS,"Scalabrini Ortiz 1826, Piso 12","Palermo, Capital Federal",Mirador Propiedades,78.8,3,81.8,3,2,1,2,0,Excelente,,12,"solarium, parrilla",2026-04-16,"Departamento de 3 ambientes en pleno Palermo, sobre Scalabrini Ortiz al 1800. Está en un piso 12 con ascensor, tiene 2 dormitorios y un baño completo, todo en excelente estado. El edificio tiene apenas 2 años de antigüedad, así que se nota el cuidado y los terminaciones nuevas. Con 79 m² cubiertos más 3 m² de balcón terraza, es ideal para quien busca un lugar cómodo y bien ubicado sin tener que hacer reformas. El solarium y la parrilla del edificio son un plus para disfrutar sin salir de casa. No incluye cochera, pero en la zona encontrás de todo cerca, desde subtes hasta bares y comercios. Una gran oportunidad para mudarse a uno de los barrios más buscados de la Ciudad.",true,"{""sintetico"": true, ""caso"": null, ""duplicado_de"": null}"
demo-a,demo-00064,https://demo-a.example/aviso/demo-00064,https://demo-a.example/aviso/demo-00064,Departamento 2 ambientes en Palermo,204000,USD,,,Scalabrini Ortiz 3921,"Palermo, Capital Federal",Mirador Propiedades,40.0,3,43.0,2,1,1,,0,Muy Bueno,,8,"pileta, gimnasio, seguridad 24 h",2026-04-11,"Departamento de 2 ambientes en pleno Palermo, sobre la avenida Scalabrini Ortiz al 3900. Muy buen estado, listo para mudarse o para invertir. Se destaca su balcón terraza de 3 m² que suma luz y aire a los ambientes. La distribución es funcional y aprovecha cada metro de los 40 m² cubiertos. El edificio cuenta con ascensor, pileta para los días de calor, gimnasio equipado y seguridad 24 horas, ideal para quien valora la comodidad y la tranquilidad sin resignar ubicación.

Estás a pasos de los bares, restaurantes y la movida cultural que hace famoso a Palermo, con la practicidad de un departamento pensado para vivir cómodo. Al no tener cochera, te conviene saber que la zona está muy bien conectada con el subte y varios colectivos, así que te moves rápido a cualquier lado. Es una oportunidad para quienes buscan un dos ambientes con amenities y un toque de aire libre, en una de las zonas más buscadas de la Ciudad. Consultanos por la visita, la propiedad se entrega con muy buen estado general y es una opción real para estrenar o alquilar.",true,"{""sintetico"": true, ""caso"": null, ""duplicado_de"": null}"
demo-a,demo-00065,https://demo-a.example/aviso/demo-00065,https://demo-a.example/aviso/demo-00065,Departamento 3 ambientes en Belgrano,249000,USD,328000,ARS,Zapiola 1340,"Belgrano, Capital Federal",Norte Propiedades,76.2,5,81.2,,,,,,,,,,2026-08-23,"Departamento de 3 ambientes en Belgrano, sobre la calle Zapiola al 1300. Se trata de una unidad interna en piso 15 con ascensor, lo que garantiza tranquilidad y buena luminosidad. La distribución cuenta con dos dormitorios, un baño completo y un living comedor amplio que se integra con un balcón terraza de 5 m². La superficie cubierta es de 76 m², y el inmueble se encuentra en excelente estado, listo para habitar. El edificio no cuenta con cochera ni amenities, pero la ubicación es ideal por su cercanía a comercios, transporte público y espacios verdes. Una oportunidad para quienes buscan un hogar bien conservado en uno de los barrios más tradicionales de la Ciudad.",false,"{""sintetico"": true, ""caso"": null, ""duplicado_de"": null}"
demo-a,demo-00066,https://demo-a.example/aviso/demo-00066,https://demo-a.example/aviso/demo-00066,Departamento 2 ambientes en Belgrano,160000,USD,364000,ARS,"Zabala 529, Piso 10","Belgrano, Capital Federal",Grupo Arcos,42.2,3,45.2,2,1,1,15,1,Bueno,Frente,10,,2026-06-29,"Departamento de 2 ambientes en Belgrano, sobre Zabala al 500, al frente, piso 10 con ascensor. Tiene 42 m² cubiertos más un balcón terraza de 3 m², un dormitorio, un baño y cochera. Con 15 años de antigüedad, se encuentra en buen estado general, listo para habitar. Ideal para quienes buscan un dos ambientes bien ubicado, luminoso y con todas las comodidades.",true,"{""sintetico"": true, ""caso"": null, ""duplicado_de"": null}"
demo-b,demo-00067,https://demo-b.example/aviso/demo-00067,https://demo-b.example/aviso/demo-00067,Departamento 2 ambientes en Belgrano,159000,USD,364000,ARS,"Zabala 500, Piso 10","Belgrano, Capital Federal",Casa Nueva Negocios Inmobiliarios,43.8,3,46.8,2,1,1,,1,Bueno,,10,,2026-06-19,"Departamento de 2 ambientes en Belgrano, sobre Zabala al 500. Con 44 m² cubiertos y 3 m² de balcón terraza, cuenta con un dormitorio, un baño y cochera incluida. Está en buen estado general, listo para habitar o para invertir. La zona es tranquila pero cerca de todo, con buena conectividad y servicios a la mano. Ideal para quienes buscan un piso funcional sin renunciar a la ubicación. Consultános para coordinar una visita.",true,"{""sintetico"": true, ""caso"": null, ""duplicado_de"": ""demo-00066""}"
demo-b,demo-00068,https://demo-b.example/aviso/demo-00068,https://demo-b.example/aviso/demo-00068,Departamento 3 ambientes en Palermo,417000,USD,,,Soler 3155,"Palermo, Capital Federal",Inmobiliaria del Parque,82.2,5,87.2,3,2,1,0,0,Excelente,,0,laundry,2026-08-22,"Departamento de 3 ambientes a estrenar en pleno Palermo, sobre la calle Soler al 3100. Una ubicación inmejorable para quienes buscan sumarse a la mejor zona de la ciudad, con todos los servicios, bares y medios de transporte a media cuadra. El inmueble se entrega en excelente estado y con ascensor, listo para habitar sin dar vuelta nada.

La distribución es muy funcional: dos dormitorios bien separados del living comedor, un baño completo y una cocina integrada con lavadero. Suma 82 m² cubiertos más un balcón terraza de 5 m² que da una linda salida al exterior, ideal para despejarse. El edificio cuenta con laundry en el tercer nivel, algo que siempre se agradece en el día a día.

Pensado para parejas o como primera vivienda, este departamento a estrenar no tiene cochera, pero en la zona no la vas a necesitar. La luminosidad y el confort están garantizados en un desarrollo moderno, con materiales de primera calidad. Una oportunidad concreta para dejar de alquilar y mudarse ya a uno de los barrios más buscados de Buenos Aires.",true,"{""sintetico"": true, ""caso"": null, ""duplicado_de"": null}"
demo-a,demo-00069,https://demo-a.example/aviso/demo-00069,https://demo-a.example/aviso/demo-00069,Departamento 3 ambientes en Belgrano,192000,USD,255000,ARS,"Vuelta de Obligado 4278, Piso 8","Belgrano, Capital Federal",Belgrano Brokers,87.7,8,95.7,3,2,1,,0,Bueno,,8,gimnasio,2026-08-25,"Departamento de 3 ambientes en Belgrano, sobre Vuelta de Obligado al 4200, piso 8. Tiene 88 m² cubiertos más 8 m² de balcón terraza, con buen estado general. Son 2 dormitorios, un baño completo y un living comedor amplio. El balcón terraza suma un lindo espacio al aire libre, ideal para disfrutar. El edificio cuenta con gimnasio, perfecto para mantener la rutina sin moverte de casa. Sin cochera, pero estás en una zona súper conectada, cerca de bares, parques y el Bajo Belgrano. Un departamento para vivir cómodo, con buena luz y distribución clásica.",true,"{""sintetico"": true, ""caso"": null, ""duplicado_de"": null}"
demo-a,demo-00070,https://demo-a.example/aviso/demo-00070,https://demo-a.example/aviso/demo-00070,Departamento 3 ambientes en Palermo,347000,USD,,,Juncal 3863,"Palermo, Capital Federal",Mirador Propiedades,55.5,5,60.5,,,,,,,,,"solarium, sum",2026-08-13,"Departamento a estrenar en el corazón de Palermo, sobre la calle Juncal al 3800. Piso 10, al contrafrente, lo que garantiza silencio y luminosidad durante todo el día. Se trata de un tres ambientes muy bien distribuido, con dos dormitorios amplios y un baño completo. La cocina, integrada y moderna, da lugar a un living comedor con gran potencial. Los 56 metros cuadrados cubiertos se aprovechan al máximo, y los 5 metros de balcón/terraza suman un espacio ideal para desayunar o leer al aire libre. Sin lugar a dudas, un inmueble en excelente estado, pensado para quienes buscan calidad de vida sin resignar ubicación.

El edificio cuenta con ascensor y un solarium en la terraza, perfecto para relajarse, además de un cómodo sum para recibir invitados o pasar el tiempo libre. No incluye cochera, pero la zona ofrece múltiples opciones de estacionamiento y una conectividad inmejorable. Al estar a estrenar, los ambientes se entregan impecables y con terminaciones modernas. Una oportunidad única para invertir o estrenar en uno de los barrios más buscados de la ciudad, cerca de bares, subte y espacios verdes. Ideal para parejas o profesionales que valoren el confort y la practicidad.",false,"{""sintetico"": true, ""caso"": null, ""duplicado_de"": null}"
demo-b,demo-00071,https://demo-b.example/aviso/demo-00071,https://demo-b.example/aviso/demo-00071,Departamento 3 ambientes en Palermo,343000,USD,,,Juncal 3800,"Palermo, Capital Federal",Mirador Propiedades,56.5,5,61.5,,,,,,,,,"solarium, sum",2026-08-23,"Departamento de 3 ambientes en pleno corazón de Palermo, sobre la avenida Juncal al 3800. Son 56 metros cuadrados cubiertos más un balcón terraza de 5 metros que suma para despegarse del ruido. El living comedor es amplio y prolijo, y los dos dormitorios están bien separados del estar, así que se aprovecha cada rincón. La cocina es independiente y el baño completo, todo en muy buen uso y con un estado general impecable.

El edificio cuenta con solarium en la terraza y un SUM para reuniones o para ir a relajar sin recibir visitas en casa. Es un piso ideal para quienes buscan mudarse a una zona llena de vida, con subtes, bares y verde a dos cuadras, sin resignar comodidad. La nota es que está en excelente estado, listo para habitar. No tiene cochera, pero en la cuadra hay varias opciones de garage. Consultanos por la visita, la ubicación es de las mejores de la ciudad.",false,"{""sintetico"": true, ""caso"": null, ""duplicado_de"": ""demo-00070""}"
demo-a,demo-00072,https://demo-a.example/aviso/demo-00072,https://demo-a.example/aviso/demo-00072,Departamento 3 ambientes en Palermo,497000,USD,,,"Ravignani 390, Piso 6","Palermo, Capital Federal",Casa Nueva Negocios Inmobiliarios,91.9,,91.9,3,2,1,,0,Excelente,Frente,6,"sum, pileta, parrilla, solarium, gimnasio",2026-07-24,"Excelente departamento de 3 ambientes en pleno Palermo, sobre Ravignani al 300. Está en piso 6 y es al frente, lo que le da una claridad envidiable y lindas vistas. Con 92 m² cubiertos, cuenta con dos dormitorios, un baño completo y un living-comedor amplio. Se encuentra en excelente estado, listo para mudarse. Sin cochera, pero el edificio ofrece amenities de primer nivel: SUM, pileta, parrilla, solarium y gimnasio. Ideal para quienes buscan calidad de vida y ubicación privilegiada. Consultanos sin compromiso.",true,"{""sintetico"": true, ""caso"": null, ""duplicado_de"": null}"
demo-a,demo-00073,https://demo-a.example/aviso/demo-00073,https://demo-a.example/aviso/demo-00073,Departamento 2 ambientes en Belgrano,104000,USD,260000,ARS,Blanco Encalada 1491,"Belgrano, Capital Federal",Estudio Lacroze,46.1,12,58.1,,,,,,,,,laundry,2026-07-26,"Departamento de 2 ambientes en Blanco Encalada al 1400, pleno Belgrano. Unidad interna con 46 m² cubiertos más 12 m² de balcón terraza, ideal para quienes buscan privacidad y buena luz. A pesar de sus 45 años de antigüedad, se encuentra en buen estado general y listo para habitar. Cuenta con cochera y acceso a laundry, un detalle que suma comodidad en el día a día. El living comedor se integra con el balcón, generando un espacio amplio y agradable. El dormitorio es de buen tamaño y el baño completo se mantiene original pero funcional. Una oportunidad para quienes quieren vivir en uno de los barrios más tradicionales de la ciudad, cerca de parques, comercios y transporte. Sin expensas desmedidas y con la posibilidad de personalizar algunos detalles a gusto.",false,"{""sintetico"": true, ""caso"": null, ""duplicado_de"": null}"
demo-b,demo-00074,https://demo-b.example/aviso/demo-00074,https://demo-b.example/aviso/demo-00074,Departamento 4 ambientes en Belgrano,226000,USD,,,Freire 5009,"Belgrano, Capital Federal",Estudio Lacroze,85.0,,85.0,4,3,3,20,0,Muy Bueno,Interno,12,parrilla,2026-07-13,"Departamento en Belgrano, sobre Freire al 5000. Se trata de una unidad interna de 85 m² cubiertos, con 4 ambientes, 3 dormitorios y 3 baños, en muy buen estado y con 20 años de antigüedad. El edificio cuenta con parrilla para disfrutar al aire libre. Sin cochera. Ideal para quienes buscan un piso bien distribuido en una zona con excelente conectividad y servicios a la vuelta.",true,"{""sintetico"": true, ""caso"": null, ""duplicado_de"": null}"
demo-b,demo-00075,https://demo-b.example/aviso/demo-00075,https://demo-b.example/aviso/demo-00075,Departamento 5 ambientes en Palermo,744000,USD,200000,ARS,"Fitz Roy 3076, Piso 9","Palermo, Capital Federal",Casa Nueva Negocios Inmobiliarios,158.1,5,163.1,5,4,1,,0,Excelente,Lateral,9,,2026-07-10,"Departamento de 5 ambientes en Fitz Roy al 3000, Palermo. Son 158 m² cubiertos más 5 m² de balcón terraza con orientación lateral, ideal para aprovechar la luz natural sin el sol directo de la mañana o la tarde. Está en piso 9, con ascensor, lo que garantiza una vista despejada y privacidad. Cuenta con 4 dormitorios y un baño completo, distribución pensada para quienes buscan espacios amplios y bien diferenciados. Sin cochera ni amenities, pero en una zona de Palermo con todos los servicios a la vuelta, cerca de bares, restaurantes y transporte. Un piso clásico de barrio, con buena superficie y balcón para disfrutar al aire libre. Consultá por visita.",true,"{""sintetico"": true, ""caso"": null, ""duplicado_de"": null}"
demo-a,demo-00076,https://demo-a.example/aviso/demo-00076,https://demo-a.example/aviso/demo-00076,Departamento 2 ambientes en Palermo,160000,USD,318000,ARS,"Fitz Roy 3067, Piso 8","Palermo, Capital Federal",Norte Propiedades,33.6,5,38.6,2,1,1,2,0,Excelente,,8,"gimnasio, seguridad 24 h, laundry",2026-07-17,"Departamento de 2 ambientes en el corazón de Palermo, sobre la calle Fitz Roy al 3000. En el piso 8, con un balcón/terraza de 5 m² que suma esos metros al aire libre que tanto se valoran. La superficie cubierta es de 34 m², bien aprovechados, y el edificio tiene apenas 2 años de antigüedad, así que está impecable. Se entrega en excelente estado, listo para habitar. El baño y el dormitorio están en buen orden, y el living da al frente, con buena luz natural.

El edificio cuenta con gimnasio, seguridad 24 h y laundry, así que la comodidad está garantizada. No incluye cochera, pero en esa zona de Palermo te manejás caminando o con transporte público. Ideal para una pareja o para alguien que busca un refugio moderno y seguro sin perder la onda del barrio. Los amenities se disfrutan a pleno, y al ser un piso 8, la vista y la privacidad están aseguradas. Una oportunidad concreta para invertir en una de las zonas más buscadas de la ciudad.",true,"{""sintetico"": true, ""caso"": null, ""duplicado_de"": null}"
demo-a,demo-00077,https://demo-a.example/aviso/demo-00077,https://demo-a.example/aviso/demo-00077,Departamento 3 ambientes en Palermo,297000,USD,526000,ARS,"Soler 2807, Piso 2","Palermo, Capital Federal",Inmobiliaria del Parque,92.0,,92.0,3,2,1,8,1,Bueno,Interno,2,"parrilla, solarium, pileta",2026-07-19,"Departamento de 3 ambientes en Palermo, sobre la calle Soler al 2800. Se trata de una unidad interna con 92 m² cubiertos, dos dormitorios y un baño completo, en buen estado general. El edificio tiene 8 años de antigüedad, cuenta con ascensor y ofrece cochera incluida. Entre los amenities del complejo se destacan parrilla, solarium y pileta, ideales para disfrutar sin salir de casa. Una excelente oportunidad para quienes buscan un hogar funcional en una de las zonas más conectadas de la Ciudad.",true,"{""sintetico"": true, ""caso"": null, ""duplicado_de"": null}"
demo-b,demo-00078,https://demo-b.example/aviso/demo-00078,https://demo-b.example/aviso/demo-00078,Departamento 2 ambientes en Palermo,238000,USD,,,"Cabello 5022, Piso 12","Palermo, Capital Federal",Inmobiliaria del Parque,52.0,,52.0,2,1,1,30,0,Excelente,Lateral,12,"sum, solarium",2026-08-03,"Departamento de dos ambientes en Palermo, sobre la calle Cabello al 5000. Con 52 m² cubiertos, cuenta con un dormitorio, un baño y una excelente orientación lateral que garantiza muy buena luz durante todo el día. Está ubicado en el piso 12, desde donde se disfruta una vista abierta y soleada. El edificio tiene 30 años de antigüedad y ofrece amenities como SUM y solarium, ideales para aprovechar el tiempo libre sin salir de casa. Sin cochera. Una oportunidad para quienes buscan un departamento clásico en una de las zonas más buscadas de la ciudad, con buena conectividad y todos los servicios a la vuelta.",true,"{""sintetico"": true, ""caso"": null, ""duplicado_de"": null}"
demo-a,demo-00079,https://demo-a.example/aviso/demo-00079,https://demo-a.example/aviso/demo-00079,Departamento 2 ambientes en Palermo,244000,USD,,,"Cabello 5000, Piso 12","Palermo, Capital Federal",Mirador Propiedades,54.0,,54.0,2,1,1,,0,Excelente,,12,"sum, solarium",2026-08-05,"Departamento de dos ambientes en Cabello al 5000, pleno Palermo. Con 54 m² cubiertos, cuenta con un dormitorio, un baño y un living comedor en excelente estado. Está en un piso 12 con ascensor, lo que garantiza una vista despejada y mucha luz. El edificio ofrece SUM y solarium, ideales para disfrutar el día a día sin salir de casa. Sin cochera, pero con todos los servicios a la mano, en una zona con bares, restaurantes y buena conexión de transporte. Una oportunidad para quienes buscan calidad de vida en el barrio más buscado de la ciudad.",true,"{""sintetico"": true, ""caso"": null, ""duplicado_de"": ""demo-00078""}"
demo-a,demo-00080,https://demo-a.example/aviso/demo-00080,https://demo-a.example/aviso/demo-00080,Departamento 3 ambientes en Palermo,308000,USD,,,Ravignani 2227,"Palermo, Capital Federal",Norte Propiedades,70.3,,70.3,,,,,,,,,"sum, seguridad 24 h",2026-06-30,"Se vende departamento de tres ambientes en Palermo, sobre Ravignani al 2200. Es una unidad a estrenar, en excelente estado, ubicada en el piso 15. Cuenta con dos dormitorios, un baño completo y 70 m² cubiertos. El edificio ofrece SUM y seguridad las 24 horas, ideal para quienes buscan comodidad y tranquilidad en una zona con excelente conectividad y cercanía a bares, tiendas y espacios verdes. Sin cochera.",false,"{""sintetico"": true, ""caso"": null, ""duplicado_de"": null}"
demo-a,demo-00081,https://demo-a.example/aviso/demo-00081,https://demo-a.example/aviso/demo-00081,Departamento 2 ambientes en Palermo,264000,USD,,,"Cabrera 1688, Piso 9","Palermo, Capital Federal",Inmobiliaria del Parque,56.3,8,64.3,2,1,1,60,1,Muy Bueno,,9,,2026-07-31,"Departamento en Palermo, sobre la calle Cabrera al 1600. Se trata de un dos ambientes bien distribuidos, con un dormitorio y un baño, en muy buen estado de conservación. Está en el piso 9, lo que le brinda una vista abierta y mucha luz natural durante todo el día. La unidad tiene 56 metros cuadrados cubiertos más un balcón terraza de 8 metros, ideal para poner una mesa y unas plantas. Incluye una cochera en el edificio, un detalle que suma mucho en la zona. Es un edificio con 60 años de antigüedad, bien mantenido y con los servicios básicos al día, sin amenities ni gastos extra. La ubicación es inmejorable, cerca de todos los comercios, bares y parques que hacen de Palermo uno de los barrios más buscados de la Ciudad. Ideal tanto para inversión como para vivir.",true,"{""sintetico"": true, ""caso"": null, ""duplicado_de"": null}"
demo-b,demo-00082,https://demo-b.example/aviso/demo-00082,https://demo-b.example/aviso/demo-00082,Departamento 2 ambientes en Palermo,232000,USD,421000,ARS,"Cabello 2211, Piso 12","Palermo, Capital Federal",Casa Nueva Negocios Inmobiliarios,50.4,,50.4,2,1,1,,0,A Estrenar,Interno,12,"sum, seguridad 24 h, solarium",2026-08-17,"Departamento a estrenar en el corazón de Palermo, sobre la calle Cabello al 2200. Unidad interna en piso 12 con ascensor, ideal para quien busca luz, silencio y privacidad. Cuenta con 2 ambientes, 1 dormitorio y 1 baño, todo en perfecto estado y con una superficie cubierta de 50 m². La distribución es funcional y moderna, pensada para aprovechar cada rincón.

El edificio ofrece amenities de primera: SUM, solarium y seguridad las 24 horas, para que vivas con total tranquilidad. Sin cochera, pero con excelente conectividad y todos los servicios a mano. Una oportunidad única para estrenar y hacerla tuya en uno de los barrios más buscados de la Ciudad. Consultá por esta unidad interna; te va a encantar.",true,"{""sintetico"": true, ""caso"": null, ""duplicado_de"": null}"
demo-a,demo-00083,https://demo-a.example/aviso/demo-00083,https://demo-a.example/aviso/demo-00083,Departamento 4 ambientes en Belgrano,302000,USD,296000,ARS,Juramento 3684,"Belgrano, Capital Federal",Mirador Propiedades,122.9,5,127.9,4,3,1,,1,Excelente,,2,,2026-06-27,"Departamento de 4 ambientes en pleno Belgrano, sobre Juramento al 3600, a metros de todo. Son 123 metros cuadrados cubiertos más 5 de balcón/terraza, con una distribución muy aprovechable y en excelente estado. Al ser piso 2, se disfruta de buena vista y luminosidad, pero sin depender de grandes alturas. El living comedor es amplio, con balcón que invita a desayunar o leer al aire libre. La cocina, con posibilidad de integración o independiente, suma un lavadero aparte que siempre se agradece.

Son tres dormitorios, todos con medidas que permiten cama queen o king, y un baño completo de tamaño completo. La planta es clásica, de las que ya no se consiguen: bien separada la zona de día de la de descanso. Incluye cochera propia en el edificio, algo que en la zona es un golazo. El edificio es sobrio, sin amenities, pero con una buena base de expensas. Ideal para familias que quieren vivir en uno de los barrios más lindos de la Ciudad, con colegios, subte, parques y toda la oferta gastronómica de Belgrano a la vuelta. Una oportunidad para los que buscan un piso de verdad, con ambientes grandes y buena energía. Consultanos por esta unidad única.",true,"{""sintetico"": true, ""caso"": null, ""duplicado_de"": null}"
demo-b,demo-00084,https://demo-b.example/aviso/demo-00084,https://demo-b.example/aviso/demo-00084,Departamento 1 ambientes en Palermo,137000,USD,,,Gorriti 4705,"Palermo, Capital Federal",Belgrano Brokers,32.7,2.5,35.2,,,,,,,,,gimnasio,2026-07-17,"Departamento a estrenar en pleno corazón de Palermo, sobre Gorriti al 4700. Se trata de un luminoso y funcional de 1 ambiente, ideal para inversores o para quien busca su primer refugio en la mejor zona de la ciudad. El inmueble se destaca por su orientación lateral, que garantiza privacidad y una vista tranquila. Está ubicado en un piso 1 y, al ser un edificio de baja altura sin ascensor, vas a tener el dato justo de lo que buscás: un living comedor integrado con una pequeña cocina equipada, un baño completo y un balcón terraza de 2 m² para despejarse. Sin cochera, pero con un gimnasio en el edificio para mantenerte en forma sin moverte de casa. El departamento cuenta con una superficie cubierta de 33 m², muy bien aprovechados.

Es un emprendimiento en construcción con entrega estimada para el mes de diciembre. Las fotos son del modelo de referencia, ya que el departamento a estrenar se entregará con la misma calidad y terminaciones. La zona es inmejorable: a metros de bares, restaurantes, subte y todos los servicios que Palermo ofrece. Una oportunidad única para estrenar un techo propio con la garantía de estar en un edificio nuevo. Consultanos por la financiación y coordina una visita al showroom para conocer los ambientes.",false,"{""sintetico"": true, ""caso"": ""pozo"", ""duplicado_de"": null}"
demo-b,demo-00085,https://demo-b.example/aviso/demo-00085,https://demo-b.example/aviso/demo-00085,Departamento 2 ambientes en Belgrano,98000,USD,273000,ARS,Sucre 3544,"Belgrano, Capital Federal",Grupo Arcos,38.0,,38.0,,,,,,,,,"pileta, laundry, seguridad 24 h, sum, parrilla",2026-04-29,"Departamento de dos ambientes en pleno Belgrano, sobre la calle Sucre al 3500, a metros de los puntos más vibrantes del barrio. Se trata de una unidad muy bien lograda, en muy buen estado, lista para que la disfrutes tal cual. Al ingresar te recibís con un living comedor amplio y luminoso, que se integra a la cocina. El dormitorio es cómodo y silencioso, ideal para descansar, y el baño completo está arreglado. Todo en 38 metros cuadrados de superficie cubierta, pensados para quien busca optimizar cada rincón sin perder confort.

El edificio cuenta con ascensor, algo que se agradece todos los días, y además ofrece amenities que elevan la experiencia de vivir acá: pileta para los días de calor, parrilla y SUM para juntadas con amigos, y laundry para olvidarte de la cola del lavadero. La seguridad es un punto fuerte, con vigilancia las 24 horas. Sin dudas, una oportunidad ideal para inversores o para parejas que quieran dar el salto a una propiedad con perfil de barrio, bien conectada y con todos los servicios a la vuelta. No requiere cochera, aunque encontrás opciones de alquiler cerca si la precisás.",false,"{""sintetico"": true, ""caso"": null, ""duplicado_de"": null}"
demo-a,demo-00086,https://demo-a.example/aviso/demo-00086,https://demo-a.example/aviso/demo-00086,Departamento 4 ambientes en Palermo,496000,USD,254000,ARS,Bulnes 685,"Palermo, Capital Federal",Belgrano Brokers,122.4,8,130.4,4,3,1,0,0,A Estrenar,Interno,,"laundry, gimnasio",2026-09-03,"Departamento a estrenar en el corazón de Palermo, sobre Bulnes al 600, en una zona que combina la tranquilidad de un barrio de siempre con la cercanía a los bares, plazas y medios de transporte. Se trata de una unidad interna de 122 m² cubiertos, que se suman a una terraza de 8 m², ideal para despejarse sin salir de casa. El living es amplio y luminoso, con balcón terraza que invita a armar un pequeño rincón verde o simplemente a tomar aire. La cocina, integrada y moderna, da lugar a un comedor diario; los tres dormitorios son de lindas proporciones, todos con posibilidad de guardar ropa cómodamente, y el baño completo está resuelto con terminaciones de nivel.

El edificio cuenta con ascensor y amenities que elevan la calidad de vida: laundry para no ocupar espacio en casa y un gimnasio para mantener la rutina sin moverte del predio. Si bien no tiene cochera, la ubicación compensa con creces: estás a metros de todo. Es una oportunidad para quienes buscan mudarse a un piso nuevo, sin gastar de más en remodelaciones. Pensada para parejas o familias chicas, esta propiedad se destaca por su funcionalidad y por estar en una de las zonas más buscadas de la Ciudad. Consultá por visitas, la atención es con gusto.",true,"{""sintetico"": true, ""caso"": null, ""duplicado_de"": null}"
demo-b,demo-00087,https://demo-b.example/aviso/demo-00087,https://demo-b.example/aviso/demo-00087,Departamento 4 ambientes en Palermo,362000,USD,,,Gorriti 1779,"Palermo, Capital Federal",Grupo Arcos,96.3,8,104.3,,,,,,,,,"gimnasio, solarium, seguridad 24 h, parrilla, laundry",2026-07-23,"Departamento de 4 ambientes en Gorriti al 1700, Palermo, al frente, piso 2, con 96 m² cubiertos más 8 m² de balcón terraza. Muy buen estado, a estrenar, con tres dormitorios y dos baños completos. El edificio cuenta con gimnasio, solarium, seguridad 24 horas, parrilla y laundry. Sin cochera. Ideal para quienes buscan un hogar moderno en una de las mejores zonas de la ciudad.",false,"{""sintetico"": true, ""caso"": null, ""duplicado_de"": null}"
demo-a,demo-00088,https://demo-a.example/aviso/demo-00088,https://demo-a.example/aviso/demo-00088,Departamento 3 ambientes en Palermo,386000,USD,143000,ARS,Nicaragua 4202,"Palermo, Capital Federal",Casa Nueva Negocios Inmobiliarios,81.6,,81.6,,,,,,,,,,2026-06-03,"Departamento a estrenar en pleno corazón de Palermo, sobre la calle Nicaragua al 4200. Se trata de un piso 3 con 82 metros cuadrados cubiertos, ideal para quien busca mudarse ya a un lugar moderno sin pensar en reformas. La distribución es de tres ambientes: dos dormitorios bien acompañados por un baño completo, todo en un estado impecable al ser a estrenar.

La zona es de lo más buscada, con la vida de Palermo a la vuelta de la esquina: bares, restaurantes y subtes cerca, pero en una cuadra tranquila que permite descansar. No tiene cochera ni amenities, pero eso se compensa con la practicidad de un edificio joven y la posibilidad de aprovechar cada rincón de los ambientes. Es una oportunidad clara para parejas o pequeños profesionales que valoren la ubicación por encima de todo.

El departamento, al ser a estrenar, viene con terminaciones modernas y pensadas para el día a día. Si estás buscando un tres ambientes sin vueltas, con buena iluminación y en pleno Palermo, este es el indicado. Consultanos por visitas; la propiedad se entrega en excelente estado y lista para escriturar.",false,"{""sintetico"": true, ""caso"": null, ""duplicado_de"": null}"
demo-b,demo-00089,https://demo-b.example/aviso/demo-00089,https://demo-b.example/aviso/demo-00089,Departamento 1 ambientes en Palermo,117000,USD,332000,ARS,Juncal 4367,"Palermo, Capital Federal",Mirador Propiedades,34.4,6.0,40.4,,,,,,,,,,2026-07-29,"Departamento de un ambiente en el corazón de Palermo, sobre Juncal al 4300, en una zona llena de vida comercial y con buena conectividad. Se destaca por estar al contrafrente, lo que garantiza un ambiente tranquilo y silencioso, ideal para quienes buscan descansar del bullicio de la ciudad. Con 34 m² cubiertos y 6 m² de balcón/terraza, el espacio se aprovecha al máximo. El inmueble, de 40 años de antigüedad, se encuentra en excelente estado, listo para habitar sin necesidad de reformas. Al ser sin ascensor, el costo de expensas es más accesible y la convivencia es más sencilla.

La distribución es funcional: el área de estar-comedor se integra con la pequeña cocina, y el baño completo está bien resuelto. El balcón/terraza suma un plus para disfrutar al aire libre o sumar un escritorio. Sin cochera ni amenities, el edificio mantiene un perfil bajo y clásico, con pocos vecinos. Ideal para inversores, estudiantes o para quienes buscan un refugio con buena ubicación y sin lujos innecesarios. Una oportunidad real para entrar a Palermo a un valor razonable.",false,"{""sintetico"": true, ""caso"": null, ""duplicado_de"": null}"
demo-a,demo-00090,https://demo-a.example/aviso/demo-00090,https://demo-a.example/aviso/demo-00090,Departamento 1 ambientes en Palermo,114000,USD,332000,ARS,Juncal 4300,"Palermo, Capital Federal",Sur & Asociados,33.3,6.0,39.3,,,,,,,,,,2026-07-31,"Excelente departamento de un ambiente en pleno Palermo, sobre Juncal al 4300. Está en piso 2, al contrafrente, lo que garantiza mucha tranquilidad y buena luz natural. Tiene 33 m² cubiertos más un balcón terraza de 6 m², ideal para disfrutar al aire libre. El inmueble se encuentra en excelente estado, listo para habitar. Es sin ascensor, pero el edificio es de pocos pisos y muy bien mantenido. Sin cochera ni amenities, pero con todos los servicios cerca. Una oportunidad perfecta para quienes buscan un primer hogar o una inversión en una de las zonas más conectadas de la ciudad.",false,"{""sintetico"": true, ""caso"": null, ""duplicado_de"": ""demo-00089""}"
demo-a,demo-00091,https://demo-a.example/aviso/demo-00091,https://demo-a.example/aviso/demo-00091,Departamento 2 ambientes en Palermo,292000,USD,497000,ARS,Gurruchaga 4156,"Palermo, Capital Federal",Belgrano Brokers,44.6,3,47.6,2,1,1,,0,A Estrenar,Contrafrente,0,"pileta, solarium, sum",2026-04-13,"Departamento a estrenar en Palermo, sobre Gurruchaga al 4100. Es una unidad al contrafrente en planta baja, con ascensor, de 45 m² cubiertos más 3 m² de balcón terraza. Cuenta con un dormitorio, un baño completo y un living comedor integrado. El edificio ofrece pileta, solarium y SUM. Al ser un emprendimiento en construcción, las fotos corresponden al modelo y la entrega estimada está prevista para los próximos meses. Una oportunidad ideal para quienes buscan primer hogar o inversión en una de las zonas más buscadas de la ciudad.",true,"{""sintetico"": true, ""caso"": ""pozo"", ""duplicado_de"": null}"
demo-b,demo-00092,https://demo-b.example/aviso/demo-00092,https://demo-b.example/aviso/demo-00092,Departamento 4 ambientes en Palermo,534000,USD,,,"Serrano 2364, Piso 12","Palermo, Capital Federal",Grupo Arcos,150.1,,150.1,4,3,1,15,0,Muy Bueno,,12,"sum, gimnasio",2026-06-09,"Departamento de 4 ambientes en Serrano al 2300, Palermo, pleno corazón del barrio. Tiene 150 m² cubiertos, con 3 dormitorios y un baño completo. Está en muy buen estado: se nota que se cuidó, y con sus 15 años de antigüedad mantiene una calidad que se ve en cada detalle. Está en piso 12, sin ascensor, así que hay que subir escaleras, pero la vista y la amplitud lo compensan. El edificio cuenta con sum y gimnasio, ideales para quienes buscan comodidad sin moverse de casa. Sin cochera, pero en Palermo todo queda cerca. Un departamento bien distribuido, luminoso, listo para habitar.",true,"{""sintetico"": true, ""caso"": null, ""duplicado_de"": null}"
demo-b,demo-00093,https://demo-b.example/aviso/demo-00093,https://demo-b.example/aviso/demo-00093,Departamento 1 ambientes en Palermo,122000,USD,507000,ARS,Bonpland 5141,"Palermo, Capital Federal",Sur & Asociados,34.1,2.5,36.6,,,,,,,,,"pileta, parrilla, laundry, seguridad 24 h, gimnasio",2026-06-25,"Departamento de 1 ambiente en Bonpland al 5100, Palermo. Piso 15 con ascensor, 34 m² cubiertos más balcón terraza de 2 m². Baño completo. El edificio cuenta con pileta, parrilla, laundry, gimnasio y seguridad 24 horas. Ideal como inversión o para quienes buscan un espacio funcional en una de las zonas más conectadas de la ciudad. Sin cochera.",false,"{""sintetico"": true, ""caso"": null, ""duplicado_de"": null}"
demo-a,demo-00094,https://demo-a.example/aviso/demo-00094,https://demo-a.example/aviso/demo-00094,Departamento 4 ambientes en Palermo,352000,USD,138000,ARS,"Malabia 2981, Piso 3","Palermo, Capital Federal",Inmobiliaria del Parque,120.1,8,128.1,4,3,3,70,0,Muy Bueno,,3,"gimnasio, laundry, seguridad 24 h",2026-05-08,"Departamento de 4 ambientes en Palermo, sobre Malabia al 2900, con 3 dormitorios y 3 baños. Tiene 120 m² cubiertos más un balcón terraza de 8 m², y está en muy buen estado, con ascensor, a pesar de sus 70 años de antigüedad. El edificio cuenta con gimnasio, laundry y seguridad 24 horas; no incluye cochera. Ideal para quienes buscan un lugar amplio y bien ubicado en la zona.",true,"{""sintetico"": true, ""caso"": null, ""duplicado_de"": null}"
demo-a,demo-00095,https://demo-a.example/aviso/demo-00095,https://demo-a.example/aviso/demo-00095,Departamento 4 ambientes en Palermo,623000,USD,,,"Guatemala 5304, Piso 3","Palermo, Capital Federal",Grupo Arcos,132.8,3,135.8,4,3,3,,0,A Estrenar,Frente,3,,2026-07-27,"Departamento a estrenar en pleno corazón de Palermo, sobre la calle Guatemala al 5300, en una zona que combina lo mejor de la vida barrial con la cercanía a los bares y espacios verdes. Se trata de una unidad en el piso 3, con ascensor, y totalmente al frente, lo que garantiza una muy linda luminosidad durante todo el día. Son 133 metros cuadrados cubiertos más una terraza balcón de 3 metros, ideales para desayunar o leer al aire libre.

La distribución es muy funcional: 4 ambientes con 3 dormitorios, todos ellos amplios y con buena ventilación, y 3 baños completos, pensados para que cada integrante de la familia tenga su propio espacio. Al ser un emprendimiento en construcción, las fotos que ves corresponden al modelo de exhibición, pero la terminación final será de excelente nivel. La entrega estimada está prevista para el segundo semestre del año que viene, así que es una oportunidad perfecta si querés mudarte a un lugar nuevo sin esperar demasiado.

No incluye cochera ni amenities, pero la ubicación lo compensa con creces: estás a pocas cuadras de todo. Consultanos por este desarrollo único.",true,"{""sintetico"": true, ""caso"": ""pozo"", ""duplicado_de"": null}"
demo-b,demo-00097,https://demo-b.example/aviso/demo-00097,https://demo-b.example/aviso/demo-00097,Departamento 2 ambientes en Palermo,152000,USD,,,"Cabello 4924, Piso 15","Palermo, Capital Federal",Sur & Asociados,49.5,12,61.5,2,1,1,50,0,Excelente,,15,parrilla,2026-05-30,"Departamento de dos ambientes en Palermo, Cabello al 4900, en excelente estado. Está en un piso 15, con una superficie cubierta de 50 m² más 12 m² de balcón terraza, ideal para disfrutar al aire libre. El departamento tiene 1 dormitorio, 1 baño y cuenta con parrilla en el edificio, un plus para quienes les gusta recibir. El edificio tiene 50 años de antigüedad pero el departamento está muy bien mantenido, listo para entrar a vivir. Sin cochera. Una oportunidad para quienes buscan un dos ambientes bien ubicado en uno de los mejores barrios de la ciudad.",true,"{""sintetico"": true, ""caso"": null, ""duplicado_de"": null}"
demo-a,demo-00098,https://demo-a.example/aviso/demo-00098,https://demo-a.example/aviso/demo-00098,Departamento 5 ambientes en Palermo,531000,USD,282000,ARS,Cabello 5572,"Palermo, Capital Federal",Mirador Propiedades,168.8,8,176.8,,,,,,,,,pileta,2026-08-30,"Departamento de 5 ambientes en pleno Palermo, sobre la calle Cabello al 5500. Piso 9, con 169 m² cubiertos más 8 m² de balcón terraza, ideal para quienes buscan espacio y luminosidad en una zona privilegiada. Cuenta con 4 dormitorios, 2 baños y cochera para un vehículo. El edificio tiene pileta y apenas 5 años de antigüedad, lo que garantiza terminaciones modernas y un mantenimiento impecable. Un piso pensado para disfrutar en familia, con buena distribución y ambientes amplios.",false,"{""sintetico"": true, ""caso"": null, ""duplicado_de"": null}"
demo-a,demo-00100,https://demo-a.example/aviso/demo-00100,https://demo-a.example/aviso/demo-00100,Departamento 3 ambientes en Belgrano,127000,USD,322000,ARS,Echeverría 5309,"Belgrano, Capital Federal",Grupo Arcos,65.1,,65.1,,,,,,,,,,2026-07-04,"Departamento de 3 ambientes en Belgrano, sobre Echeverría al 5300, con 65 metros cuadrados cubiertos. Cuenta con dos dormitorios, un baño y un living comedor amplio. Es una propiedad sin ascensor, con 60 años de antigüedad, ideal para quienes buscan un piso a refaccionar y ponerlo a su gusto. No tiene cochera ni amenities, pero está en una zona muy bien conectada, cerca de comercios, transportes y espacios verdes. Una oportunidad para invertir o armar el hogar desde cero en uno de los barrios más lindos de la Ciudad.",false,"{""sintetico"": true, ""caso"": null, ""duplicado_de"": null}"
demo-a,demo-00101,https://demo-a.example/aviso/demo-00101,https://demo-a.example/aviso/demo-00101,Departamento 3 ambientes en Belgrano,311000,USD,245000,ARS,O'Higgins 4808,"Belgrano, Capital Federal",Casa Nueva Negocios Inmobiliarios,71.2,,71.2,,,,,,,,,,2026-06-17,"Departamento de tres ambientes en Belgrano, sobre la calle O'Higgins al 4800. Son 71 m² cubiertos distribuidos en dos dormitorios, living comedor, cocina y baño completo. Se destaca por su excelente estado: a los 15 años de antigüedad se mantiene impecable, listo para entrar a vivir. Está en un piso 6 con buena luminosidad y vista abierta, ideal para quienes buscan un hogar tranquilo en uno de los barrios más buscados de la Ciudad. Sin cochera ni amenities, pero con todos los servicios y la conectividad que ofrece la zona. Un departamento clásico, bien conservado y con excelente relación entre sus ambientes.",false,"{""sintetico"": true, ""caso"": null, ""duplicado_de"": null}"
demo-a,demo-00102,https://demo-a.example/aviso/demo-00102,https://demo-a.example/aviso/demo-00102,Departamento 3 ambientes en Belgrano,353000,USD,297000,ARS,Cabildo 2626,"Belgrano, Capital Federal",Grupo Arcos,96.1,,96.1,,,,,,,,,"solarium, parrilla, sum",2026-06-27,"Departamento a estrenar en pleno Belgrano, sobre Cabildo al 2600, a pasos de todo. Se trata de una unidad interna de 96 m² cubiertos, pensada para quien busca comodidad y buena ubicación sin renunciar a la tranquilidad. Son 3 ambientes con 2 dormitorios y 1 baño, todo muy bien distribuido y con linda luz.

El edificio es con ascensor y cuenta con amenities que se disfrutan de verdad: solarium con parrilla y un SUM ideal para reuniones. Al ser un emprendimiento en construcción, las fotos que ves son del modelo, no del edificio real, y la entrega estimada está pautada para los próximos meses. Una oportunidad para estrenar en una de las zonas más buscadas de la ciudad, con todos los servicios, subtes, colectivos y verde cerca. Ideal como vivienda principal o para inversor que quiera un activo en una ubicación de privilegio.",false,"{""sintetico"": true, ""caso"": ""pozo"", ""duplicado_de"": null}"
demo-a,demo-00103,https://demo-a.example/aviso/demo-00103,https://demo-a.example/aviso/demo-00103,Departamento 2 ambientes en Palermo,203000,USD,515000,ARS,"Malabia 3439, Piso 12","Palermo, Capital Federal",Norte Propiedades,45.2,,45.2,2,1,1,0,0,A Estrenar,,12,,2026-07-19,"Departamento de dos ambientes a estrenar en Palermo, sobre Malabia al 3400. Se trata de un piso 12 con 45 m² cubiertos, distribuidos en un dormitorio, un baño y un living comedor. Es una unidad a est",true,"{""sintetico"": true, ""caso"": null, ""duplicado_de"": null}"
demo-b,demo-00104,https://demo-b.example/aviso/demo-00104,https://demo-b.example/aviso/demo-00104,Departamento 2 ambientes en Palermo,206000,USD,515000,ARS,"Malabia 3400, Piso 12","Palermo, Capital Federal",Norte Propiedades,47.7,,47.7,2,1,1,,0,A Estrenar,,12,,2026-07-29,"Se vende departamento a estrenar en una de las zonas más buscadas de Palermo, sobre Malabia al 3400. Este dos ambientes en piso 12 ofrece una distribución funcional con living comedor, cocina integrada, un dormitorio y un baño completo, todo en 48 m² cubiertos de superficie. Aunque no cuenta con cochera ni amenities, su ubicación privilegiada compensa con creces: cerca de subtes, colectivos, bares, restaurantes y espacios verdes como el Parque Sarmiento. Es ideal tanto para inversores como para quienes quieren su primer hogar en un barrio vibrante. El departamento está pensado para disfrutar de la vida urbana con todos los servicios a mano. No dejes pasar la oportunidad de conocer este impecable a estrenar con excelente luminosidad y vistas despejadas desde el piso 12. Consultá por más detalles sin compromiso.",true,"{""sintetico"": true, ""caso"": null, ""duplicado_de"": ""demo-00103""}"
demo-a,demo-00105,https://demo-a.example/aviso/demo-00105,https://demo-a.example/aviso/demo-00105,Departamento 1 ambientes en Palermo,108000,USD,128000,ARS,"Gurruchaga 1051, Piso 4","Palermo, Capital Federal",Sur & Asociados,34.2,6.0,40.2,1,0,1,,0,Muy Bueno,,4,"sum, seguridad 24 h, gimnasio",2026-08-07,"Departamento de un ambiente en Palermo, sobre Gurruchaga al 1000. Son 34 m² cubiertos más 6 m² de balcón/terraza, todo en muy buen estado. Está en piso 4, con orientación abierta y buena luminosidad. Edificio con seguridad las 24 horas, SUM y gimnasio. Sin cochera. Se acepta permuta por otra unidad o financiación en cuotas. Ideal para inversión o para quienes buscan un primer hogar bien ubicado, cerca de bares, tiendas y transporte. Consultá con nosotros para coordinar visita.",true,"{""sintetico"": true, ""caso"": ""permuta"", ""duplicado_de"": null}"
demo-a,demo-00106,https://demo-a.example/aviso/demo-00106,https://demo-a.example/aviso/demo-00106,Departamento 4 ambientes en Belgrano,306000,USD,217000,ARS,Echeverría 4061,"Belgrano, Capital Federal",Sur & Asociados,96.1,,96.1,,,,,,,,,solarium,2026-07-06,"Departamento de 4 ambientes en Belgrano, sobre Echeverría al 4000. Con 96 m² cubiertos, cuenta con 3 dormitorios, 2 baños y un amplio living-comedor. Al contrafrente, lo que garantiza una excelente luminosidad y silencio. A pesar de sus 50 años de antigüedad, se encuentra en buen estado general, con detalles que reflejan el cuidado de sus dueños. El edificio ofrece solarium, ideal para disfrutar del aire libre sin salir de casa. Sin cochera, pero con muy buena conectividad y cercanía a comercios, parques y transporte público. Una oportunidad para quienes buscan un hogar con personalidad en uno de los barrios más tradicionales de la Ciudad. Consultá por visita.",false,"{""sintetico"": true, ""caso"": null, ""duplicado_de"": null}"
demo-a,demo-00107,https://demo-a.example/aviso/demo-00107,https://demo-a.example/aviso/demo-00107,Departamento 1 ambientes en Belgrano,70000,USD,319000,ARS,Blanco Encalada 4135,"Belgrano, Capital Federal",Casa Nueva Negocios Inmobiliarios,28.0,6.0,34.0,,,,,,,,,"parrilla, sum, pileta",2026-07-20,"Departamento de 1 ambiente en pleno Belgrano, sobre Blanco Encalada al 4100. Es al frente, piso 2 con ascensor, y cuenta con 28 m² cubiertos más un balcón/terraza de 6 m² que suma un lindo espacio al aire libre. El baño es completo y el edificio, con 70 años de antigüedad, mantiene el carácter de los clásicos de la zona. Sin cochera, pero con amenities que incluyen parrilla, SUM y pileta para disfrutar sin salir de casa. Ideal para quienes buscan un pie en uno de los mejores barrios de la Ciudad, cerca de todo y con la tranquilidad de un edificio bien ubicado. Consultanos para coordinar una visita.",false,"{""sintetico"": true, ""caso"": null, ""duplicado_de"": null}"
demo-b,demo-00108,https://demo-b.example/aviso/demo-00108,https://demo-b.example/aviso/demo-00108,Departamento 1 ambientes en Belgrano,72000,USD,319000,ARS,Blanco Encalada 4100,"Belgrano, Capital Federal",Norte Propiedades,28.9,6.0,34.9,,,,,,,,,"parrilla, sum, pileta",2026-07-25,"Departamento de un ambiente en el corazón de Belgrano, sobre Blanco Encalada al 4100. Ideal para quienes buscan un lugar canchero y bien ubicado, con esos 29 m² de superficie cubierta más un balcón/terraza de 6 m² que le suma luz y aire a todo el día. El inmueble, de 70 años de antigüedad, conserva ese encanto clásico de los edificios de la zona, pero en buen estado general, listo para habitar o alquilar como inversión. Al estar al frente, la luminosidad es un punto a favor, y la distribución aprovecha cada metro sin desperdicio.

El edificio cuenta con parrilla, SUM y pileta, ideales para desenchufar sin moverte de tu barrio. Sin cochera, pero con todos los servicios y el transporte a la vuelta, más los bares y plazas que hacen de Belgrano un lujo. La zona es tranquila, con verde cerca y el subte a unas cuadras. Acá tenés un fiel reflejo de lo que buscás si querés vivir cómodo, con personalidad y sin pagar de más por metros que no usás. Consultá por la visita, la vemos sin compromiso.",false,"{""sintetico"": true, ""caso"": null, ""duplicado_de"": ""demo-00107""}"
demo-b,demo-00109,https://demo-b.example/aviso/demo-00109,https://demo-b.example/aviso/demo-00109,Departamento 4 ambientes en Palermo,322000,USD,143000,ARS,"Godoy Cruz 5683, Piso 15","Palermo, Capital Federal",Estudio Lacroze,124.8,5,129.8,4,3,2,15,0,Bueno,,15,pileta,2026-07-14,"Departamento de 4 ambientes en Palermo, sobre Godoy Cruz al 5600. Con 125 m² cubiertos más un balcón terraza de 5 m², muy bien aprovechados. Tres dormitorios, dos baños, y un buen estado general que se nota en cada detalle. El edificio cuenta con ascensor y tiene 15 años de antigüedad, lo que le da una construcción sólida y moderna a la vez. Para los días de calor, el complejo ofrece pileta, ideal para relajarse sin salir de casa. Una excelente oportunidad en una zona con todos los servicios, cerca de bares, restaurantes y transporte. Sin cochera.",true,"{""sintetico"": true, ""caso"": null, ""duplicado_de"": null}"
demo-a,demo-00110,https://demo-a.example/aviso/demo-00110,https://demo-a.example/aviso/demo-00110,Departamento 4 ambientes en Palermo,486000,USD,181000,ARS,"Charcas 4558, Piso 8","Palermo, Capital Federal",Belgrano Brokers,132.4,,132.4,4,3,2,15,0,Excelente,,8,laundry,2026-08-18,"Departamento de 4 ambientes en pleno Palermo, sobre la calle Charcas al 4500. Son 132 m² cubiertos en un piso 8, con una distribución súper funcional: 3 dormitorios, 2 baños y un living comedor amplio que se presta para armar distintos ambientes. El inmueble está en excelente estado, se nota que lo cuidaron bien: tiene 15 años de antigüedad pero se mantiene impecable, con todos los revestimientos y aberturas en buen estado. El edificio cuenta con laundry, lo que suma mucha practicidad para el día a día. No incluye cochera, pero la ubicación sobre Charcas te deja cerca de bares, negocios y transporte. Ideal para quien busca un piso bien ubicado, luminoso y en condiciones de entrar sin grandes reformas.",true,"{""sintetico"": true, ""caso"": null, ""duplicado_de"": null}"
demo-a,demo-00112,https://demo-a.example/aviso/demo-00112,https://demo-a.example/aviso/demo-00112,Departamento 3 ambientes en Belgrano,239000,USD,246000,ARS,"Cabildo 1436, Piso 1","Belgrano, Capital Federal",Sur & Asociados,78.3,5,83.3,3,2,1,0,0,A Estrenar,Frente,1,"pileta, gimnasio",2026-08-22,"Departamento a estrenar en pleno Belgrano, sobre Cabildo al 1400, a estrenar. Se trata de un lindo 2 ambientes con dos dormitorios, en piso 1, al frente y con ascensor. Son 78 m² cubiertos más una terraza de 5 m², ideal para aprovechar las vistas y la luminosidad del frente. El edificio cuenta con pileta y gimnasio, perfectos para el día a día sin moverte de tu casa.

La unidad está en plena construcción, por lo que las fotos corresponden al modelo del emprendimiento, con una entrega estimada para los próximos meses. La zona es inmejorable: a metros de los subtes, los bosques de Palermo y toda la oferta comercial y gastronómica de Belgrano. Sin cochera, pero con la practicidad de vivir a un paso de todo. Consultá por este desarrollo pensado para quienes buscan estrenar y mudarse sin vueltas.",true,"{""sintetico"": true, ""caso"": ""pozo"", ""duplicado_de"": null}"
demo-a,demo-00113,https://demo-a.example/aviso/demo-00113,https://demo-a.example/aviso/demo-00113,Departamento 3 ambientes en Belgrano,255000,USD,383000,ARS,Ciudad de la Paz 4811,"Belgrano, Capital Federal",Mirador Propiedades,81.6,12,93.6,,,,,,,,,"seguridad 24 h, gimnasio",2026-09-02,"Departamento de 3 ambientes en pleno Belgrano, sobre Ciudad de la Paz al 4800, a metros de todo. Son 82 m² cubiertos más 12 m² de balcón/terraza, en un piso 15, al contrafrente, con una vista que acompaña el día a día. El edificio tiene 40 años de antigüedad, pero el departamento está en muy buen estado, con la distribución clásica de los edificios de esa época: living comedor amplio, cocina con lavadero integrado, dos dormitorios bien separados y un baño completo. 

La orientación al contrafrente garantiza silencio, que es un lujo en la ciudad. El balcón/terraza suma metros para desayunar o leer, y el gimnasio del edificio te salva de pagar un gimnasio aparte. La seguridad 24 horas es de las que se agradecen, sobre todo para viajar tranquilo o llegar tarde a casa. No tiene cochera, pero en la zona hay varias opciones de garage a la vuelta. Ideal para pareja o para quien busca un primer piso con buena superficie y sin sorpresas. Consultá por visitas, se atiende sin compromiso.",false,"{""sintetico"": true, ""caso"": null, ""duplicado_de"": null}"
demo-b,demo-00114,https://demo-b.example/aviso/demo-00114,https://demo-b.example/aviso/demo-00114,Departamento 2 ambientes en Palermo,137000,USD,378000,ARS,Arenales 4779,"Palermo, Capital Federal",Belgrano Brokers,41.8,5,46.8,,,,,,,,,,2026-07-08,"Departamento de dos ambientes en Palermo, sobre Arenales al 4700, piso 6 con ascensor. Muy buen estado, con 42 m² cubiertos más 5 m² de balcón terraza. Orientación lateral, lo que le da una luz particular y privacidad. El edificio tiene 70 años de antigüedad, pero la unidad está impecable, lista para habitar. Un dormitorio, un baño completo, cocina independiente y living comedor amplio. Sin cochera ni amenities, ideal para quienes buscan un piso clásico de barrio, bien ubicado, cerca de subtes, bares y parques. A consultar.",false,"{""sintetico"": true, ""caso"": null, ""duplicado_de"": null}"
demo-a,demo-00115,https://demo-a.example/aviso/demo-00115,https://demo-a.example/aviso/demo-00115,Departamento 2 ambientes en Palermo,123000,USD,187000,ARS,"Nicaragua 509, Piso 7","Palermo, Capital Federal",Casa Nueva Negocios Inmobiliarios,42.8,3,45.8,2,1,1,,1,Bueno,Contrafrente,7,,2026-07-01,"Departamento de 2 ambientes en Nicaragua al 500, Palermo, piso 7 con ascensor y balcón terraza de 3 m². Cuenta con 43 m² cubiertos, un dormitorio, un baño y una cochera. Al contrafrente, lo que garantiza buena luz y menor ruido. El inmueble se encuentra en buen estado general, listo para habitar. Se acepta permuta por otra unidad o financiación en cuotas. Ideal para quienes buscan un piso chico pero bien distribuido en una de las mejores zonas de Palermo. Sin amenities.",true,"{""sintetico"": true, ""caso"": ""permuta"", ""duplicado_de"": null}"
demo-a,demo-00116,https://demo-a.example/aviso/demo-00116,https://demo-a.example/aviso/demo-00116,Departamento 2 ambientes en Belgrano,112000,USD,,,O'Higgins 4012,"Belgrano, Capital Federal",Estudio Lacroze,41.5,,41.5,,,,,,,,,sum,2026-04-24,"Departamento en O'Higgins al 4000, Belgrano, muy bien ubicado y en **muy buen estado**. Es un dos ambientes **al frente** en **piso 6**, con una superficie cubierta de 42 m². Cuenta con un dormitorio, un baño completo y un living cómodo. El edificio ofrece sum para disfrutar durante todo el año. Ideal para quienes buscan un primer hogar o una inversión en uno de los mejores barrios de la Ciudad. Sin cochera. Consultanos por visitas.",false,"{""sintetico"": true, ""caso"": null, ""duplicado_de"": null}"
demo-a,demo-00117,https://demo-a.example/aviso/demo-00117,https://demo-a.example/aviso/demo-00117,Departamento 2 ambientes en Palermo,123000,USD,516000,ARS,"Gorriti 2517, Piso 12","Palermo, Capital Federal",Norte Propiedades,36.8,,36.8,2,1,1,40,0,Excelente,Frente,12,"laundry, parrilla, solarium",2026-09-09,"Departamento de 2 ambientes en Gorriti al 2500, Palermo, al frente, piso 12. Con 37 m² cubiertos, está en excelente estado a pesar de sus 40 años de antigüedad. Cuenta con un dormitorio, un baño completo y un living comedor bien aprovechado. El edificio ofrece laundry, parrilla y solarium. Sin cochera. Ideal para quienes buscan un inmueble bien ubicado, con buena luz y vistas abiertas.",true,"{""sintetico"": true, ""caso"": null, ""duplicado_de"": null}"
demo-b,demo-00118,https://demo-b.example/aviso/demo-00118,https://demo-b.example/aviso/demo-00118,Departamento 2 ambientes en Palermo,112000,USD,279000,ARS,"Uriarte 516, Piso 5","Palermo, Capital Federal",Estudio Lacroze,39.4,3,42.4,2,1,1,45,0,Muy Bueno,,5,"sum, laundry",2026-05-28,"Departamento de 2 ambientes en el corazón de Palermo, sobre la querida calle Uriarte al 500. Está en muy buen estado y listo para vivir, con una distribución bien pensada que aprovecha cada metro de sus 39 m² cubiertos, más un balconcito de 3 m² que suma un aire extra. Al estar en un piso 5 y sin ascensor, vas a tener la tranquilidad de un edificio de pocos pisos y una vista despejada que se agradece, aunque eso sí, hay que subir las escaleras con las compras.

El edificio, con 45 años de antigüedad, tiene ese carácter de los construidos en su época, pero bien mantenido. El departamento es ideal para una pareja o para quien busca un primer monoambiente con un dormitorio bien separado. Cuenta con amenities que suman comodidad al día a día: un sum de uso común y lavadero. Sin cochera, pero en esta zona de Palermo no la vas a necesitar, porque estás a metros de todo: bares, subte, verde y la movida cultural. Una oportunidad para los que quieren mudarse ya a un barrio de verdad, con personalidad y vida de barrio a la vuelta de la esquina.",true,"{""sintetico"": true, ""caso"": null, ""duplicado_de"": null}"
demo-a,demo-00119,https://demo-a.example/aviso/demo-00119,https://demo-a.example/aviso/demo-00119,Departamento 5 ambientes en Belgrano,476000,USD,301000,ARS,"Vuelta de Obligado 2513, Piso 6","Belgrano, Capital Federal",Norte Propiedades,159.4,8,167.4,5,4,3,,0,Muy Bueno,,6,laundry,2026-05-31,"Departamento de 5 ambientes en pleno Belgrano, sobre Vuelta de Obligado al 2500, una zona que combina tranquilidad residencial con la cercanía a todos los servicios. Se trata de una propiedad muy bien lograda, en muy buen estado, lista para habitar sin vueltas. Son 159 m² cubiertos más 8 m² de balcón/terraza, con una distribución que separa claramente el área social del privado: 4 dormitorios, 3 baños y un laundry integrado como amenitiy, algo que siempre se agradece en el día a día.

El edificio cuenta con ascensor, así que olvidate de subir escaleras con las bolsas del super. Al no tener cochera, seguramente uses la de los vecinos o las opciones de alquiler de la zona, pero es un detalle menor frente a todo lo que ofrece este piso. Ideal para familias que buscan espacio real sin resignar ubicación, con la cancha de River, los bosques de Palermo y el bajo Belgrano a unas cuadras. Una oportunidad concreta para los que quieren metros bien aprovechados. Consultá por visitas.",true,"{""sintetico"": true, ""caso"": null, ""duplicado_de"": null}"
demo-a,demo-00120,https://demo-a.example/aviso/demo-00120,https://demo-a.example/aviso/demo-00120,Departamento 2 ambientes en Belgrano,219000,USD,213000,ARS,"Blanco Encalada 750, Piso 3","Belgrano, Capital Federal",Estudio Lacroze,49.5,12,61.5,2,1,1,,0,A Estrenar,Lateral,3,"gimnasio, parrilla, solarium",2026-09-02,"Departamento a estrenar en pleno Belgrano, sobre Blanco Encalada al 700. Cuenta con dos ambientes, un dormitorio y un baño, con una superficie cubierta de 50 m² más un balcón terraza de 12 m² que suma espacio al aire libre. Disfruta de una orientación lateral que garantiza buena luz natural durante el día. El edificio cuenta con ascensor y ofrece amenities como gimnasio, parrilla y solarium, ideales para el día a día. Sin cochera, pero con todo lo necesario para vivir cómodo en uno de los barrios más buscados de la ciudad.",true,"{""sintetico"": true, ""caso"": null, ""duplicado_de"": null}"
demo-a,demo-00121,https://demo-a.example/aviso/demo-00121,https://demo-a.example/aviso/demo-00121,Departamento 4 ambientes en Belgrano,258000,USD,,,"Blanco Encalada 603, Piso 15","Belgrano, Capital Federal",Grupo Arcos,100.2,5,105.2,4,3,3,,0,Bueno,Contrafrente,15,,2026-07-26,"Excelente departamento de 4 ambientes en Blanco Encalada al 600, Belgrano, con una superficie total de 105 m² (100 cubiertos más un balcón terraza de 5 m²). Cuenta con 3 dormitorios y 3 baños, todos en buen estado general. Se destaca por su disposición al contrafrente, lo que garantiza privacidad y silencio. Sin cochera ni amenities, es ideal para quienes buscan un hogar funcional y bien ubicado en uno de los barrios más buscados de la ciudad.",true,"{""sintetico"": true, ""caso"": null, ""duplicado_de"": null}"
demo-b,demo-00122,https://demo-b.example/aviso/demo-00122,https://demo-b.example/aviso/demo-00122,Departamento 3 ambientes en Belgrano,298000,USD,265000,ARS,Echeverría 5012,"Belgrano, Capital Federal",Inmobiliaria del Parque,94.3,,94.3,,,,,,,,,,2026-05-30,"Departamento de 3 ambientes en pleno Belgrano, sobre la calle Echeverría al 5000, una de las zonas más buscadas de la Ciudad. Son 94 m² cubiertos muy bien aprovechados, con 2 dormitorios y 1 baño. La cocina es amplia y el living comedor tiene linda recepción. Se destaca por su muy buen estado, está para entrar a vivir o para invertir con buena renta. Cuenta con cochera propia y es en edificio con ascensor, un combo que se agradece en el día a día.

La ubicación es inmejorable: a metros del bajo, cerca de los bosques de Palermo y con todos los servicios a la vuelta. Al no tener amenities, el expensas es más liviano, lo que lo hace ideal para quien busca sumar metros y comodidad sin pagar de más por instalaciones que no va a usar. Es un piso firme, luminoso y con linda distribución. Ideal para parejas o para quien quiera mudarse a un barrio con onda pero sin perder la tranquilidad. Consultanos por esta propiedad, la atención es personalizada.",false,"{""sintetico"": true, ""caso"": null, ""duplicado_de"": null}"
demo-a,demo-00123,https://demo-a.example/aviso/demo-00123,https://demo-a.example/aviso/demo-00123,Departamento 1 ambientes en Belgrano,85000,USD,196000,ARS,Zapiola 4249,"Belgrano, Capital Federal",Norte Propiedades,26.5,,26.5,1,0,1,,0,A Estrenar,Contrafrente,10,parrilla,2026-08-24,"Departamento a estrenar en Belgrano, sobre Zapiola al 4200. Unidad al contrafrente que garantiza mucha tranquilidad, con buena luz natural. Está en el piso 10, ideal para quienes buscan un primer hogar o una inversión segura en una zona consolidada. Cuenta con 26 m² cubiertos distribuidos en un ambiente amplio, baño completo y cocina integrada. El edificio ofrece parrilla en las áreas comunes. La entrega estimada es para el segundo semestre de 2025; las fotos corresponden al modelo similar y pueden variar levemente respecto a la unidad final. No incluye cochera. Una oportunidad única para vivir en uno de los barrios más buscados de la Ciudad, con todos los servicios a mano y excelente conectividad.",true,"{""sintetico"": true, ""caso"": ""pozo"", ""duplicado_de"": null}"
demo-a,demo-00124,https://demo-a.example/aviso/demo-00124,https://demo-a.example/aviso/demo-00124,Departamento 2 ambientes en Palermo,150000,USD,365000,ARS,"Cabello 2942, Piso 6","Palermo, Capital Federal",Norte Propiedades,38.9,8,46.9,2,1,1,,0,Muy Bueno,Frente,6,"gimnasio, seguridad 24 h, solarium, laundry, pileta",2026-06-11,"Departamento de dos ambientes en Palermo, sobre la calle Cabello al 2900, al frente y en muy buen estado. Con 39 m² cubiertos más un balcón terraza de 8 m², ideal para quienes buscan un espacio luminoso y funcional. Cuenta con un dormitorio, un baño completo y una distribución que aprovecha cada metro. El edificio ofrece amenities de primer nivel: gimnasio, pileta, solarium, laundry y seguridad las 24 horas, pensados para una vida cómoda y sin preocupaciones. Sin cochera, pero en una zona con excelente conectividad y todos los servicios a la vuelta de la esquina. Una oportunidad concreta en uno de los barrios más buscados de la Ciudad.",true,"{""sintetico"": true, ""caso"": null, ""duplicado_de"": null}"
demo-a,demo-00125,https://demo-a.example/aviso/demo-00125,https://demo-a.example/aviso/demo-00125,Departamento 2 ambientes en Palermo,257000,USD,259000,ARS,"Juncal 2731, Piso 1","Palermo, Capital Federal",Inmobiliaria del Parque,58.0,,58.0,2,1,1,8,1,Excelente,Contrafrente,1,"seguridad 24 h, gimnasio, laundry, solarium, parrilla",2026-08-10,"Departamento de 2 ambientes en Palermo, sobre Juncal al 2700, con una superficie cubierta de 58 m². Se destaca por ubicarse al contrafrente, lo que garantiza una excelente luminosidad y una notable tranquilidad en todas sus horas. La unidad cuenta con un dormitorio, un baño completo y una cochera incluida en el precio, ideal para quienes buscan comodidad sin trasladarse lejos del auto. El edificio tiene 8 años de antigüedad y ofrece amenities pensados para el día a día: seguridad las 24 horas, gimnasio equipado, laundry, solarium y parrilla, perfectos para disfrutar sin salir del edificio. Una oportunidad concreta en una de las zonas más buscadas de la ciudad, cerca de bares, subtes y espacios verdes.",true,"{""sintetico"": true, ""caso"": null, ""duplicado_de"": null}"
demo-b,demo-00126,https://demo-b.example/aviso/demo-00126,https://demo-b.example/aviso/demo-00126,Departamento 4 ambientes en Palermo,371000,USD,386000,ARS,"Uriarte 623, Piso 3","Palermo, Capital Federal",Grupo Arcos,100.5,5,105.5,4,3,2,25,0,Excelente,Frente,3,gimnasio,2026-06-27,"Departamento de 4 ambientes en Uriarte al 600, Palermo, al frente, piso 3. Son 100 m² cubiertos más 5 m² de balcón terraza, con tres dormitorios y dos baños. El edificio tiene 25 años de antigüedad pero el departamento está en excelente estado, listo para habitar. Cuenta con gimnasio en el edificio y muy buena distribución. Sin cochera. Ideal para quienes buscan un espacio luminoso y bien ubicado en una de las zonas más buscadas de la ciudad.",true,"{""sintetico"": true, ""caso"": null, ""duplicado_de"": null}"
demo-a,demo-00128,https://demo-a.example/aviso/demo-00128,https://demo-a.example/aviso/demo-00128,Departamento 2 ambientes en Palermo,199000,USD,451000,ARS,"Darregueyra 3826, Piso 5","Palermo, Capital Federal",Inmobiliaria del Parque,36.9,3,39.9,2,1,1,,0,Excelente,Frente,5,seguridad 24 h,2026-06-13,"Departamento de 2 ambientes en Palermo, sobre Darregueyra al 3800. Está en **excelente estado**, listo para mudarse. Es **al frente**, así que tiene buena luz natural durante todo el día. Está en **piso 5** **con ascensor**, lo que suma comodidad y vistas despejadas. La unidad cuenta con 37 m² cubiertos más 3 m² de balcón terraza, ideal para tomar aire sin salir de casa. Tiene un dormitorio, un baño completo y un living comedor integrado. El edificio ofrece seguridad 24 horas, un plus para quienes buscan tranquilidad. Sin cochera. Una oportunidad para vivir en una de las mejores zonas de la ciudad, cerca de bares, tiendas y transporte.",true,"{""sintetico"": true, ""caso"": null, ""duplicado_de"": null}"
demo-b,demo-00129,https://demo-b.example/aviso/demo-00129,https://demo-b.example/aviso/demo-00129,Departamento 1 ambientes en Belgrano,79000,USD,241000,ARS,3 de Febrero 5468,"Belgrano, Capital Federal",Norte Propiedades,28.3,,28.3,,,,,,,,,"seguridad 24 h, pileta, sum",2026-08-03,"Departamento a estrenar en el corazón de Belgrano, sobre la avenida 3 de Febrero al 5400. Ideal para quienes buscan un proyecto propio o una inversión segura, esta unidad de 1 ambiente y 1 baño completo ofrece todo lo necesario para vivir cómodo sin perder el centro de la escena. Al estar al frente, la luz natural acompaña cada rincón del día, y al ser con ascensor, la subida se hace llevadera desde el primer momento. Con 28 m² cubiertos, el layout está pensado para aprovechar cada metro, con espacios integrados que se sienten amplios y funcionales.

El edificio cuenta con seguridad 24 horas, pileta para escapar del calor y sum, perfecto para recibir visitas o simplemente relajarse. Sin cochera, pero con una ubicación inmejorable: a metros de verde, comercios y transporte. Al ser a estrenar, llegás y empezás a disfrutar sin sorpresas. Una oportunidad clara para invertir o estrenar en uno de los barrios más lindos de la Ciudad.",false,"{""sintetico"": true, ""caso"": null, ""duplicado_de"": null}"
demo-a,demo-00130,https://demo-a.example/aviso/demo-00130,https://demo-a.example/aviso/demo-00130,Departamento 2 ambientes en Palermo,112000,USD,,,Godoy Cruz 3612,"Palermo, Capital Federal",Mirador Propiedades,36.0,8,44.0,,,,,,,,,"seguridad 24 h, solarium",2026-04-05,"Departamento de 2 ambientes en Palermo, sobre Godoy Cruz al 3600. Cuenta con 36 m² cubiertos más un balcón/terraza de 8 m², ideal para disfrutar al aire libre. El inmueble tiene 25 años de antigüedad y se encuentra en buen estado general, listo para habitar. Dispone de un dormitorio con buena amplitud y un baño completo. El edificio ofrece seguridad las 24 horas y un solarium de uso común, perfecto para relajarse. Sin cochera. Una oportunidad para quienes buscan un departamento funcional en una de las zonas más buscadas de la ciudad.",false,"{""sintetico"": true, ""caso"": null, ""duplicado_de"": null}"
demo-b,demo-00131,https://demo-b.example/aviso/demo-00131,https://demo-b.example/aviso/demo-00131,Departamento 2 ambientes en Palermo,110000,USD,,,Godoy Cruz 3600,"Palermo, Capital Federal",Belgrano Brokers,37.7,8,45.7,,,,,,,,,"seguridad 24 h, solarium",2026-04-09,"Departamento de 2 ambientes en Palermo, sobre Godoy Cruz al 3600. Con 38 m² cubiertos más un balcón terraza de 8 m², ideal para quienes buscan un espacio funcional y bien ubicado. Cuenta con un dormitorio y un baño completo. El edificio ofrece seguridad las 24 horas y solarium, perfecto para disfrutar al aire libre sin moverse de casa. Sin ascensor, pero con la ventaja de estar en una zona llena de vida, cerca de bares, restaurantes y parques. Una oportunidad para vivir en uno de los barrios más buscados de la ciudad.",false,"{""sintetico"": true, ""caso"": null, ""duplicado_de"": ""demo-00130""}"
demo-a,demo-00132,https://demo-a.example/aviso/demo-00132,https://demo-a.example/aviso/demo-00132,Departamento 1 ambientes en Palermo,98000,USD,338000,ARS,"Malabia 3159, Piso 9","Palermo, Capital Federal",Mirador Propiedades,32.8,,32.8,1,0,1,15,0,Muy Bueno,Interno,9,,2026-06-14,"Departamento en venta en Palermo, sobre Malabia al 3100. Unidad interna en piso 9 con ascensor, de 33 m² cubiertos. Es un ambiente amplio con baño completo, en muy buen estado y con 15 años de antigüedad. Ideal para inversión o para quien busca un espacio propio en una zona clave de la ciudad. Sin cochera ni amenities, pero con todos los servicios a la vuelta.",true,"{""sintetico"": true, ""caso"": null, ""duplicado_de"": null}"
demo-a,demo-00133,https://demo-a.example/aviso/demo-00133,https://demo-a.example/aviso/demo-00133,Departamento 3 ambientes en Palermo,463000,USD,281000,ARS,Darregueyra 5707,"Palermo, Capital Federal",Norte Propiedades,83.1,,83.1,,,,,,,,,,2026-07-29,"Darregueyra al 5700, pleno corazón de Palermo. Departamento a estrenar de 3 ambientes con 83 m² cubiertos, distribuidos en un living comedor amplio, cocina separada, dos dormitorios y un baño completo. Se destaca por ser un piso 3 con buena luz natural, ideal para quienes buscan comodidad en una zona con excelentes conexiones y cercanía a todos los servicios. Un inmueble a estrenar que ofrece la oportunidad de personalizar los detalles finales a gusto del comprador. Sin cochera ni amenities, perfecto para invertir o mudarse a uno de los barrios más buscados de la Ciudad.",false,"{""sintetico"": true, ""caso"": null, ""duplicado_de"": null}"
demo-b,demo-00134,https://demo-b.example/aviso/demo-00134,https://demo-b.example/aviso/demo-00134,Departamento 2 ambientes en Belgrano,111000,USD,199000,ARS,Cuba 1938,"Belgrano, Capital Federal",Casa Nueva Negocios Inmobiliarios,57.3,,57.3,,,,,,,,,solarium,2026-06-12,"Departamento de 2 ambientes en pleno Belgrano, sobre la calle Cuba al 1900, a metros de toda la movida comercial y de los bosques de Palermo. En el piso 5, con una linda orientación lateral que le da mucha luz natural durante el día. La distribución es clásica y moderna a la vez, con un living comedor bien amplio que se integra a la cocina, y un dormitorio con buen placard. El baño es completo y está en buen estado general, listo para mudarse sin grandes reformas.

El edificio tiene un solarium en la terraza, ideal para despejarse sin salir de casa. Son 57 metros cuadrados cubiertos bien aprovechados, con buena sensación de amplitud. Está en un piso 5, así que la vista se despeja y se respira aire limpio. Al no tener cochera, el precio se hace más que accesible para la zona. Ideal para pareja o para quien busca un refugio urbano bien conectado, con el subte cerca y un barrio que lo tiene todo. Una oportunidad concreta para invertir o estrenar hogar en uno de los barrios más lindos de la ciudad.",false,"{""sintetico"": true, ""caso"": null, ""duplicado_de"": null}"
demo-a,demo-00135,https://demo-a.example/aviso/demo-00135,https://demo-a.example/aviso/demo-00135,Departamento 4 ambientes en Belgrano,246000,USD,295000,ARS,Conde 4730,"Belgrano, Capital Federal",Sur & Asociados,97.9,3,100.9,4,3,2,50,1,Muy Bueno,Frente,1,"laundry, solarium, gimnasio, sum, seguridad 24 h",2026-07-13,"Departamento de 4 ambientes en Belgrano, Conde al 4700, muy bien ubicado y en **muy buen estado**. Está **al frente** en **piso 1**, con 98 m² cubiertos más un balcón terraza de 3 m². Tiene 3 dormitorios, 2 baños y cochera propia. El edificio cuenta con **50 años de antigüedad** pero se conserva impecable, ofreciendo amenities como laundry, solarium, gimnasio, SUM y seguridad las 24 horas. Ideal para quienes buscan un hogar amplio con todos los servicios sin renunciar a la comodidad.",true,"{""sintetico"": true, ""caso"": null, ""duplicado_de"": null}"
demo-a,demo-00136,https://demo-a.example/aviso/demo-00136,https://demo-a.example/aviso/demo-00136,Departamento 2 ambientes en Palermo,231000,USD,319000,ARS,"Darregueyra 4702, Piso 15","Palermo, Capital Federal",Grupo Arcos,42.3,5,47.3,2,1,1,,1,Excelente,,15,"pileta, seguridad 24 h, parrilla",2026-06-08,"Departamento de 2 ambientes, 1 dormitorio y 1 baño en pleno corazón de Palermo, sobre la avenida Darregueyra al 4700. Estamos hablando de un piso 15 con ascensor, así que las vistas y la luminosidad natural están aseguradas durante todo el día, algo que se agradece en un monoambiente con balcón.

La unidad tiene 42 m² cubiertos y 5 m² de balcón terraza, ideales para desayunar al aire libre o simplemente para sumar un espacio de relax. Incluye cochera propia, así que te olvidás del drama de estacionar en la zona. El edificio cuenta con pileta de temporada y parrilla común, perfecto para los findas sin moverte de casa. La seguridad 24 horas te da tranquilidad tanto si vivís solo como si pasás mucho tiempo afuera.

La distribución es práctica y bien pensada: los ambientes se aprovechan al máximo. Al estar en un piso 15, la sensación de amplitud se multiplica, y el balcón se convierte en un gran plus. Ideal para parejas o para quien busca un refugio cómodo y bien ubicado, rodeado de la mejor oferta gastronómica, bares y subtes a pocas cuadras. Un muy buen momento para agendar la visita.",true,"{""sintetico"": true, ""caso"": null, ""duplicado_de"": null}"
demo-a,demo-00137,https://demo-a.example/aviso/demo-00137,https://demo-a.example/aviso/demo-00137,Departamento 3 ambientes en Belgrano,201000,USD,,,"Cuba 1808, Piso 1","Belgrano, Capital Federal",Belgrano Brokers,62.1,,62.1,3,2,1,8,0,Muy Bueno,,1,"gimnasio, parrilla, pileta",2026-08-06,"Departamento de 3 ambientes en pleno Belgrano, sobre la calle Cuba al 1800, a metros de la zona comercial y con una conectividad envidiable. Son 62 metros cuadrados cubiertos de un solo ambiente, con dos dormitorios y un baño completo, ideal para quienes buscan comodidad y funcionalidad sin perder la onda de barrio. El edificio es de los que tienen todo para el día a día: con ascensor, que se agradece siempre, y una antigüedad de 8 años, o sea, construcción moderna pero ya con los vicios resueltos.

Adentro, el living está bien proporcionado y la cocina tiene linda distribución para moverte con libertad. Los dos dormitorios van sobrados de espacio para una pareja o una familia chica. El edificio cuenta con gimnasio, parrilla y pileta, así que no hace falta salir de casa para darse un gusto. No tiene cochera, pero en la zona hay varias opciones de alquiler por si la necesitás. Pensado para vivir cómodo, sin vueltas y con todo lo esencial a mano.",true,"{""sintetico"": true, ""caso"": null, ""duplicado_de"": null}"
demo-a,demo-00138,https://demo-a.example/aviso/demo-00138,https://demo-a.example/aviso/demo-00138,Departamento 5 ambientes en Belgrano,498000,USD,462000,ARS,Mendoza 4826,"Belgrano, Capital Federal",Belgrano Brokers,178.8,5,183.8,5,4,2,,0,Bueno,Frente,4,,2026-07-26,"Departamento de 5 ambientes en Belgrano, sobre Mendoza al 4800, con 179 m² cubiertos más balcón terraza de 5 m². Es **piso 4** **al frente**, **con ascensor**, y ofrece 4 dormitorios, 2 baños y espacios muy amplios. El inmueble está en **buen estado general**, listo para habitar o para poner a tu gusto. No tiene cochera ni amenities, pero la ubicación es inmejorable: cerca de todo, con buena luz y ventilación gracias a estar al frente. Ideal para una familia grande que busque superficie y un barrio tradicional. Consultanos para coordinar una visita.",true,"{""sintetico"": true, ""caso"": null, ""duplicado_de"": null}"
demo-a,demo-00139,https://demo-a.example/aviso/demo-00139,https://demo-a.example/aviso/demo-00139,Departamento 5 ambientes en Belgrano,320000,USD,317000,ARS,Olazábal 4133,"Belgrano, Capital Federal",Belgrano Brokers,124.0,8,132.0,5,4,3,,0,Excelente,,0,,2026-06-01,"Departamento de 5 ambientes en pleno corazón de Belgrano, sobre la calle Olazábal al 4100. Son 124 m² cubiertos más 8 m² de balcón/terraza, ideales para quien busca espacio y comodidad en una de las zonas más residenciales y bien comunicadas de la ciudad.

La distribución es muy funcional: 4 dormitorios y 3 baños, perfecto para una familia grande o para quienes necesiten un home office con privacidad. El living comedor es amplio y luminoso, y el balcón/terraza suma un extra para desayunar al aire libre o armar un rincón de lectura. Al estar en un piso con buena altura, se siente mucha amplitud.

Se encuentra en excelente estado, listo para habitar sin obras ni refacciones. Al no tener cochera ni amenities, el gasto mensual es más liviano, algo que se agradece en la actualidad. La ubicación es inmejorable: a pocas cuadras de los bosques de Palermo, subte, colectivos y una gran variedad de comercios y escuelas.

Una oportunidad real para los que no quieren resignar superficie ni barrio. Para coordinar una visita, consultar por disponibilidad.",true,"{""sintetico"": true, ""caso"": null, ""duplicado_de"": null}"
demo-b,demo-00140,https://demo-b.example/aviso/demo-00140,https://demo-b.example/aviso/demo-00140,Departamento 4 ambientes en Palermo,1001000,USD,361000,ARS,"Costa Rica 3153, Piso 7","Palermo, Capital Federal",Mirador Propiedades,144.7,,144.7,4,3,2,0,0,A Estrenar,Lateral,7,,2026-06-24,"Departamento de 4 ambientes a estrenar en el corazón de Palermo, sobre la calle Costa Rica al 3100. Se trata de una unidad en piso 7 con orientación lateral, lo que garantiza una muy buena luminosidad durante todo el día y vistas despejadas. Con una superficie cubierta de 145 m², el layout ofrece 3 dormitorios y 2 baños, pensados para quienes buscan amplitud y funcionalidad sin resignar ubicación. Al ser un emprendimiento en construcción, las fotos corresponden al modelo terminado, y la entrega estimada está pautada para los próximos meses.

La zona es inmejorable: rodeada de cafés, bares y verde, con todos los servicios a pocas cuadras. Este departamento a estrenar se destaca por su excelente distribución, ideal para parejas o familias que quieran vivir en una de las zonas más buscadas de la ciudad. Sin cochera ni amenities, se valora justamente lo esencial: un piso 7 con orientación lateral que invita a disfrutar de la privacidad y el confort. Consultá por este desarrollo único, donde cada detalle fue pensado para el día a día.",true,"{""sintetico"": true, ""caso"": ""pozo"", ""duplicado_de"": null}"
demo-a,demo-00141,https://demo-a.example/aviso/demo-00141,https://demo-a.example/aviso/demo-00141,Departamento 3 ambientes en Palermo,222000,USD,309000,ARS,Juncal 523,"Palermo, Capital Federal",Grupo Arcos,61.4,,61.4,,,,,,,,,sum,2026-08-17,"Departamento a estrenar en Juncal al 500, Palermo, CABA. Excelente oportunidad: 3 ambientes, 2 dormitorios y 1 baño completo, todo en 61 m² cubiertos distribuidos de manera funcional. El edificio cuenta con ascensor y SUM, ideal para aprovechar al máximo el",false,"{""sintetico"": true, ""caso"": null, ""duplicado_de"": null}"
demo-b,demo-00142,https://demo-b.example/aviso/demo-00142,https://demo-b.example/aviso/demo-00142,Departamento 3 ambientes en Belgrano,157000,USD,201000,ARS,Montañeses 4099,"Belgrano, Capital Federal",Sur & Asociados,64.9,,64.9,,,,,,,,,"seguridad 24 h, gimnasio, sum",2026-05-30,"Departamento de 3 ambientes en Belgrano, sobre Montañeses al 4000, en planta baja y al frente. Son 65 m² cubiertos muy bien aprovechados, con dos dormitorios, un baño completo y un living comedor amplio con buena luz natural. A pesar de tener 45 años de antigüedad, el inmueble se encuentra en muy buen estado, listo para habitar o para ponerle tu toque personal. Sin cochera, pero con la ventaja de contar con seguridad 24 horas, gimnasio y SUM de uso común. Una oportunidad ideal para quienes buscan un piso cómodo en una zona con todos los servicios, cerca de parques y transporte. Consultá sin compromiso.",false,"{""sintetico"": true, ""caso"": null, ""duplicado_de"": null}"
demo-a,demo-00143,https://demo-a.example/aviso/demo-00143,https://demo-a.example/aviso/demo-00143,Departamento 3 ambientes en Palermo,446000,USD,285000,ARS,Armenia 1095,"Palermo, Capital Federal",Casa Nueva Negocios Inmobiliarios,75.4,12,87.4,,,,,,,,,"seguridad 24 h, pileta",2026-06-20,"Departamento en Palermo, sobre Armenia al 1000, de 3 ambientes con 2 dormitorios y 1 baño. Tiene 75 m² cubiertos más 12 m² de balcón terraza, todo en excelente estado y con ascensor. Cuenta con cochera y amenities de seguridad 24 horas y pileta. El edificio tiene 2 años de antigüedad, lo que lo deja impecable para mudarse sin preocupaciones. Ideal para quienes buscan calidad de vida en una de las mejores zonas de la ciudad.",false,"{""sintetico"": true, ""caso"": null, ""duplicado_de"": null}"
demo-b,demo-00144,https://demo-b.example/aviso/demo-00144,https://demo-b.example/aviso/demo-00144,Departamento 2 ambientes en Palermo,181000,USD,535000,ARS,"Humboldt 2420, Piso 3","Palermo, Capital Federal",Belgrano Brokers,48.3,5,53.3,2,1,1,,0,Bueno,,3,laundry,2026-05-19,"Departamento en Humboldt al 2400, Palermo, pleno corazón del barrio. Un dos ambientes con dormitorio y baño completo, en buen estado general y listo para habitar. Está en piso 3, cuenta con 48 m² cubiertos más un balcón terraza de 5 m² ideal para sumar un espacio al aire libre. El edificio ofrece laundry como único amenity, y la zona está llena de vida, con bares, comercios y buena conectividad. Sin cochera, pero con fácil acceso a transporte público. Un inmueble con muy buena relación entre metraje y ubicación, pensado para quienes buscan calidad de vida en Palermo.",true,"{""sintetico"": true, ""caso"": null, ""duplicado_de"": null}"
demo-b,demo-00145,https://demo-b.example/aviso/demo-00145,https://demo-b.example/aviso/demo-00145,Departamento 4 ambientes en Palermo,395000,USD,375000,ARS,"Gorriti 1587, Piso 6","Palermo, Capital Federal",Casa Nueva Negocios Inmobiliarios,98.2,,98.2,4,3,2,50,0,Bueno,Interno,6,"laundry, parrilla, sum, gimnasio, solarium",2026-05-18,"Departamento de 4 ambientes en Gorriti al 1500, Palermo. Con 98 m² cubiertos, cuenta con 3 dormitorios y 2 baños completos. Es una unidad interna en piso 6, con 50 años de antigüedad pero en buen estado general. El edificio ofrece amenities como laundry, parrilla, SUM, gimnasio y solarium. No incluye cochera. Ideal para quienes buscan un hogar en una de las zonas más buscadas de la ciudad, con todo lo necesario para vivir cómodamente.",true,"{""sintetico"": true, ""caso"": null, ""duplicado_de"": null}"
demo-a,demo-00146,https://demo-a.example/aviso/demo-00146,https://demo-a.example/aviso/demo-00146,Departamento 3 ambientes en Belgrano,133000,USD,,,"Vuelta de Obligado 1502, Piso 3","Belgrano, Capital Federal",Mirador Propiedades,63.6,,63.6,3,2,1,45,0,Muy Bueno,Contrafrente,3,,2026-06-06,"Departamento de 3 ambientes en el corazón de Belgrano, sobre la calle Vuelta de Obligado al 1500. Estamos hablando de un piso 3, al contrafrente, con 64 m² cubiertos de muy buen estado, ideal para quien busca un lugar silencioso y luminoso sin renunciar a la cercanía de los bares y plazas del barrio.

La distribución es clásica y bien aprovechada: dos dormitorios amplios, un baño completo y un living comedor que da paso a la cocina. Al estar al contrafrente, se evita el ruido de la avenida, y al ser un piso 3 con 45 años de antigüedad, la construcción tiene ese carácter sólido de los edificios de la zona, con buena conservación general. No tiene cochera ni amenities, pero la ubicación compensa con creces: a unas cuadras de la estación de tren y con todas las líneas de colectivo cerca para moverte por toda la ciudad. Es una oportunidad real para inversores o para una pareja que quiera estrenar su primer hogar con impronta de barrio porteño.",true,"{""sintetico"": true, ""caso"": null, ""duplicado_de"": null}"
demo-a,demo-00147,https://demo-a.example/aviso/demo-00147,https://demo-a.example/aviso/demo-00147,Departamento 2 ambientes en Belgrano,156000,USD,181000,ARS,"Zapiola 5402, Piso 15","Belgrano, Capital Federal",Belgrano Brokers,40.3,3,43.3,2,1,1,5,0,Excelente,,15,seguridad 24 h,2026-06-19,"Departamento de 2 ambientes en pleno Belgrano, sobre Zapiola al 5400, a metros de todo pero en una zona tranquila. Está en **excelente estado**, listo para entrar a vivir o para invertir, ya que tiene **5 años de antigüedad** y se nota el buen mantenimiento. Es un **piso 15** con ascensor, así que la vista despejada y la luminosidad durante el día son un plus, aunque no te voy a hablar de orientación porque cada uno tiene sus preferencias. Son 40 m² cubiertos muy bien aprovechados, más un balcón terraza de 3 m² que suma para desayunar o prender un sanguchito al aire libre.

El edificio cuenta con seguridad 24 horas, algo que se agradece tanto para el día a día como para la tranquilidad de dejar el depto solo cuando te vas de viaje. Al ser un dos ambientes con un solo dormitorio y un baño, es ideal para una pareja joven o para alguien que quiera un refugio canchero sin meterse en metros de más. No tiene cochera, pero en la cuadra hay opciones de alquiler y estás bien conectado con colectivos y el subte cerca. Si buscás un departamento canchero, bien ubicado y con seguridad, este es el indicado. Consultanos por visitas.",true,"{""sintetico"": true, ""caso"": null, ""duplicado_de"": null}"
demo-a,demo-00148,https://demo-a.example/aviso/demo-00148,https://demo-a.example/aviso/demo-00148,Departamento 2 ambientes en Belgrano,119000,USD,284000,ARS,"Olazábal 1931, Piso 6","Belgrano, Capital Federal",Belgrano Brokers,49.9,3,52.9,2,1,1,,0,Muy Bueno,,6,,2026-08-16,"Departamento de 2 ambientes en pleno Belgrano, sobre Olazábal al 1900. Subiendo al piso 6 nos encontramos con un inmueble de 50 metros cuadrados cubiertos, más 3 metros de balcón terraza, todo en muy buen estado. La distribución es funcional: un living comedor amplio con salida al balcón, un dormitorio de buena dimensión y un baño completo. La cocina es independiente, con espacio para comedor diario y lavadero. La superficie se aprovecha muy bien, sin pérdidas, y la luminosidad del piso alto se nota en todos los ambientes. Ideal para quienes buscan vivir en una de las mejores zonas de la ciudad, cerca de todo, en un edificio clásico de la zona. Sin cochera ni amenities, pero con todos los servicios y el barrio a la vuelta de la esquina. Consultá sin compromiso.",true,"{""sintetico"": true, ""caso"": null, ""duplicado_de"": null}"
demo-b,demo-00149,https://demo-b.example/aviso/demo-00149,https://demo-b.example/aviso/demo-00149,Departamento 2 ambientes en Belgrano,120000,USD,284000,ARS,"Olazábal 1900, Piso 6","Belgrano, Capital Federal",Mirador Propiedades,49.6,3,52.6,2,1,1,25,0,Muy Bueno,,6,,2026-08-25,"Departamento de 2 ambientes en Olazábal al 1900, pleno corazón de Belgrano. Con 50 m² cubiertos más 3 m² de balcón/terraza, ideal para quienes buscan un piso bien distribuido, con ascensor y una ubicación que lo tiene todo. El edificio tiene 25 años de antigüedad, pero se nota que está bien mantenido y con buena convivencia. Cuenta con un dormitorio amplio, un baño completo y un living comedor que gana mucha luz natural desde el balcón, perfecto para desayunar o leer al aire libre sin salir de casa.

Está en una cuadra tranquila, cerca de todo: a pasos de la Av. Cabildo, subtes, colectivos y los bares y comercios más lindos de Belgrano. No tiene cochera ni amenities, pero eso se nota en las expensas más livianas. Un departamento clásico, con buen consumo, para estrenar como propio o invertir en una zona que siempre pide precio. Consultanos sin compromiso.",true,"{""sintetico"": true, ""caso"": null, ""duplicado_de"": ""demo-00148""}"
demo-a,demo-00150,https://demo-a.example/aviso/demo-00150,https://demo-a.example/aviso/demo-00150,Departamento 3 ambientes en Belgrano,204000,USD,256000,ARS,Echeverría 689,"Belgrano, Capital Federal",Sur & Asociados,78.5,,78.5,3,2,1,50,0,Muy Bueno,Frente,0,,2026-06-28,"Departamento de 3 ambientes en Belgrano, Echeverría al 600, una ubicación clásica y bien conectada. Se trata de una unidad al frente, luminosa, con 78 m² cubiertos distribuidos en living comedor, cocina, dos dormitorios y un baño completo. El edificio cuenta con ascensor y tiene 50 años de antigüedad, lo que le da ese carácter de construcción sólida y bien pensada. Sin cochera ni amenities, pero con todo lo necesario para vivir cómodo en uno de los barrios más buscados de la ciudad. Ideal para quienes valoran la onda de Belgrano, cerca de comercios, parques y transporte. Consultá por visitas.",true,"{""sintetico"": true, ""caso"": null, ""duplicado_de"": null}"
demo-a,demo-00151,https://demo-a.example/aviso/demo-00151,https://demo-a.example/aviso/demo-00151,Departamento 1 ambientes en Palermo,101000,USD,,,"Guatemala 4520, Piso 15","Palermo, Capital Federal",Grupo Arcos,29.6,,29.6,1,0,1,25,0,Excelente,Contrafrente,15,,2026-07-09,"Departamento de 1 ambiente en pleno Palermo, sobre Guatemala al 4500, en un piso 15 al contrafrente que garantiza silencio y una vista despejada para descansar o trabajar desde casa. La torre, de 25 años de antigüedad, tiene la particularidad de ser sin ascensor, algo que se agradece a la hora de la expensa y que le da un perfil bajo y residencial al edificio. Con 30 metros cuadrados cubiertos, el layout está muy bien pensado para aprovechar cada metro: el living comedor se integra con una pequeña zona de cocina y el baño completo queda separado para mayor privacidad. Al estar al contrafrente, el ruido de la calle no es un problema, y la luz natural acompaña durante el día. Es ideal como primera inversión o para quienes buscan una base en la mejor zona de Palermo, con todos los cafés, bares y subtes cerca. La ausencia de amenities y cochera se compensa con la ubicación estratégica y la posibilidad de convertir el ambiente a gusto propio, ya que el edificio es tranquilo y de pocos vecinos. Consultá por este piso 15, sin ascensor, que se destaca por su buena distribución y su vista lejana.",true,"{""sintetico"": true, ""caso"": null, ""duplicado_de"": null}"
demo-a,demo-00152,https://demo-a.example/aviso/demo-00152,https://demo-a.example/aviso/demo-00152,Departamento 2 ambientes en Palermo,155000,USD,577000,ARS,"Bulnes 2360, Piso 7","Palermo, Capital Federal",Inmobiliaria del Parque,41.5,,41.5,2,1,1,,0,Muy Bueno,,7,"sum, parrilla, laundry, pileta, gimnasio",2026-07-13,"Departamento en Bulnes al 2300, pleno Palermo, una ubicación que combina la mejor vida de barrio con todo a mano. Es un dos ambientes bien distribuido, con un dormitorio espacioso y un baño completo, en muy buen estado para entrar a vivir sin preocupaciones. Está en el piso 7, con ascensor, y la vista desde esa altura le da una amplitud que los 42 metros cuadrados cubiertos aprovechan al máximo. El edificio cuenta con sum, parrilla, laundry, pileta y gimnasio, así que te olvidás del gimnasio aparte y tenés opciones para disfrutar sin salir de casa. Sin cochera, pero con la facilidad de moverse por Palermo caminando o en transporte, es ideal para profesionales o parejas que buscan calidad de vida en uno de los barrios más buscados de la ciudad. Un departamento que está impecable y listo para que hagas tu próximo paso.",true,"{""sintetico"": true, ""caso"": null, ""duplicado_de"": null}"
demo-b,demo-00153,https://demo-b.example/aviso/demo-00153,https://demo-b.example/aviso/demo-00153,Departamento 2 ambientes en Palermo,151000,USD,577000,ARS,"Bulnes 2300, Piso 7","Palermo, Capital Federal",Belgrano Brokers,43.7,,43.7,2,1,1,25,0,Muy Bueno,Frente,7,"sum, parrilla, laundry, pileta, gimnasio",2026-07-13,"Departamento de 2 ambientes en Bulnes al 2300, Palermo, al frente, con muy buen estado y 25 años de antigüedad. Cuenta con 44 m² cubiertos, un dormitorio y un baño completo. El edificio ofrece amenities como SUM, parrilla, laundry, pileta y gimnasio, ideales para disfrutar en el día a día. Sin cochera. Una oportunidad para vivir en una de las mejores zonas de la ciudad.",true,"{""sintetico"": true, ""caso"": null, ""duplicado_de"": ""demo-00152""}"
demo-a,demo-00154,https://demo-a.example/aviso/demo-00154,https://demo-a.example/aviso/demo-00154,Departamento 2 ambientes en Belgrano,105000,USD,287000,ARS,Olazábal 5034,"Belgrano, Capital Federal",Casa Nueva Negocios Inmobiliarios,40.9,,40.9,2,1,1,15,0,Muy Bueno,Contrafrente,6,"seguridad 24 h, laundry",2026-07-15,"Departamento de 2 ambientes en el corazón de Belgrano, sobre Olazábal al 5000, en una zona que combina tranquilidad y cercanía a todo. Se encuentra en un piso 6, con ascensor, y al contrafrente, lo que garantiza un silencio absoluto para descansar o trabajar desde casa. Con 41 m² bien distribuidos, el inmueble está en muy buen estado y listo para mudarse sin grandes reformas.

La unidad cuenta con un living comedor amplio y luminoso, un dormitorio cómodo y un baño completo. La cocina, integrada al comedor, es práctica y funcional. La seguridad es un plus: edificio con seguridad 24 h y laundry (lavadero común) para mayor comodidad. Tiene 15 años de antigüedad, pero se mantiene impecable, con terminaciones modernas y un mantenimiento general excelente.

Al estar en un piso alto y al contrafrente, se disfruta de una vista despejada y mucha paz, lejos del bullicio de las avenidas. La ubicación es ideal porque estás cerca de subte, trenes, colegios, plazas y todos los servicios que ofrece Belgrano. Una gran oportunidad para quienes buscan un dos ambientes seguro, silencioso y bien conectado. Consultá por visitas.",true,"{""sintetico"": true, ""caso"": null, ""duplicado_de"": null}"
demo-a,demo-00155,https://demo-a.example/aviso/demo-00155,https://demo-a.example/aviso/demo-00155,Departamento 2 ambientes en Palermo,184000,USD,470000,ARS,"Bulnes 4410, Piso 1","Palermo, Capital Federal",Norte Propiedades,39.2,3,42.2,2,1,1,,0,Excelente,Contrafrente,1,pileta,2026-08-02,"Departamento de 2 ambientes en Bulnes al 4400, Palermo. Imposible no enamorarse de este 1 dormitorio con balcón/terraza de 3 m² que suma ese plus tan buscado en la ciudad. Con 39 m² cubiertos, el inmueble se encuentra en excelente estado, listo para mudarse sin darle más vueltas. Al contrafrente, la tranquilidad está asegurada: ideal para descansar después del laburo o para disfrutar del silencio los fines de semana. El edificio cuenta con pileta, un lujo que pocos tienen y que te va a salvar del calor porteño. Sin cochera, pero con una ubicación en Palermo que te deja todo a mano: bares, subte y verde a la vuelta. Un departamento bien pensado, con buena luz y con los metros justos para vivir cómodo.",true,"{""sintetico"": true, ""caso"": null, ""duplicado_de"": null}"
demo-a,demo-00156,https://demo-a.example/aviso/demo-00156,https://demo-a.example/aviso/demo-00156,Departamento 2 ambientes en Belgrano,106000,USD,317000,ARS,Vuelta de Obligado 1175,"Belgrano, Capital Federal",Casa Nueva Negocios Inmobiliarios,34.6,5,39.6,2,1,1,25,0,Excelente,Frente,5,"parrilla, solarium",2026-04-29,"Departamento de 2 ambientes en pleno Belgrano, sobre Vuelta de Obligado al 1100. Es una unidad al frente, muy luminosa, en un piso 5 con ascensor. Tiene 35 metros cuadrados cubiertos más un balcón terraza de 5 metros, ideal para sumar un espacio al aire libre sin salir de casa. El edificio tiene 25 años de antigüedad, pero se mantiene en muy buen funcionamiento. Cuenta con parrilla y solarium de uso común. Sin cochera.",true,"{""sintetico"": true, ""caso"": null, ""duplicado_de"": null}"
demo-a,demo-00157,https://demo-a.example/aviso/demo-00157,https://demo-a.example/aviso/demo-00157,Departamento 4 ambientes en Palermo,371000,USD,167000,ARS,"Godoy Cruz 1096, Piso 3","Palermo, Capital Federal",Mirador Propiedades,111.3,,111.3,4,3,2,15,0,Excelente,,3,"seguridad 24 h, parrilla, laundry",2026-07-27,"Departamento de 4 ambientes en Palermo, Godoy Cruz al 1000, con 111 m² cubiertos distribuidos en 3 dormitorios y 2 baños. Está en piso 3 con ascensor, tiene 15 años de antigüedad y se encuentra en excelente estado. El edificio cuenta con seguridad 24 horas, parrilla y laundry. Sin cochera. Ideal para quienes buscan un tres ambientes bien ubicado, luminoso y en una zona con todos los servicios a la vuelta.",true,"{""sintetico"": true, ""caso"": null, ""duplicado_de"": null}"
demo-a,demo-00158,https://demo-a.example/aviso/demo-00158,https://demo-a.example/aviso/demo-00158,Departamento 4 ambientes en Palermo,469000,USD,272000,ARS,Nicaragua 5534,"Palermo, Capital Federal",Mirador Propiedades,145.0,3,148.0,,,,,,,,,,2026-07-19,"Nicaragua al 5500, Palermo. Departamento de 4 ambientes, 3 dormitorios y 2 baños, con 145 m² cubiertos más un balcón terraza de 3 m². El edificio tiene 70 años de antigüedad pero la unidad está en muy buen estado, lista para habitar; cuenta con ascensor y una distribución clásica que aprovecha cada metro cuadrado. Sin cochera ni amenities, ideal para quienes buscan un piso amplio e iluminado en una zona con todos los servicios a la vuelta. Una oportunidad con la impronta del barrio porteño.",false,"{""sintetico"": true, ""caso"": null, ""duplicado_de"": null}"
demo-b,demo-00159,https://demo-b.example/aviso/demo-00159,https://demo-b.example/aviso/demo-00159,Departamento 4 ambientes en Palermo,456000,USD,272000,ARS,Nicaragua 5500,"Palermo, Capital Federal",Inmobiliaria del Parque,139.3,3,142.3,,,,,,,,,,2026-07-15,"Departamento de 4 ambientes en pleno corazón de Palermo, sobre la calle Nicaragua al 5500. Estamos hablando de un piso 1 con 139 m² cubiertos más una terraza de 3 m² que suma unos metros al aire libre, ideal para despejarse sin salir de casa. La distribución es de 3 dormitorios y 2 baños, pensada para familias que buscan amplitud real, con espacios bien diferenciados y mucha onda en cada rincón.

La propiedad conserva el encanto clásico de los 70 años de antigüedad que tiene el edificio, con ambientes generosos y una energía que solo dan las construcciones de antes. Al no tener cochera ni amenities, el costo de expensas se mantiene acotado, lo que la convierte en una oportunidad interesante para quien valora la ubicación y el metro cuadrado por encima de los chiches. Ideal para reciclar a gusto o habitar tal cual, en una de las zonas más buscadas de la ciudad, rodeada de bares, plazas y buena conectividad.",false,"{""sintetico"": true, ""caso"": null, ""duplicado_de"": ""demo-00158""}"
demo-a,demo-00160,https://demo-a.example/aviso/demo-00160,https://demo-a.example/aviso/demo-00160,Departamento 3 ambientes en Palermo,317000,USD,430000,ARS,Gorriti 476,"Palermo, Capital Federal",Sur & Asociados,100.4,,100.4,,,,,,,,,"parrilla, solarium, seguridad 24 h, laundry, pileta",2026-07-03,"Departamento de 3 ambientes en pleno Palermo, sobre Gorriti al 400, una de las zonas más buscadas para vivir con todo a mano. Se trata de una unidad interna, luminosa y en buen estado general, pensada para quien busca comodidad sin perder la calidez de un hogar. El piso 6 le aporta una vista bien particular y una tranquilidad que se agradece en el medio de la ciudad.

La distribución es muy aprovechable: dos dormitorios bien dimensionados, un baño completo y un living comedor amplio, ideal para juntarse con amigos o descansar. La cocina es independiente y tiene buena onda. Son 100 m² cubiertos que se sienten mucho más porque no se pierde espacio en pasillos.

El edificio cuenta con seguridad 24 horas, así que te olvidás del resto. Además, tiene parrilla para los días de calor, solarium para tomar sol sin irte a ningún lado, y una pileta que en verano es un golazo. También tiene laundry, un golazo para no llenar el depto de cosas. No incluye cochera, pero en Palermo con el transporte y los servicios que hay, no la vas a extrañar. Ideal para pareja o para quien quiera estar bien ubicado y con amenities de primer nivel.",false,"{""sintetico"": true, ""caso"": null, ""duplicado_de"": null}"
demo-a,demo-00161,https://demo-a.example/aviso/demo-00161,https://demo-a.example/aviso/demo-00161,Departamento 4 ambientes en Palermo,294000,USD,410000,ARS,"Thames 4404, Piso 1","Palermo, Capital Federal",Casa Nueva Negocios Inmobiliarios,112.4,5,117.4,4,3,2,45,0,Bueno,Contrafrente,1,"parrilla, sum, pileta, gimnasio, solarium",2026-07-31,"Departamento de 4 ambientes en pleno corazón de Palermo, sobre Thames al 4400, una de las zonas más lindas y con mejor movida de la Ciudad. Son 112 metros cuadrados cubiertos más un balcón terraza de 5 metros que suma ese aire libre tan buscado. Al contrafrente, se duerme en una tranquilidad que se agradece en esta zona, lejos del ruido de la avenida pero con todo lo que ofrece el barrio a la vuelta de la esquina.

Son tres dormitorios bien repartidos y dos baños, pensados para una familia o para quien labura desde casa y necesita espacio. El edificio tiene 45 años de antigüedad, así que hablamos de una construcción con buena presencia y metros que se sienten. El edificio cuenta con parrilla, sum, pileta, gimnasio y solarium para disfrutar sin moverte de tu casa. No incluye cochera, pero en Palermo te manejás igual con bondi, subte o incluso a pata para las compras del día a día. Una oportunidad para agendar y venir a conocer.",true,"{""sintetico"": true, ""caso"": null, ""duplicado_de"": null}"
demo-b,demo-00162,https://demo-b.example/aviso/demo-00162,https://demo-b.example/aviso/demo-00162,Departamento 4 ambientes en Palermo,286000,USD,410000,ARS,"Thames 4400, Piso 1","Palermo, Capital Federal",Inmobiliaria del Parque,118.7,5,123.7,4,3,2,,0,Bueno,Contrafrente,1,"parrilla, sum, pileta, gimnasio, solarium",2026-08-09,"Departamento de 4 ambientes en Palermo, Thames al 4400, piso 1. Son 119 m² cubiertos con excelente distribución y un balcón terraza de 5 m² que suma un lindo espacio al aire libre. Al contrafrente, se disfruta de mucha tranquilidad y buena luminosidad durante todo el día. El inmueble tiene 3 dormitorios, 2 baños completos y se encuentra en buen estado general, listo para habitar o para ponerle el toque personal que más te guste. El edificio cuenta con parrilla, SUM, pileta, gimnasio y solarium, ideal para quienes buscan sumar confort sin moverse de casa. No incluye cochera, pero la ubicación en el corazón de Palermo te permite dejar el auto y moverte caminando a todos lados. Un departamento con buena relación entre espacios cerrados y abiertos, pensado para quien valora la vida de barrio con todas las comodidades.",true,"{""sintetico"": true, ""caso"": null, ""duplicado_de"": ""demo-00161""}"
demo-a,demo-00163,https://demo-a.example/aviso/demo-00163,https://demo-a.example/aviso/demo-00163,Departamento 3 ambientes en Palermo,300000,USD,,,"Malabia 1386, Piso 3","Palermo, Capital Federal",Sur & Asociados,74.8,3,77.8,3,2,1,0,0,A Estrenar,Interno,3,"solarium, laundry, gimnasio, sum, pileta",2026-06-28,"Departamento a estrenar en el corazón de Palermo, sobre Malabia al 1300. Se trata de una unidad interna en el piso 3, con una distribución muy bien pensada: living comedor amplio, cocina integrada, dos dormitorios y un baño completo. Son 75 m² cubiertos más un balcón terraza de 3 m² que suma luz y aire. El edificio es de categoría, con solarium, laundry, gimnasio, SUM y pileta, ideales para disfrutar sin moverte de tu casa. Al no tener cochera, la ubicación te salva de todo: estás a metros de los mejores bares y subte.

La obra está en pleno desarrollo y la entrega estimada es para el año que viene, así que es una oportunidad clara para comprar en pozo a un valor de lanzamiento. Las fotos que ves son del modelo, no del estado actual de la construcción, así que hacete una idea clara de lo que va a ser tu futuro hogar. Sin ascensor no te vas a preocupar: es un piso 3 con un acceso cómodo y pensado para que cada detalle cuente. Unidad interna con buena privacidad, ideal para parejas o como inversión. A estrenar, con esa combinación perfecta de barrio y comodidades.",true,"{""sintetico"": true, ""caso"": ""pozo"", ""duplicado_de"": null}"
demo-b,demo-00164,https://demo-b.example/aviso/demo-00164,https://demo-b.example/aviso/demo-00164,Departamento 4 ambientes en Palermo,372000,USD,288000,ARS,Nicaragua 504,"Palermo, Capital Federal",Estudio Lacroze,111.9,,111.9,4,3,2,40,0,Muy Bueno,Lateral,4,,2026-05-04,"Departamento de 4 ambientes en Nicaragua al 500, Palermo. Son 112 m² cubiertos con una distribución bien aprovechada: 3 dormitorios, 2 baños, living comedor amplio y cocina independiente. Está en muy buen estado, listo para habitar, con una orientación lateral que le da buena luz y ventilación. El edificio tiene 40 años de antigüedad y cuenta con ascensor, lo que suma comodidad en el día a día. Sin cochera ni amenities, ideal para quienes buscan un departamento clásico en una ubicación inmejorable, cerca de bares, restaurantes y todo el movimiento de Palermo.",true,"{""sintetico"": true, ""caso"": null, ""duplicado_de"": null}"
demo-a,demo-00165,https://demo-a.example/aviso/demo-00165,https://demo-a.example/aviso/demo-00165,Departamento 2 ambientes en Belgrano,141000,USD,319000,ARS,Arcos 345,"Belgrano, Capital Federal",Inmobiliaria del Parque,49.3,,49.3,,,,,,,,,,2026-08-20,"Se vende departamento de dos ambientes en Belgrano, sobre Arcos al 300. Al contrafrente y en excelente estado, este inmueble ofrece 49 m² cubiertos distribuidos en un dormitorio, un baño y un living comedor. Es una opción ideal para quienes valoran la tranquilidad y la zona, ya que al contrafrente garantiza un menor ruido. Sin cochera y sin amenities, pensado para quienes buscan simpleza y comodidad. Aprovechá esta oportunidad en uno de los barrios más tradicionales de la Ciudad. Consultá por visitas y conocé este departamento en persona.",false,"{""sintetico"": true, ""caso"": null, ""duplicado_de"": null}"
demo-a,demo-00166,https://demo-a.example/aviso/demo-00166,https://demo-a.example/aviso/demo-00166,Departamento 3 ambientes en Palermo,305000,USD,,,"Gorriti 3874, Piso 6","Palermo, Capital Federal",Casa Nueva Negocios Inmobiliarios,73.2,5,78.2,3,2,1,,0,Muy Bueno,,6,"laundry, pileta",2026-07-28,"Departamento de 3 ambientes en pleno Palermo, sobre la calle Gorriti al 3800, en una ubicación que te deja a dos pasos de todo. Piso 6, con 73 m² cubiertos y 5 m² de balcón terraza, ideal para quienes buscan luz y aire sin resignar cercanía.

El living comedor es amplio y se integra muy bien con la cocina, que está en muy buen estado y lista para habitar. Son dos dormitorios cómodos, con el baño completo bien resuelto. El balcón terraza suma ese plus para desayunar al sol o leer un libro al atardecer. El edificio cuenta con laundry y pileta, perfecto para despejarse sin moverte del barrio.

Está en muy buen estado, para entrar a vivir o para invertir en una zona que no para de crecer. Sin cochera, pero en Palermo no la vas a necesitar: subte, tren, bici y un montón de bares y restaurantes a la vuelta. Una oportunidad concreta para sumarte a uno de los barrios más buscados de Buenos Aires.",true,"{""sintetico"": true, ""caso"": null, ""duplicado_de"": null}"
demo-b,demo-00167,https://demo-b.example/aviso/demo-00167,https://demo-b.example/aviso/demo-00167,Departamento 2 ambientes en Belgrano,124000,USD,,,"Zabala 4785, Piso 1","Belgrano, Capital Federal",Estudio Lacroze,51.5,3,54.5,2,1,1,50,0,Muy Bueno,,1,"seguridad 24 h, parrilla, pileta, solarium, sum",2026-05-18,"Departamento en Belgrano, Zabala al 4700, piso 1, con 52 m² cubiertos más 3 m² de balcón terraza. Es un dos ambientes con un dormitorio y un baño, en muy buen estado a pesar de sus 50 años de antigüedad. El edificio cuenta con seguridad 24 horas, parrilla, pileta, solarium y SUM. Sin cochera. Ideal para quienes buscan un piso bien ubicado, luminoso y con espacios comunes para disfrutar.",true,"{""sintetico"": true, ""caso"": null, ""duplicado_de"": null}"
demo-a,demo-00168,https://demo-a.example/aviso/demo-00168,https://demo-a.example/aviso/demo-00168,Departamento 1 ambientes en Belgrano,85000,USD,295000,ARS,"Mendoza 5207, Piso 6","Belgrano, Capital Federal",Casa Nueva Negocios Inmobiliarios,30.9,,30.9,1,0,1,8,0,Muy Bueno,,6,"parrilla, pileta, solarium",2026-07-05,"Departamento de 1 ambiente en Belgrano, sobre Mendoza al 5200. Está en muy buen estado, ubicado en un piso 6 con ascensor, lo que le da una linda vista y mucha luz. Tiene 31 m² cubiertos, un baño completo, y cuenta con 8 años de antigüedad, pero se nota que estuvo bien cuidado. El edificio ofrece parrilla, pileta y solarium, ideales para disfrutar los días de calor o compartir con amigos. Sin cochera, pero la zona tiene buena conectividad y todos los servicios cerca. Una oportunidad para quienes buscan un departamento chico pero con amenities y en un barrio tradicional.",true,"{""sintetico"": true, ""caso"": null, ""duplicado_de"": null}"
demo-a,demo-00169,https://demo-a.example/aviso/demo-00169,https://demo-a.example/aviso/demo-00169,Departamento 2 ambientes en Belgrano,229000,USD,,,"Conde 5363, Piso 10","Belgrano, Capital Federal",Estudio Lacroze,49.1,,49.1,2,1,1,,1,A Estrenar,Lateral,10,pileta,2026-07-28,"Departamento de 2 ambientes y 1 dormitorio en pleno Belgrano, sobre la calle Conde al 5300. Se trata de un emprendimiento en construcción con orientación lateral, ideal para quienes buscan luminosidad sin perder la privacidad. La unidad cuenta con 49 m² cubiertos, un baño completo y cochera propia, todo pensado para la comodidad diaria. El edificio tiene ascensor y ofrece pileta en el amenities, perfecta para los días de calor porteño sin moverte de tu casa.

Pensado para parejas o para quienes arrancan una nueva etapa, este dos ambientes suma la practicidad de un espacio bien distribuido y la seguridad de un barrio con todos los servicios a la vuelta. La entrega estimada es para el segundo semestre del año que viene, así que todavía estás a tiempo de proyectar. Las fotos que ves son del modelo de referencia, tal cual va a quedar el resultado final. Una oportunidad para sumarse a una zona con verde, subte y mucho movimiento cultural, a pasos de todo.",true,"{""sintetico"": true, ""caso"": ""pozo"", ""duplicado_de"": null}"
demo-a,demo-00170,https://demo-a.example/aviso/demo-00170,https://demo-a.example/aviso/demo-00170,Departamento 2 ambientes en Palermo,204000,USD,,,Darregueyra 2531,"Palermo, Capital Federal",Inmobiliaria del Parque,43.3,5,48.3,,,,,,,,,"sum, seguridad 24 h",2026-05-27,"Departamento a estrenar en Palermo, Darregueyra al 2500. Piso 10, al contrafrente, con 43 m² cubiertos más 5 m² de balcón terraza. Dos ambientes, un dormitorio y un baño completo. Sin ascensor, pero con seguridad las 24 horas y SUM de uso común. La unidad está en construcción: las fotos corresponden al modelo y la entrega estimada es para el segundo semestre de 2025. Ideal para quienes buscan un primer hogar o una inversión en una zona con excelente conectividad y servicios. A estrenar, con terminaciones de calidad y detalles pensados para el día a día. Sin cochera. Consultá por planes de financiación directa.",false,"{""sintetico"": true, ""caso"": ""pozo"", ""duplicado_de"": null}"
demo-a,demo-00172,https://demo-a.example/aviso/demo-00172,https://demo-a.example/aviso/demo-00172,Departamento 2 ambientes en Palermo,170000,USD,,,"Darregueyra 5502, Piso 2","Palermo, Capital Federal",Mirador Propiedades,41.0,3,44.0,2,1,1,,1,Bueno,,2,"solarium, seguridad 24 h, pileta, gimnasio, sum",2026-08-23,"Departamento de 2 ambientes en venta en Darregueyra al 5500, Palermo, pleno corazón de la ciudad. Se trata de una unidad de 41 m² cubiertos más 3 m² de balcón terraza, ubicada en piso 2, con un dormitorio, un baño completo y cochera incluida. El inmueble se entrega en buen estado general, listo para habitar o para poner en alquiler. El edificio cuenta con seguridad las 24 horas y ofrece amenities de primer nivel: pileta, gimnasio, solarium y salón de usos múltiples. Una excelente oportunidad para quienes buscan un departamento funcional con todos los servicios a mano, en uno de los barrios más buscados de la Capital.",true,"{""sintetico"": true, ""caso"": null, ""duplicado_de"": null}"
demo-b,demo-00173,https://demo-b.example/aviso/demo-00173,https://demo-b.example/aviso/demo-00173,Departamento 4 ambientes en Belgrano,386000,USD,181000,ARS,"Arcos 331, Piso 3","Belgrano, Capital Federal",Mirador Propiedades,101.7,,101.7,4,3,2,,1,A Estrenar,,3,sum,2026-09-14,"Departamento de 4 ambientes en Belgrano, sobre la calle Arcos al 300. Cuenta con 3 dormitorios, 2 baños, y una superficie cubierta de 102 m². El living comedor es amplio y la cocina está separada, con posibilidad de integrar. Se ubica en el piso 3, y viene con una cochera incluida. El edificio dispone de SUM para eventos y reuniones, ideal",true,"{""sintetico"": true, ""caso"": null, ""duplicado_de"": null}"
demo-a,demo-00174,https://demo-a.example/aviso/demo-00174,https://demo-a.example/aviso/demo-00174,Departamento 4 ambientes en Belgrano,262000,USD,166000,ARS,Vuelta de Obligado 2031,"Belgrano, Capital Federal",Norte Propiedades,104.5,,104.5,,,,,,,,,,2026-07-31,"Departamento en Vuelta de Obligado al 2000, Belgrano, pleno barrio porteño. Son 104 m² cubiertos, 4 ambientes: 3 dormitorios y 2 baños, en piso 10 con ascensor. Es una unidad interna, lo que garantiza silencio y buena luminosidad durante todo el día. A pesar de sus 45 años de antigüedad, se encuentra en muy buen estado, con terminaciones cuidadas y lista para habitar. Sin cochera ni amenities, pero con todos los servicios y la vida de barrio a la vuelta. Ideal para quienes buscan un piso amplio, bien ubicado y con la tranquilidad de un edificio consolidado.",false,"{""sintetico"": true, ""caso"": null, ""duplicado_de"": null}"
demo-a,demo-00175,https://demo-a.example/aviso/demo-00175,https://demo-a.example/aviso/demo-00175,Departamento 3 ambientes en Belgrano,327000,USD,265000,ARS,"Montañeses 1262, Piso 6","Belgrano, Capital Federal",Mirador Propiedades,76.7,,76.7,3,2,1,,0,A Estrenar,Contrafrente,6,"pileta, sum",2026-06-19,"Departamento a estrenar en el corazón de Belgrano, sobre Montañeses al 1200, en una zona que combina tranquilidad residencial con cercanía a todos los servicios. Se trata de una unidad al contrafrente, lo que garantiza un ambiente silencioso y luminoso, ideal para quienes buscan descansar sin renunciar a la comodidad. Está en el piso 6 con ascensor, y cuenta con 77 m² cubiertos distribuidos en 3 ambientes: dos dormitorios amplios y un baño completo, con una distribución pensada para aprovechar cada metro.

El edificio ofrece amenities que elevan la calidad de vida: pileta y SUM, perfectos para disfrutar en cualquier época del año. La entrega está estimada para el último trimestre del año, y las fotos que ves corresponden al modelo de exhibición, ya que el emprendimiento se encuentra en plena construcción. Es una oportunidad única para comprar en una de las zonas más codiciadas de la ciudad, con todos los beneficios de un desarrollo moderno y funcional. Consultá por nuestra financiación especial y asegurate una excelente inversión a estrenar.",true,"{""sintetico"": true, ""caso"": ""pozo"", ""duplicado_de"": null}"
demo-a,demo-00176,https://demo-a.example/aviso/demo-00176,https://demo-a.example/aviso/demo-00176,Departamento 2 ambientes en Palermo,195000,USD,,,Soler 4776,"Palermo, Capital Federal",Estudio Lacroze,48.7,,48.7,2,1,1,,0,A Estrenar,Contrafrente,2,"seguridad 24 h, solarium, laundry, parrilla, sum",2026-07-05,"Departamento a estrenar en Palermo, sobre la tranquila calle Soler al 4700. Está ubicado en el piso 2, al contrafrente, lo que garantiza una vista abierta y mucho silencio, ideal para quienes buscan descansar sin ruido de la calle. Es un dos ambientes con un dormitorio y un baño completo, con 49 m² cubiertos muy bien aprovechados. Sin ascensor, pero el segundo piso se sube con ganas y la rentabilidad del espacio lo compensa. El edificio cuenta con seguridad las 24 horas, solarium con parrilla, laundry y salón de usos múltiples para reuniones o eventos. Todo recién terminado, listo para mudarse sin esperas. Una oportunidad para vivir en una de las mejores zonas de la ciudad con todos los servicios a mano.",true,"{""sintetico"": true, ""caso"": null, ""duplicado_de"": null}"
demo-b,demo-00177,https://demo-b.example/aviso/demo-00177,https://demo-b.example/aviso/demo-00177,Departamento 3 ambientes en Palermo,234000,USD,181000,ARS,Bonpland 5585,"Palermo, Capital Federal",Norte Propiedades,72.0,,72.0,,,,,,,,,"pileta, seguridad 24 h, parrilla, gimnasio, solarium",2026-07-16,"Departamento de 3 ambientes en pleno corazón de Palermo, sobre la calle Bonpland al 5500. Una opción ideal para quienes buscan comodidad y vida de barrio sin resignar cercanía a los mejores bares y plazas del circuito. Con 72 m² cubiertos, la unidad se encuentra en excelente estado, lista para mudarse y empezar a disfrutar. El living comedor es amplio y se integra de manera fluida con la cocina, que está bien aprovechada y separada para mayor practicidad.

Los dos dormitorios son luminosos y silenciosos, con buena capacidad para camas y placares. El baño es completo y funcional. El edificio ofrece amenities que suman calidad de vida: pileta para los días de calor, parrilla para reuniones con amigos, gimnasio equipado y un solarium perfecto para relajarse, todo con seguridad 24 horas. Sin dudas, una gran oportunidad para invertir o vivir en una de las zonas más buscadas de la ciudad. Los interesados pueden coordinar una visita sin compromiso.",false,"{""sintetico"": true, ""caso"": null, ""duplicado_de"": null}"
demo-a,demo-00178,https://demo-a.example/aviso/demo-00178,https://demo-a.example/aviso/demo-00178,Departamento 2 ambientes en Palermo,177000,USD,331000,ARS,"Paraguay 481, Piso 6","Palermo, Capital Federal",Belgrano Brokers,45.8,,45.8,2,1,1,5,0,Bueno,Frente,6,,2026-08-22,"Departamento de 2 ambientes en Palermo, sobre Paraguay al 400. Está al frente, con buena luz natural y en un edificio de 5 años de antigüedad, sin ascensor. Cuenta con un dormitorio y un baño completo, todo en buen estado general y listo para habitar. La superficie cubierta es de 46 m², bien distribuidos entre el living-comedor, la cocina separada y el dormitorio. Es una unidad práctica, ideal para quienes buscan vivir en una de las zonas más conectadas de la Ciudad, cerca de bares, restaurantes y transporte público. Sin cochera ni amenities, pero con todo lo necesario para el día a día. Una oportunidad para invertir o estrenar en un barrio con gran demanda.",true,"{""sintetico"": true, ""caso"": null, ""duplicado_de"": null}"
demo-b,demo-00179,https://demo-b.example/aviso/demo-00179,https://demo-b.example/aviso/demo-00179,Departamento 2 ambientes en Palermo,180000,USD,331000,ARS,"Paraguay 400, Piso 6","Palermo, Capital Federal",Estudio Lacroze,44.3,,44.3,2,1,1,5,0,Bueno,Frente,6,,2026-08-29,"Departamento de 2 ambientes en Paraguay al 400, Palermo, CABA. Al frente, piso 6, con 44 m² cubiertos, 1 dormitorio, 1 baño y cocina separada. El inmueble tiene 5 años de antigüedad y se encuentra en buen estado general, listo para habitar. Es un piso luminoso, con buena distribución, ideal para quienes buscan un primer hogar o una inversión segura en una de las zonas más conectadas del barrio. Sin cochera ni amenities, pero con todos los servicios cerca. Aceptamos consultas.",true,"{""sintetico"": true, ""caso"": null, ""duplicado_de"": ""demo-00178""}"
demo-b,demo-00180,https://demo-b.example/aviso/demo-00180,https://demo-b.example/aviso/demo-00180,Departamento 4 ambientes en Palermo,401000,USD,429000,ARS,"Bulnes 1168, Piso 5","Palermo, Capital Federal",Inmobiliaria del Parque,130.9,8,138.9,4,3,1,,0,Bueno,Contrafrente,5,,2026-08-19,"Departamento de 4 ambientes en pleno Palermo, sobre Bulnes al 1100, una ubicación privilegiada para los que buscan moverse por la ciudad sin depender del auto. Son 131 m² cubiertos con una distribución bien pensada y una terraza balcón de 8 m² que suma ese espacio extra para desayunar al sol o leer un libro al caer la tarde. El edificio es con ascensor, un detalle que se agradece todos los días, y el departamento está en buen estado general, listo para habitar pero con margen para ir dejándole tu sello personal.

Al contrafrente, la cosa cambia por completo: se duerme en una tranquilidad que en esta zona es un lujo difícil de conseguir. Tiene 3 dormitorios, ideales para una familia o para armar un home office, y un baño completo. Si bien no tiene cochera, la oferta de transporte y cercanía a los polos gastronómicos y comerciales de Palermo Soho y Plaza Serrano hacen que no la extrañes. Sin amenities ni expensas de edificio con pileta, acá se paga el metro cuadrado y la ubicación. Ideal para el que valora el verde, el silencio y la conectividad sin pagar el molde de los edificios modernos.",true,"{""sintetico"": true, ""caso"": null, ""duplicado_de"": null}"
demo-b,demo-00181,https://demo-b.example/aviso/demo-00181,https://demo-b.example/aviso/demo-00181,Departamento 3 ambientes en Palermo,310000,USD,,,Salguero 5263,"Palermo, Capital Federal",Inmobiliaria del Parque,97.8,,97.8,3,2,1,,0,Muy Bueno,Interno,9,"solarium, sum",2026-06-14,"Salguero al 5200, Palermo. Departamento de tres ambientes, dos dormitorios y un baño, en muy buen estado. Con 98 metros cuadrados cubiertos bien aprovechados, esta unidad interna ofrece privacidad y silencio sin resignar comodidad. El edificio cuenta con ascensor, y los amenities incluyen solarium y salón de usos múltiples. Ideal para quienes buscan un hogar funcional en una de las zonas mejor conectadas de la ciudad.",true,"{""sintetico"": true, ""caso"": null, ""duplicado_de"": null}"
demo-b,demo-00182,https://demo-b.example/aviso/demo-00182,https://demo-b.example/aviso/demo-00182,Departamento 2 ambientes en Palermo,164000,USD,,,Cabello 871,"Palermo, Capital Federal",Grupo Arcos,38.0,12,50.0,,,,,,,,,gimnasio,2026-08-06,"Departamento de dos ambientes en el corazón de Palermo, sobre la calle Cabello al 800, en una zona que combina la tranquilidad residencial con la mejor oferta gastronómica y de bares del barrio. Se trata de una propiedad ideal para quienes buscan comodidad y funcionalidad en un metro cuadrado bien aprovechado. El living comedor se integra a la perfección con el balcón terraza de 12 metros, que invita a desayunar al aire libre o a relajarse al final de la jornada. El dormitorio es amplio y luminoso, y el baño se encuentra en muy buen estado, al igual que el resto de la unidad.

La cocina, independiente y equipada, suma practicidad para el día a día. Entre los diferenciales del edificio, se destaca un gimnasio equipado para mantener la rutina sin moverte de tu casa. Con 38 metros cubiertos, la distribución es inteligente y sin espacios perdidos. Una oportunidad perfecta para invertir o estrenar como primera vivienda, en una de las zonas más buscadas de la Ciudad. No se cobra expensas extraordinarias. Ideal para una pareja joven o para quienes prefieren mudarse a un lugar bien conectado.",false,"{""sintetico"": true, ""caso"": null, ""duplicado_de"": null}"
demo-a,demo-00183,https://demo-a.example/aviso/demo-00183,https://demo-a.example/aviso/demo-00183,Departamento 3 ambientes en Palermo,274000,USD,462000,ARS,Juncal 2107,"Palermo, Capital Federal",Mirador Propiedades,66.3,5,71.3,3,2,1,0,0,A Estrenar,,6,"laundry, parrilla, seguridad 24 h",2026-06-10,"Departamento de 3 ambientes en Palermo, sobre Juncal al 2100, con ascensor y a estrenar. Son 66 m² cubiertos más 5 m² de balcón terraza, dos dormitorios, un baño completo y un living comedor amplio con integración a la cocina. El edificio cuenta con laundry, parrilla y seguridad 24 horas. Sin cochera. Las imágenes corresponden al modelo del emprendimiento, que se encuentra en construcción; la entrega estimada está prevista para los próximos meses. Una oportunidad única para mudarse a un barrio con excelente conectividad y todos los servicios a la vuelta de la esquina.",true,"{""sintetico"": true, ""caso"": ""pozo"", ""duplicado_de"": null}"
demo-b,demo-00184,https://demo-b.example/aviso/demo-00184,https://demo-b.example/aviso/demo-00184,Departamento 4 ambientes en Palermo,472000,USD,543000,ARS,Charcas 3260,"Palermo, Capital Federal",Norte Propiedades,113.2,12,125.2,,,,,,,,,laundry,2026-08-09,"Departamento de 4 ambientes en pleno Palermo, sobre la calle Charcas al 3200. Son 113 m² cubiertos más 12 m² de balcón terraza, con tres dormitorios y un baño completo. El edificio cuenta con ascensor y servicio de laundry, ideal para quienes buscan comodidad y practicidad en una de las zonas más buscadas de la Ciudad. Una excelente oportunidad para vivir cerca de todo.",false,"{""sintetico"": true, ""caso"": null, ""duplicado_de"": null}"
demo-a,demo-00185,https://demo-a.example/aviso/demo-00185,https://demo-a.example/aviso/demo-00185,Departamento 1 ambientes en Palermo,154000,USD,,,Malabia 2605,"Palermo, Capital Federal",Sur & Asociados,31.8,4.0,35.8,,,,,,,,,,2026-08-30,"Departamento a estrenar en Palermo, sobre Malabia al 2600. Un ambiente con baño completo, 32 m² cubiertos más 4 m² de balcón terraza, en piso 12. Ideal para quienes buscan un primer hogar o una inversión en una de las zonas más buscadas de la ciudad. Sin cochera ni amenities, pero con todo lo necesario para disfrutar la ubicación y la luminosidad de un piso alto.",false,"{""sintetico"": true, ""caso"": null, ""duplicado_de"": null}"
demo-a,demo-00186,https://demo-a.example/aviso/demo-00186,https://demo-a.example/aviso/demo-00186,Departamento 3 ambientes en Palermo,307000,USD,280000,ARS,Darregueyra 2126,"Palermo, Capital Federal",Inmobiliaria del Parque,80.7,8,88.7,,,,,,,,,"laundry, seguridad 24 h, gimnasio, sum, pileta",2026-05-29,"Departamento de 3 ambientes en pleno Palermo, sobre la avenida Darregueyra al 2100, a estrenar para estrenar. En el piso 1 y con ascensor, este inmueble de 81 m2 cubiertos más 8 m2 de balcón/terraza ofrece una distribución muy bien pensada: dos dormitorios, un baño completo y un living comedor amplio y luminoso. El edificio cuenta con amenities de primera: gimnasio, pileta, sum y laundry, además de seguridad 24 horas. Sin dudas, una oportunidad única para quienes buscan comodidad y vida de barrio, con todos los servicios a metros y la cercanía a los polos gastronómicos y comerciales más lindos de la ciudad.

El departamento está en buen estado general, listo para mudarse, y se destaca por su excelente relación entre espacios y funcionalidad. El balcón/terraza suma un plus para disfrutar al aire libre sin salir de casa. La propiedad no tiene cochera, pero en la zona hay opciones de alquiler mensual. Se acepta permuta por otra unidad o financiación en cuotas, por lo que es una gran oportunidad tanto para inversores como para quienes buscan su primer hogar. Consultá por visitas y coordina tu recorrida; te esperamos para mostrarte todo lo que este lugar tiene para ofrecerte.",false,"{""sintetico"": true, ""caso"": ""permuta"", ""duplicado_de"": null}"
demo-b,demo-00187,https://demo-b.example/aviso/demo-00187,https://demo-b.example/aviso/demo-00187,Departamento 5 ambientes en Palermo,940000,USD,179000,ARS,Armenia 4776,"Palermo, Capital Federal",Mirador Propiedades,204.5,3,207.5,,,,,,,,,"sum, solarium, gimnasio, parrilla, laundry",2026-05-22,"Departamento de 5 ambientes en pleno Palermo, sobre la calle Armenia al 4700, en una ubicación que te va a encantar. Son 204 metros cuadrados cubiertos, más un balcón terraza de 3 metros que suma para despejarse. Está en un piso 5, con ascensor, así que la vista y la luminosidad se aprovechan al máximo. La distribución es muy cómoda: 4 dormitorios, 2 baños, todo en excelente estado, listo para que lo disfrutes sin tener que hacer grandes reformas.

El edificio cuenta con amenities que te simplifican la vida: sum, solarium, gimnasio, parrilla y laundry. Un lujo que no muchos edificios de la zona ofrecen. Está impecable, con una onda muy canchera y lista para habitar. Ideal para una familia grande o para quien busque espacio de sobra en una de las mejores zonas de la ciudad. Sin cochera, pero con toda la oferta de transporte y comercios a la vuelta de la esquina. Escribinos y coordinamos una visita, no te lo podés perder.",false,"{""sintetico"": true, ""caso"": null, ""duplicado_de"": null}"
demo-a,demo-00188,https://demo-a.example/aviso/demo-00188,https://demo-a.example/aviso/demo-00188,Departamento 4 ambientes en Palermo,504000,USD,,,"Darregueyra 5045, Piso 8","Palermo, Capital Federal",Sur & Asociados,133.8,,133.8,4,3,2,,0,Excelente,Lateral,8,"gimnasio, parrilla",2026-09-05,"Departamento de 4 ambientes en el corazón de Palermo, sobre Darregueyra al 5000. Son 134 metros cuadrados cubiertos distribuidos en tres dormitorios, dos baños completos y un amplio living comedor con orientación lateral que garantiza una excelente luminosidad durante todo el día. El edificio cuenta con gimnasio y parrilla, ideales para quienes buscan comodidad sin salir de casa. Sin cochera, pero con fácil acceso a transporte y todos los servicios del barrio. Una oportunidad única para vivir en una de las zonas más buscadas de la ciudad.",true,"{""sintetico"": true, ""caso"": null, ""duplicado_de"": null}"
demo-b,demo-00189,https://demo-b.example/aviso/demo-00189,https://demo-b.example/aviso/demo-00189,Departamento 4 ambientes en Palermo,499000,USD,,,"Darregueyra 5000, Piso 8","Palermo, Capital Federal",Sur & Asociados,131.6,,131.6,4,3,2,,0,Excelente,,8,"gimnasio, parrilla",2026-09-11,"Departamento de 4 ambientes en el corazón de Palermo, sobre la avenida Darregueyra al 5000. En el piso 8 y con ascensor, este inmueble de 132 m2 cubiertos se destaca por su excelente estado y su luminosidad durante todo el día. La distribución es muy funcional: tres dormitorios, dos baños y amplios espacios en común, ideales para una familia o para quien busque comodidad sin renunciar a la mejor zona de la ciudad.

El edificio ofrece amenities pensados para el día a día, como gimnasio y parrilla, ideales para disfrutar sin moverte de tu casa. Al estar en un octavo piso, las vistas se aprovechan al máximo y la sensación de amplitud se potencia. Sin lugar a dudas, una oportunidad única para vivir en uno de los barrios más buscados de Buenos Aires, con toda la oferta gastronómica, verde y de transporte a solo unos pasos. Una propiedad para conocer y enamorarse.",true,"{""sintetico"": true, ""caso"": null, ""duplicado_de"": ""demo-00188""}"
demo-a,demo-00190,https://demo-a.example/aviso/demo-00190,https://demo-a.example/aviso/demo-00190,Departamento 4 ambientes en Palermo,693000,USD,422000,ARS,Cerviño 3400,"Palermo, Capital Federal",Belgrano Brokers,124.6,8,132.6,4,3,3,,0,Muy Bueno,Frente,0,,2026-07-03,"Departamento en venta, Cerviño al 3400, Palermo. Planta baja con orientación al frente, 125 m² cubiertos más 8 m² de balcón terraza. Cuenta con cuatro ambientes: tres dormitorios y tres baños, ideal para quienes buscan espacios amplios y bien distribuidos en una de las zonas más codiciadas de Buenos Aires. La luz natural entra generosamente por los ventanales, y el balcón terraza suma un lugar propio para disfrutar al aire libre sin salir de casa. Sin cochera ni amenities, pero con la tranquilidad de saber que sobre Cerviño tenés todo a mano: bares, restaurantes, parques y transporte público a pocos pasos. Una oportunidad concreta para vivir en Palermo con buena superficie y distribución clásica.",true,"{""sintetico"": true, ""caso"": null, ""duplicado_de"": null}"
demo-b,demo-00191,https://demo-b.example/aviso/demo-00191,https://demo-b.example/aviso/demo-00191,Departamento 2 ambientes en Palermo,181000,USD,178000,ARS,Fitz Roy 2763,"Palermo, Capital Federal",Grupo Arcos,44.0,,44.0,,,,,,,,,,2026-08-28,"Departamento a estrenar en Palermo, sobre la calle Fitz Roy al 2700. Se trata de un dos ambientes con dormitorio y baño completo, todo en 44 m² cubiertos. Una excelente oportunidad para quienes buscan un primer hogar o una inversión en una de las zonas más buscadas de la Ciudad. El inmueble se entrega en impecables condiciones, pensado para aprovechar al máximo cada metro cuadrado. Sin cochera ni amenities, ideal para quienes valoran la ubicación y la funcionalidad. No deje pasar esta chance de vivir en Palermo con todo lo que ofrece el barrio.",false,"{""sintetico"": true, ""caso"": null, ""duplicado_de"": null}"
demo-a,demo-00192,https://demo-a.example/aviso/demo-00192,https://demo-a.example/aviso/demo-00192,Departamento 2 ambientes en Palermo,176000,USD,178000,ARS,Fitz Roy 2700,"Palermo, Capital Federal",Sur & Asociados,43.5,,43.5,,,,,,,,,,2026-09-04,"Departamento en Palermo, Fitz Roy al 2700, ideal para quienes buscan un dos ambientes funcional en una ubicación privilegiada. Se trata de una **unidad interna** en **piso 3**, lo que garantiza privacidad y luminosidad indirecta, con la comodidad de un edificio **con ascensor**. El inmueble cuenta con 44 m² cubiertos distribuidos en un living-comedor, un dormitorio y un baño completo. Sin cochera ni amenities, es perfecto como primera vivienda o inversión en uno de los barrios más demandados de la ciudad. A pasos de bares, restaurantes y transporte público.",false,"{""sintetico"": true, ""caso"": null, ""duplicado_de"": ""demo-00191""}"
demo-a,demo-00193,https://demo-a.example/aviso/demo-00193,https://demo-a.example/aviso/demo-00193,Departamento 2 ambientes en Palermo,130000,USD,113000,ARS,Arenales 5881,"Palermo, Capital Federal",Estudio Lacroze,45.5,12,57.5,,,,,,,,,laundry,2026-06-21,"Departamento de 2 ambientes en Palermo, sobre Arenales al 5800, en muy buen estado. Es una unidad interna con ascensor, ideal para quienes buscan tranquilidad y privacidad sin resignar ubicación. Cuenta con 46 m² cubiertos más 12 m² de balcón terraza, un dormitorio y un baño completo. El living comedor es amplio y luminoso, y la cocina está integrada de forma funcional. El balcón terraza suma un espacio exterior muy disfrutable. El edificio cuenta con laundry, un servicio que suma comodidad al día a día. Sin cochera, pero con excelente conectividad y todos los comercios y servicios de Palermo a la vuelta. Una oportunidad para estrenar o invertir en una zona que siempre suma.",false,"{""sintetico"": true, ""caso"": null, ""duplicado_de"": null}"
demo-a,demo-00194,https://demo-a.example/aviso/demo-00194,https://demo-a.example/aviso/demo-00194,Departamento 2 ambientes en Palermo,175000,USD,274000,ARS,"Salguero 1019, Piso 6","Palermo, Capital Federal",Grupo Arcos,55.6,3,58.6,2,1,1,,0,Bueno,Lateral,6,,2026-05-26,"Departamento de 2 ambientes en Salguero al 1000, pleno Palermo. Sobre unos 56 metros cuadrados cubiertos más un balconcito de 3 metros que suma para ventilar o tener un desayuno mirando la calle. El edificio es clásico de la zona, con ascensor para subir sin vueltas y en buen estado general. La orientación lateral le da una luz pareja y lo mantiene bien fresco en verano, que se agradece.

Adentro, la distribución es cómoda: un living comedor amplio, un dormitorio con buena superficie y un baño completo, todo bien aprovechado. Es un primer piso con los ambientes bien separados, ideal para una pareja o para alquilar a un ejecutivo que quiera vivir en Palermo sin depender del auto. No tiene cochera ni amenities, pero la ubicación lo compensa con creces, con subte, parques y todo el movimiento comercial a una o dos cuadras. Perfecto para quien busca un departamento clásico, sin gastos de expensas extraordinarios por piscina o gimnasio, y con la practicidad de tener todo cerca.",true,"{""sintetico"": true, ""caso"": null, ""duplicado_de"": null}"
demo-a,demo-00195,https://demo-a.example/aviso/demo-00195,https://demo-a.example/aviso/demo-00195,Departamento 2 ambientes en Palermo,143000,USD,237000,ARS,Humboldt 842,"Palermo, Capital Federal",Estudio Lacroze,42.9,,42.9,,,,,,,,,"parrilla, laundry",2026-06-30,"Departamento de 2 ambientes en pleno corazón de Palermo, sobre Humboldt al 800, una de las zonas más buscadas de la Ciudad. Se destaca por su buen estado general y sus 43 m² cubiertos, ideales para quienes buscan un primer hogar o una inversión con excelente renta. El edificio es de categoría, con ascensor y cuenta con una antigüedad de 8 años, lo que garantiza una construcción moderna y sin los típicos ruidos de propiedades más viejas.

El living comedor es amplio y luminoso, con una distribución que aprovecha cada metro. El dormitorio es cómodo y silencioso, y el baño completo está en perfectas condiciones. Entre sus amenities se destaca un parrilla común para disfrutar los fines de semana y un laundry, que suma mucha practicidad al día a día. Sin cochera, pero con la ventaja de estar rodeado de todos los servicios, bares y subtes. Una oportunidad concreta para vivir bien en Palermo.",false,"{""sintetico"": true, ""caso"": null, ""duplicado_de"": null}"
demo-a,demo-00196,https://demo-a.example/aviso/demo-00196,https://demo-a.example/aviso/demo-00196,Departamento 2 ambientes en Belgrano,137000,USD,,,Virrey del Pino 1986,"Belgrano, Capital Federal",Estudio Lacroze,43.9,8,51.9,2,1,1,0,0,A Estrenar,,0,"parrilla, solarium",2026-07-20,"Departamento a estrenar en Belgrano, sobre Virrey del Pino al 1900. Un dos ambientes de 44 m² cubiertos más un balcón terraza de 8 m², con parrilla y solarium incluidos en las amenities del edificio. El inmueble es a estrenar, ideal para quienes buscan un hogar moderno y funcional en uno de los barrios más tradicionales de la ciudad. La distribución cuenta con un dormitorio, un baño completo y un living comedor con salida al balcón, perfecto para disfrutar al aire libre. Sin cochera, pero con todos los servicios a mano. Una oportunidad única para estrenar en una ubicación privilegiada, cerca de subtes, comercios y espacios verdes. No dejes pasar esta chance.",true,"{""sintetico"": true, ""caso"": null, ""duplicado_de"": null}"
demo-a,demo-00197,https://demo-a.example/aviso/demo-00197,https://demo-a.example/aviso/demo-00197,Departamento 3 ambientes en Palermo,447000,USD,213000,ARS,Bulnes 4912,"Palermo, Capital Federal",Mirador Propiedades,66.2,12,78.2,,,,,,,,,"solarium, seguridad 24 h, pileta, parrilla, laundry",2026-06-10,"En Bulnes al 4900, Palermo, se vende este departamento de tres ambientes con dos dormitorios y un baño, ideal para quienes buscan comodidad y buena ubicación. Con 66 m² cubiertos más un balcón terraza de 12 m², el espacio se disfruta al máximo. El edificio cuenta con solarium, seguridad 24 h, pileta, parrilla y laundry, pensados para el día a día. Sin cochera, pero con todo lo necesario para vivir bien en uno de los barrios más buscados de la ciudad.",false,"{""sintetico"": true, ""caso"": null, ""duplicado_de"": null}"
demo-a,demo-00198,https://demo-a.example/aviso/demo-00198,https://demo-a.example/aviso/demo-00198,Departamento 4 ambientes en Palermo,429000,USD,,,"Paraguay 1683, Piso 9","Palermo, Capital Federal",Norte Propiedades,96.1,5,101.1,4,3,2,,0,Excelente,,9,solarium,2026-08-17,"Departamento de 4 ambientes en Palermo, sobre Paraguay al 1600. Son 96 m² cubiertos más un balcón terraza de 5 m², todo en un piso 9 con solarium de uso común. Cuenta con 3 dormitorios y 2 baños completos, ideal para quienes buscan espacio y buena ubicación en una de las zonas más conectadas de la ciudad. No incluye cochera, pero la oferta de transporte y servicios en la zona lo compensa con creces. Un inmueble funcional y bien distribuido, pensado para disfrutar el día a día con comodidad.",true,"{""sintetico"": true, ""caso"": null, ""duplicado_de"": null}"
demo-b,demo-00199,https://demo-b.example/aviso/demo-00199,https://demo-b.example/aviso/demo-00199,Departamento 5 ambientes en Belgrano,387000,USD,,,"3 de Febrero 1518, Piso 4","Belgrano, Capital Federal",Inmobiliaria del Parque,163.4,5,168.4,5,4,3,25,0,Muy Bueno,,4,gimnasio,2026-08-14,"Departamento de 5 ambientes en Belgrano, sobre la calle 3 de Febrero al 1500, piso 4 con ascensor. Tiene 163 m² cubiertos más un balcón terraza de 5 m², muy bien distribuidos en 4 dormitorios y 3 baños. El edificio tiene 25 años de antigüedad y el departamento se encuentra en muy buen estado, listo para habitar. Cuenta con gimnasio como amenities del edificio. No incluye cochera. Una excelente oportunidad en una zona con todos los servicios, cerca de parques y transporte. Ideal para quienes buscan espacio y comodidad en un piso alto con buena vista.",true,"{""sintetico"": true, ""caso"": null, ""duplicado_de"": null}"
demo-a,demo-00200,https://demo-a.example/aviso/demo-00200,https://demo-a.example/aviso/demo-00200,Departamento 2 ambientes en Palermo,227000,USD,450000,ARS,"Arenales 2987, Piso 7","Palermo, Capital Federal",Estudio Lacroze,48.2,,48.2,2,1,1,,0,Muy Bueno,Frente,7,"solarium, gimnasio",2026-09-06,"Departamento de 2 ambientes en pleno Palermo, sobre Arenales al 2900, al frente y con ascensor. Cuenta con un dormitorio, un baño y 48 m² cubiertos bien distribuidos. El edificio ofrece solarium y gimnasio, ideales para sumar confort sin salir de casa. Sin cochera, pero con todos los servicios cerca. Una oportunidad para vivir en una de las zonas más buscadas de la Ciudad.",true,"{""sintetico"": true, ""caso"": null, ""duplicado_de"": null}"
demo-b,demo-00201,https://demo-b.example/aviso/demo-00201,https://demo-b.example/aviso/demo-00201,Departamento 5 ambientes en Belgrano,466000,USD,244000,ARS,Echeverría 3949,"Belgrano, Capital Federal",Mirador Propiedades,144.9,,144.9,,,,,,,,,,2026-07-07,"Departamento de 5 ambientes en pleno Belgrano, a metros de Echeverría al 3900. Son 145 m² cubiertos distribuidos en 4 dormitorios y 3 baños, con una cochera incluida. La distribución es clásica y bien pensada, con los ambientes amplios y luminosos que buscan los que quieren vivir en una de las zonas más lindas de la ciudad, sin renunciar al verde y a la cercanía de los subtes y los bares de siempre. Al ser un piso bajo, la entrada es directa y sin ascensor, un detalle que suma practicidad para el día a día.

El edificio es un emprendimiento en construcción, por lo que las fotos que ves son del modelo terminado, a modo de referencia. La entrega estimada es para el segundo semestre del año que viene, así que todavía estás a tiempo de sumarte a la obra y personalizar algunos detalles. Ideal para familia grande o para quienes buscan un buen pie para invertir en una propiedad que no pierde valor. Consultanos por la operatoria y armamos la visita al showroom sin compromiso.",false,"{""sintetico"": true, ""caso"": ""pozo"", ""duplicado_de"": null}"
demo-a,demo-00202,https://demo-a.example/aviso/demo-00202,https://demo-a.example/aviso/demo-00202,Departamento 3 ambientes en Belgrano,122000,USD,213000,ARS,Montañeses 1332,"Belgrano, Capital Federal",Inmobiliaria del Parque,72.9,,72.9,3,2,1,,0,A Refaccionar,Contrafrente,,"seguridad 24 h, sum",2026-05-03,"Departamento en Belgrano, sobre Montañeses al 1300. Se trata de un tres ambientes con dos dormitorios",true,"{""sintetico"": true, ""caso"": null, ""duplicado_de"": null}"
demo-b,demo-00203,https://demo-b.example/aviso/demo-00203,https://demo-b.example/aviso/demo-00203,Departamento 2 ambientes en Belgrano,127000,USD,510000,ARS,"Vuelta de Obligado 878, Piso 9","Belgrano, Capital Federal",Belgrano Brokers,42.8,,42.8,2,1,1,,0,Excelente,Frente,9,"sum, gimnasio, parrilla",2026-07-19,"Departamento de dos ambientes en Vuelta de Obligado al 800, Belgrano, pleno corazón del barrio. Está al frente, en un piso 9 con ascensor, ideal para disfrutar de la luz natural y las vistas. Tiene 43 m² cubiertos, distribuidos en un living comedor amplio, un dormitorio y un baño completo. Sin cochera, pero con acceso a amenities destacados: SUM, gimnasio y parrilla para compartir con amigos o vecinos. Una oportunidad pensada para quienes buscan calidad de vida en una zona con todos los servicios cerca.",true,"{""sintetico"": true, ""caso"": null, ""duplicado_de"": null}"
demo-b,demo-00204,https://demo-b.example/aviso/demo-00204,https://demo-b.example/aviso/demo-00204,Departamento 5 ambientes en Belgrano,265000,USD,,,"Ciudad de la Paz 5860, Piso 5","Belgrano, Capital Federal",Inmobiliaria del Parque,124.3,,124.3,5,4,2,,0,Muy Bueno,,5,solarium,2026-07-08,"Departamento de 5 ambientes en Belgrano, sobre Ciudad de la Paz al 5800, con 124 m² cubiertos y muy bien distribuidos: 4 dormitorios y 2 baños completos. Está en muy buen estado, listo para habitar, y se ubica en un piso 5 con ascensor, lo que le da mucha luz y buena vista. El edificio cuenta con solarium, ideal para disfrutar los días de sol. Sin cochera, pero con excelente acceso a transporte y todos los servicios del barrio. Una oportunidad única para quien busca espacio y confort en una de las mejores zonas de la ciudad.",true,"{""sintetico"": true, ""caso"": null, ""duplicado_de"": null}"
demo-a,demo-00205,https://demo-a.example/aviso/demo-00205,https://demo-a.example/aviso/demo-00205,Departamento 3 ambientes en Belgrano,257000,USD,,,"Montañeses 3749, Piso 15","Belgrano, Capital Federal",Estudio Lacroze,82.1,8,90.1,3,2,1,,0,Muy Bueno,,15,"sum, parrilla",2026-04-08,"Departamento de tres ambientes en Belgrano, en Montañeses al 3700, muy buen estado. Cuenta con dos dormitorios, un baño completo y una superficie cubierta de 82 metros cuadrados, más un balcón terraza de 8 metros que suma un espacio al aire libre ideal. El edificio sin ascensor ofrece un living comedor amplio y la cocina conserva el estilo del barrio, perfecto para quienes buscan un hogar tranquilo. El inmueble incluye SUM y parrilla para disfrutar en familia o con amigos, dos amenities que agregan valor al día a día.

Sin cochera, pero ubicado en una zona con todos los servicios a mano, cerca de parques y conectado por las principales avenidas. Un departamento pensado para quienes valoran la calidad de vida en un barrio residencial, conservado y listo para habitar. Consultá por visitas.",true,"{""sintetico"": true, ""caso"": null, ""duplicado_de"": null}"
demo-a,demo-00206,https://demo-a.example/aviso/demo-00206,https://demo-a.example/aviso/demo-00206,Departamento 5 ambientes en Palermo,629000,USD,,,"Armenia 933, Piso 4","Palermo, Capital Federal",Inmobiliaria del Parque,164.9,8,172.9,5,4,1,,0,A Estrenar,Interno,4,,2026-04-26,"Departamento de 5 ambientes a estrenar en el corazón de Palermo, sobre la calle Armenia al 900. Se trata de una unidad interna muy luminosa, ubicada en un piso 4, con una excelente distribución que separa por completo el área de día del dormitorio principal. Son 165 m² cubiertos más una terraza balcón de 8 m² que invita a desayunar al aire libre o a armar un pequeño rincón verde. Los 4 dormitorios son amplios y los ventanales aportan una gran vista al arbolado de la zona. Sin lugar a dudas, una oportunidad única para quienes buscan mudarse a uno de los barrios más buscados de la Ciudad, con todos los servicios, bares y espacios verdes a pocas cuadras.

La propiedad se enmarca en un moderno emprendimiento en construcción, pensado para quienes valoran la calidad de vida y la practicidad. Al no contar con cochera ni amenities, el valor de expensas es más accesible, y se destaca la posibilidad de personalizar los acabados en la etapa de obra. Las fotos corresponden al modelo de exhibición y no al de entrega, pero sirven para apreciar la terminación y el concepto. La entrega estimada es para el segundo semestre del año que viene, lo que permite proyectar la mudanza con tranquilidad. Una excelente oportunidad para invertir o estrenar vivienda propia en una de las zonas más codiciadas de Palermo.",true,"{""sintetico"": true, ""caso"": ""pozo"", ""duplicado_de"": null}"
demo-a,demo-00207,https://demo-a.example/aviso/demo-00207,https://demo-a.example/aviso/demo-00207,Departamento 3 ambientes en Palermo,350000,USD,476000,ARS,"Nicaragua 1956, Piso 3","Palermo, Capital Federal",Inmobiliaria del Parque,93.2,8,101.2,3,2,1,,0,Muy Bueno,Frente,3,,2026-05-09,"Departamento de 3 ambientes en pleno corazón de Palermo, sobre la calle Nicaragua al 1900, a metros de la zona más linda para vivir. Se trata de un piso 3 con ascensor, al frente, y en muy buen estado para entrar a vivir o alquilar. Son 93 metros cuadrados cubiertos más una terraza de 8 metros cuadrados donde se puede armar un lindo living al aire libre o un comedor diario.

La distribución es clásica y aprovechable: un living comedor amplio con ventanal a la calle, cocina independiente con desayunador, dos dormitorios (el principal con placar) y un baño completo. Al ser al frente, la luminosidad natural acompaña todo el día. No tiene cochera, pero en la zona se consigue fácil para alquilar. El edificio es tranquilo y sin amenities, ideal para quien busca practicidad y ubicación sin pagar expensas de más. La propiedad está en muy buen estado, con detalles que se pueden ir modernizando de a poco. Una oportunidad real para invertir o estrenar como hogar.",true,"{""sintetico"": true, ""caso"": null, ""duplicado_de"": null}"
demo-a,demo-00208,https://demo-a.example/aviso/demo-00208,https://demo-a.example/aviso/demo-00208,Departamento 4 ambientes en Palermo,325000,USD,216000,ARS,Paraguay 1871,"Palermo, Capital Federal",Belgrano Brokers,137.7,8,145.7,4,3,2,,0,A Refaccionar,Frente,8,,2026-09-03,"Departamento de 4 ambientes en una de las zonas más buscadas de Palermo, sobre la calle Paraguay al 1800. Se trata de una unidad al frente, con 138 m² cubiertos más 8 m² de balcón terraza, ideal para quienes buscan un buen punto de partida. La distribución es amplia: living comedor, cocina independiente, 3 dormitorios y 2 baños completos, todo a refaccionar, lo que permite dejar el inmueble a gusto del nuevo dueño sin pagar plusvalía por remodelaciones ajenas. Sin cochera ni amenities, perfecto para quien prefiere no pagar gastos comunes elevados y valora la ubicación por sobre los servicios del edificio. Una oportunidad para inversionistas o familias que quieran poner el ojo en un piso de buena superficie en pleno Palermo.",true,"{""sintetico"": true, ""caso"": null, ""duplicado_de"": null}"
demo-a,demo-00209,https://demo-a.example/aviso/demo-00209,https://demo-a.example/aviso/demo-00209,Departamento 2 ambientes en Palermo,147000,USD,255000,ARS,"Paraguay 5297, Piso 6","Palermo, Capital Federal",Norte Propiedades,39.7,,39.7,2,1,1,0,0,Excelente,Frente,6,,2026-08-12,"Departamento de 2 ambientes en Paraguay al 5200, Palermo, a estrenar. Se encuentra en piso 6, al frente, con una superficie cubierta de 40 m² que se aprovecha al máximo. El inmueble está en excelente estado, con terminaciones modernas y buena luminosidad durante todo el día. Al estar en un piso alto, las vistas son despejadas y el ambiente se siente más amplio. Dispone de un dormitorio con placard, un baño completo y un living comedor integrado con cocina tipo americana, ideal para quienes buscan un espacio funcional y bien distribuido. Ubicado en una zona estratégica de Palermo, cerca de bares, locales comerciales y con fácil acceso a medios de transporte, es una oportunidad perfecta tanto para invertir como para vivir en uno de los barrios más buscados de la Ciudad. Sin cochera ni amenities, pero con todo lo necesario para disfrutar del barrio a pleno.",true,"{""sintetico"": true, ""caso"": null, ""duplicado_de"": null}"
demo-b,demo-00210,https://demo-b.example/aviso/demo-00210,https://demo-b.example/aviso/demo-00210,Departamento 1 ambientes en Belgrano,89000,USD,512000,ARS,Freire 5223,"Belgrano, Capital Federal",Casa Nueva Negocios Inmobiliarios,33.5,6.0,39.5,1,0,1,40,0,Muy Bueno,Interno,15,,2026-05-21,"Departamento de un ambiente en el corazón de Belgrano, sobre la calle Freire al 5200. Se trata de una unidad interna, muy luminosa y silenciosa, ideal para inversor o para quien busca refugio en una de las zonas más arboladas de la ciudad. Con 34 m² cubiertos y 6 m² de balcón terraza, el living comedor se integra de forma natural con la galería, generando una sensación de amplitud poco común en este tipo de propiedades. El baño está completo y la cocina, equipada, aprovecha cada rincón.

A pesar de sus 40 años de antigüedad, el edificio está impecable y el departamento se encuentra en muy buen estado, listo para habitar. Con ascensor y una ubicación privilegiada, a pasos de plazas, subte y todos los servicios, esta es una oportunidad real. Se acepta permuta por otra unidad o financiación en cuotas, consultá la modalidad. Un dato a tener en cuenta: no es de los que tienen balcón a la calle, pero su terraza privada compensa con creces. Ideal para quienes valoran la practicidad y la buena energía de Belgrano.",true,"{""sintetico"": true, ""caso"": ""permuta"", ""duplicado_de"": null}"
demo-a,demo-00211,https://demo-a.example/aviso/demo-00211,https://demo-a.example/aviso/demo-00211,Departamento 4 ambientes en Palermo,494000,USD,319000,ARS,Guatemala 3769,"Palermo, Capital Federal",Grupo Arcos,123.9,,123.9,4,3,2,,0,Muy Bueno,Frente,0,parrilla,2026-08-06,"Departamento en Palermo, Guatemala al 3700, al frente, con ascensor y en muy buen estado. Cuenta con 4 ambientes distribuidos en 3 dormitorios, 2 baños y 124 m² cubiertos. Dispone de parrilla para disfrutar al aire libre. Sin cochera. Ideal para quienes buscan comodidad y buena ubicación en uno de los barrios más buscados de la ciudad.",true,"{""sintetico"": true, ""caso"": null, ""duplicado_de"": null}"
demo-a,demo-00212,https://demo-a.example/aviso/demo-00212,https://demo-a.example/aviso/demo-00212,Departamento 4 ambientes en Belgrano,296000,USD,255000,ARS,Zapiola 960,"Belgrano, Capital Federal",Casa Nueva Negocios Inmobiliarios,134.4,8,142.4,4,3,3,20,0,Bueno,Lateral,10,"seguridad 24 h, solarium, gimnasio, sum, laundry",2026-07-02,"Departamento de 4 ambientes en Belgrano, Zapiola al 900. Piso 10 con ascensor, orientación lateral que garantiza buena luz y vista abierta. Tiene 134 m² cubiertos más 8 m² de balcón terraza, distribuidos en living comedor amplio, cocina separada, tres dormitorios (uno en suite) y tres baños completos. El inmueble está en buen estado general, con 20 años de antigüedad bien llevados. El edificio cuenta con seguridad 24 horas, solarium, gimnasio, SUM y laundry. Sin cochera. Ideal para quienes buscan espacio, confort y amenities en una zona privilegiada de Belgrano.",true,"{""sintetico"": true, ""caso"": null, ""duplicado_de"": null}"
demo-b,demo-00213,https://demo-b.example/aviso/demo-00213,https://demo-b.example/aviso/demo-00213,Departamento 4 ambientes en Palermo,691000,USD,243000,ARS,Armenia 5247,"Palermo, Capital Federal",Casa Nueva Negocios Inmobiliarios,148.7,12,160.7,,,,,,,,,,2026-08-12,"Departamento de 4 ambientes muy buen estado, al frente, en pleno corazón de Palermo, sobre la calle Armenia al 5200. Piso 4, con una luminosidad envidiable gracias a su orientación y a que está al frente, lo que garantiza ambientes bien ventilados y con vista abierta. Son 149 m² cubiertos más 12 m² de balcón/terraza, ideales para disfrutar durante todo el año.

La distribución es clásica y aprovechable: 3 dormitorios, uno de ellos con placar, y 2 baños completos. El living comedor es amplio, con paso al balcón, perfecto para armar ambientes diferenciados. La cocina es independiente y conserva detalles de construcción sólida. Está en muy buen estado general, listo para habitar sin grandes refacciones, aunque con margen para actualizar a gusto del comprador. Sin cochera ni amenities, pero con la ventaja de tener todo a la vuelta de la esquina: subte, bares, parques y la movida de Palermo Soho. Ideal para quienes buscan un piso canchero, con buena onda, en un edificio de pocos pisos y con ese no-sé-qué de lo auténtico de la ciudad.",false,"{""sintetico"": true, ""caso"": null, ""duplicado_de"": null}"
demo-b,demo-00214,https://demo-b.example/aviso/demo-00214,https://demo-b.example/aviso/demo-00214,Departamento 5 ambientes en Palermo,568000,USD,172000,ARS,"Arenales 5849, Piso 2","Palermo, Capital Federal",Sur & Asociados,162.9,5,167.9,5,4,2,0,0,Bueno,Lateral,2,"gimnasio, sum, seguridad 24 h",2026-07-17,"Departamento de 5 ambientes en Arenales al 5800, Palermo. Con 163 m² cubiertos más 5 m² de balcón terraza, este inmueble a estrenar ofrece una distribución funcional con 4 dormitorios y 2 baños. De buen estado general, se destaca por su orientación lateral que garantiza una luminosidad pareja durante todo el día. El edificio cuenta con gimnasio, SUM y seguridad 24 horas, ideal para quienes buscan comodidad y tranquilidad en una zona con excelente conectividad. Sin cochera.",true,"{""sintetico"": true, ""caso"": null, ""duplicado_de"": null}"
demo-b,demo-00215,https://demo-b.example/aviso/demo-00215,https://demo-b.example/aviso/demo-00215,Departamento 2 ambientes en Palermo,228000,USD,283000,ARS,Paraguay 850,"Palermo, Capital Federal",Sur & Asociados,50.3,3,53.3,,,,,,,,,"gimnasio, solarium",2026-08-26,"Departamento en Paraguay al 800, pleno Palermo, al frente y en piso 7. Son 50 m² cubiertos más un balcón terraza de 3 m², ideales para disfrutar del aire libre. El living comedor es amplio y luminoso, con una ventana que da justo a la calle. La habitación también es al frente, bien ventilada. El baño completo y la cocina están separados. Es un dos ambientes con un dormitorio, todo muy funcional. El edificio tiene gimnasio y solarium, perfecto para quienes buscan un plus sin salir de casa. Un detalle importante: es sin ascensor, así que el piso 7 se sube por escalera, pero eso le da un carácter más tranquilo y menos ruido de tránsito. No tiene cochera, pero en la zona hay muchas opciones. Ideal para pareja o para quien quiera un departamento bien ubicado, con buena luz y vistas abiertas.",false,"{""sintetico"": true, ""caso"": null, ""duplicado_de"": null}"
demo-a,demo-00216,https://demo-a.example/aviso/demo-00216,https://demo-a.example/aviso/demo-00216,Departamento 3 ambientes en Palermo,281000,USD,494000,ARS,"Bonpland 5781, Piso 10","Palermo, Capital Federal",Estudio Lacroze,67.3,3,70.3,3,2,1,,0,Bueno,Frente,10,,2026-07-23,"Departamento de 3 ambientes en pleno corazón de Palermo, sobre la calle Bonpland al 5700. Se trata de una unidad al frente, con muy linda luminosidad durante todo el día. Son 67 metros cuadrados cubiertos más un balcón terraza de 3 metros que suma ese plus para desayunar o leer al aire libre. El living está bien proporcionado, con ventanal que da a la calle, y los dos dormitorios son amplios, ideales para armar el hogar tal cual lo soñás. El baño es completo y la cocina tiene espacio de sobra para moverte cómodo.

Está en buen estado general, listo para habitar o para renovar a gusto, según lo que busques. La ubicación es inmejorable: a metros de avenidas importantes, con todos los servicios, bares, restaurantes y medios de transporte a la vuelta. Sin cochera ni amenities, pero con ese aire de barrio porteño que tanto se valora. Ideal para pareja o para quien quiera vivir en una de las zonas más codiciadas de la Ciudad. Consultá por visitas.",true,"{""sintetico"": true, ""caso"": null, ""duplicado_de"": null}"
demo-b,demo-00217,https://demo-b.example/aviso/demo-00217,https://demo-b.example/aviso/demo-00217,Departamento 3 ambientes en Palermo,287000,USD,494000,ARS,"Bonpland 5700, Piso 10","Palermo, Capital Federal",Sur & Asociados,69.7,3,72.7,3,2,1,,0,Bueno,,10,,2026-07-29,"Departamento en venta en Palermo, sobre Bonpland al 5700. Se trata de un 3 ambientes con dos dormitorios y un baño completo, en buen estado general y listo para habitar. Está en un piso 10, cuenta con ascensor y tiene una superficie cubierta de 70 m² más 3 m² de balcón terraza. Sin cochera ni amenities, ideal para quienes buscan un piso funcional en una zona bien conectada de la ciudad.",true,"{""sintetico"": true, ""caso"": null, ""duplicado_de"": ""demo-00216""}"
demo-a,demo-00218,https://demo-a.example/aviso/demo-00218,https://demo-a.example/aviso/demo-00218,Departamento 3 ambientes en Belgrano,149000,USD,334000,ARS,Migueletes 5227,"Belgrano, Capital Federal",Mirador Propiedades,65.9,,65.9,,,,,,,,,seguridad 24 h,2026-06-16,"Departamento de 3 ambientes en Belgrano, sobre Migueletes al 5200. Con 66 m² cubiertos, dos dormitorios y un baño. Edificio con seguridad 24 horas y ascensor. Ideal para quienes buscan comodidad en una zona con todos los servicios.",false,"{""sintetico"": true, ""caso"": null, ""duplicado_de"": null}"
demo-a,demo-00219,https://demo-a.example/aviso/demo-00219,https://demo-a.example/aviso/demo-00219,Departamento 5 ambientes en Belgrano,412000,USD,336000,ARS,"Mendoza 345, Piso 9","Belgrano, Capital Federal",Casa Nueva Negocios Inmobiliarios,198.7,,198.7,5,4,1,50,0,Excelente,Frente,9,,2026-07-11,"Departamento de 5 ambientes en el corazón de Belgrano, sobre Mendoza al 300, a pasos de todo lo que necesitás. Piso 9, al frente, con una luz natural envidiable y 199 m² de superficie cubierta que se aprovechan de verdad. A pesar de sus 50 años de antigüedad, está en excelente estado, listo para habitar o para redecorar a tu gusto.

Los 4 dormitorios son amplios y el living comedor invita a armar reuniones largas; la cocina, con dependencia de servicio, suma para el día a día. Es un piso clásico, de los que ya no se consiguen, en un edificio bien mantenido y con vecinos de toda la vida. Sin cochera ni amenities, pero con una ubicación que te resuelve la vida: subte, colectivos, bares y verde cerca. Se acepta permuta por otra unidad o financiación en cuotas, así que si te enamora, hablemos.",true,"{""sintetico"": true, ""caso"": ""permuta"", ""duplicado_de"": null}"
demo-a,demo-00220,https://demo-a.example/aviso/demo-00220,https://demo-a.example/aviso/demo-00220,Departamento 3 ambientes en Belgrano,263000,USD,470000,ARS,"Zabala 3607, Piso 7","Belgrano, Capital Federal",Sur & Asociados,75.3,8,83.3,3,2,1,70,1,Bueno,,7,pileta,2026-09-15,"Departamento de 3 ambientes en Belgrano, sobre Zabala al 3600, en un piso 7 con ascensor. Tiene 75 m² cubiertos más un balcón terraza de 8 m², dos dormitorios, un baño y cochera. El edificio cuenta con pileta y, si bien tiene 70 años de antigüedad, se trata de un clásico de la zona con muy buena distribución. Ideal para quienes buscan un tres ambientes con espacios bien diferenciados y la practicidad de vivir en un piso alto con vista abierta.",true,"{""sintetico"": true, ""caso"": null, ""duplicado_de"": null}"
demo-b,demo-00221,https://demo-b.example/aviso/demo-00221,https://demo-b.example/aviso/demo-00221,Departamento 3 ambientes en Belgrano,268000,USD,470000,ARS,"Zabala 3600, Piso 7","Belgrano, Capital Federal",Casa Nueva Negocios Inmobiliarios,77.4,8,85.4,3,2,1,70,1,Bueno,Frente,7,pileta,2026-09-23,"Departamento de tres ambientes en Belgrano, Zabala al 3600, al frente, con 77 m² cubiertos más 8 m² de balcón terraza. Cuenta con dos dormitorios, un baño y cochera. El edificio tiene 70 años de antigüedad pero el departamento se encuentra en buen estado general, listo para habitar. Incluye pileta como amenity, ideal para disfrutar en el barrio. Una oportunidad en una zona con buena conectividad y servicios a pocos pasos.",true,"{""sintetico"": true, ""caso"": null, ""duplicado_de"": ""demo-00220""}"
demo-b,demo-00222,https://demo-b.example/aviso/demo-00222,https://demo-b.example/aviso/demo-00222,Departamento 3 ambientes en Palermo,325000,USD,,,"Juncal 3383, Piso 1","Palermo, Capital Federal",Belgrano Brokers,81.3,,81.3,3,2,1,,0,Muy Bueno,,1,"laundry, parrilla, pileta, gimnasio, solarium",2026-08-16,"Departamento de 3 ambientes en Palermo, sobre Juncal al 3300, con 81 m² cubiertos y muy buen estado. Está en piso 1 con ascensor, cuenta con dos dormitorios, un baño completo y un living comedor amplio. El edificio ofrece amenities completos: laundry, parrilla, pileta, gimnasio y solarium. Sin cochera. Ideal para quienes buscan comodidad y buena ubicación en uno de los barrios más requeridos de la ciudad.",true,"{""sintetico"": true, ""caso"": null, ""duplicado_de"": null}"
demo-b,demo-00223,https://demo-b.example/aviso/demo-00223,https://demo-b.example/aviso/demo-00223,Departamento 4 ambientes en Palermo,534000,USD,203000,ARS,"Ravignani 303, Piso 15","Palermo, Capital Federal",Mirador Propiedades,104.9,5,109.9,4,3,2,,0,Muy Bueno,Lateral,15,,2026-08-01,"Departamento en Ravignani al 300, Palermo, de 4 ambientes con 3 dormitorios y 2 baños completos. Se destaca su orientación lateral, que le brinda una luminosidad pareja durante todo el día y una vista abierta y despejada. Está en el piso 15, lo que garantiza privacidad y una sensación de amplitud única, con un balcón terraza de 5 m² ideal para disfrutar al aire libre. El edificio cuenta con ascensor, y la unidad tiene una superficie cubierta de 105 m² muy bien aprovechados, con buen placard en los dormitorios y un living comedor generoso. 

Sin cochera ni amenities, en una zona de Palermo que combina la tranquilidad de una calle arbolada con la cercanía a bares, comercios y medios de transporte. Un tres ambientes real que se puede recorrer sin vueltas. Consultá por la escrituración y condiciones de financiación.",true,"{""sintetico"": true, ""caso"": null, ""duplicado_de"": null}"
demo-a,demo-00224,https://demo-a.example/aviso/demo-00224,https://demo-a.example/aviso/demo-00224,Departamento 5 ambientes en Palermo,630000,USD,247000,ARS,Ravignani 5221,"Palermo, Capital Federal",Sur & Asociados,203.0,3,206.0,,,,,,,,,,2026-07-19,"Departamento de 5 ambientes al frente, ubicado en Ravignani al 5200, pleno Palermo. Son 203 metros cuadrados cubiertos más un balcón terraza de 3 metros, distribuidos en un living comedor amplio, cuatro dormitorios y un baño completo. Está en el piso 6, con ascensor, y el edificio tiene 15 años de antigüedad. Sin cochera ni amenities, ideal para quienes buscan espacio real en una zona con excelente conectividad y todos los servicios a la vuelta.",false,"{""sintetico"": true, ""caso"": null, ""duplicado_de"": null}"
demo-b,demo-00225,https://demo-b.example/aviso/demo-00225,https://demo-b.example/aviso/demo-00225,Departamento 2 ambientes en Belgrano,117000,USD,251000,ARS,Blanco Encalada 5505,"Belgrano, Capital Federal",Casa Nueva Negocios Inmobiliarios,37.2,5,42.2,,,,,,,,,"gimnasio, sum",2026-07-15,"Departamento de 2 ambientes en pleno Belgrano, sobre Blanco Encalada al 5500, una zona que se disfruta a full por su perfil residencial y comercial. Son 37 m² cubiertos más un balcón/terraza de 5 m², ideal para despegarse del bullicio y tener un rinconcito al aire libre. Al contrafrente, vas a tener esa tranquilidad que se extraña en la ciudad, perfecta para descansar después del laburo o para quien busca un refugio silencioso en el barrio. El edificio tiene 60 años de antigüedad, así que hablamos de una construcción clásica, con esos ambientes bien distribuidos y una onda que solo dan los edificios con historia. Eso sí, no es un lugar para meter un auto, porque no tiene cochera, pero en la zona hay varias opciones de garage y la verdad que con el subte y los colectivos cerca no hace falta moverse en auto. Sumale el plus de contar con gimnasio y sum dentro del mismo edificio, que siempre viene bien para no poner excusas y mantener la rutina sin salir de casa. Es una oportunidad interesante para invertir o para estrenar como primer hogar, aprovechando que Belgrano ofrece todo: verde, bares, bancos y mucha vida de barrio a la vuelta de la esquina. Si te gusta el barrio y buscás un dos ambientes con buena luz y privacidad, este es el indicado.",false,"{""sintetico"": true, ""caso"": null, ""duplicado_de"": null}"
demo-b,demo-00226,https://demo-b.example/aviso/demo-00226,https://demo-b.example/aviso/demo-00226,Departamento 2 ambientes en Belgrano,70000,USD,267000,ARS,"Arcos 1471, Piso 7","Belgrano, Capital Federal",Norte Propiedades,33.2,3,36.2,2,1,1,50,0,Bueno,,7,parrilla,2026-09-02,"Departamento de 2 ambientes en Arcos al 1400, pleno Belgrano, a metros de todo. Se trata de un piso 7 con ascensor, muy luminoso y con una vista que se disfruta desde el living. Son 33 m² cubiertos más una terraza balcón de 3 m², ideal para desayunar o prender la parrilla los fines de semana. El edificio tiene 50 años de antigüedad, pero está bien mantenido y la unidad es súper aprovechable.

El baño es completo y la cocina está integrada al living, lo que le da amplitud. Al ser un 2 ambientes, es perfecto como primera vivienda o para inversor que quiera sumar un alquiler. No tiene cochera, pero en la zona hay varias opciones para alquilar. Está a pasos de los subtes, colectivos y los bosques de Palermo.

Aprovechá que está a precio promocional, porque es una oportunidad por tiempo limitado y en esa zona no aparecen seguido. Consultanos por la visita, la vemos sin compromiso.",true,"{""sintetico"": true, ""caso"": ""promocional"", ""duplicado_de"": null}"
demo-a,demo-00227,https://demo-a.example/aviso/demo-00227,https://demo-a.example/aviso/demo-00227,Departamento 4 ambientes en Belgrano,518000,USD,311000,ARS,Arcos 1433,"Belgrano, Capital Federal",Estudio Lacroze,129.2,3,132.2,,,,,,,,,,2026-05-05,"Departamento en Belgrano, Arcos al 1400, piso 8. Cuatro ambientes bien distribuidos: living comedor amplio, tres dormitorios y un baño completo. Superficie cubierta de 129 m² más un balcón terraza de 3 m², ideal para disfrutar al aire libre. El edificio tiene 12 años de antigüedad y se destaca por su buena construcción. Sin cochera ni amenities, pero en una zona con todos los servicios a la vuelta. Una oportunidad para quienes buscan un departamento de categoría en uno de los barrios más tradicionales de Capital.",false,"{""sintetico"": true, ""caso"": null, ""duplicado_de"": null}"
demo-b,demo-00228,https://demo-b.example/aviso/demo-00228,https://demo-b.example/aviso/demo-00228,Departamento 2 ambientes en Palermo,161000,USD,230000,ARS,"Bulnes 2028, Piso 6","Palermo, Capital Federal",Inmobiliaria del Parque,50.6,,50.6,2,1,1,60,0,Bueno,Frente,6,,2026-06-07,"Departamento de 2 ambientes al frente, en el piso 6 de un edificio con ascensor, ubicado en Bulnes al 2000, pleno Palermo. Con 51 m² cubiertos, la distribución es funcional y aprovecha cada metro: living comedor amplio y luminoso, cocina separada, dormitorio con buena ventilación y baño completo. Al estar al frente, tenés vistas despejadas y entrada de sol durante gran parte del día, un lujo difícil de conseguir en esta zona.

El edificio, de aproximadamente 60 años de antigüedad, mantiene ese encanto clásico de los edificios de portero eléctrico, pero con la ventaja de contar con ascensor, algo que se agradece en el día a día. Sin cochera ni amenities, el gasto mensual es previsible y bajo, ideal para quienes buscan vivir en una de las mejores ubicaciones de la ciudad sin pagar extras que no se usan. A pasos de bares, restaurantes, subte y verde, es una gran oportunidad para inversores o para quienes quieren estrenar su primer hogar en el barrio.",true,"{""sintetico"": true, ""caso"": null, ""duplicado_de"": null}"
demo-a,demo-00229,https://demo-a.example/aviso/demo-00229,https://demo-a.example/aviso/demo-00229,Departamento 4 ambientes en Belgrano,290000,USD,,,"Montañeses 4102, Piso 1","Belgrano, Capital Federal",Sur & Asociados,99.5,8,107.5,4,3,2,60,0,Excelente,Contrafrente,1,"seguridad 24 h, parrilla, solarium, gimnasio, sum",2026-08-13,"Departamento de 4 ambientes en Belgrano, sobre Montañeses al 4100. Se trata de una unidad al contrafrente, piso 1, con una superficie cubierta de 100 m² más 8 m² de balcón terraza. Cuenta con 3 dormitorios, 2 baños y está en excelente estado, conservando el carácter de sus 60 años de antigüedad. El edificio ofrece seguridad 24 horas, parrilla, solarium, gimnasio y salón de usos múltiples. Sin cochera. Ideal para quienes buscan un hogar amplio y bien ubicado en uno de los barrios más tradicionales de la ciudad.",true,"{""sintetico"": true, ""caso"": null, ""duplicado_de"": null}"
demo-a,demo-00230,https://demo-a.example/aviso/demo-00230,https://demo-a.example/aviso/demo-00230,Departamento 2 ambientes en Palermo,147000,USD,403000,ARS,"Costa Rica 339, Piso 15","Palermo, Capital Federal",Norte Propiedades,37.6,,37.6,2,1,1,,0,Excelente,,15,,2026-09-15,"Departamento en Palermo, sobre la calle Costa Rica al 300, en un edificio con buena presencia. Es un dos ambientes de 38 metros cuadrados cubiertos, con un dormitorio y un baño completo. Se destaca por estar ubicado en **piso 15**, lo que le da una vista abierta y mucha luz natural durante el día. La distribución es funcional, con living comedor que se integra a la cocina, ideal para quienes buscan un espacio práctico y bien aprovechado. Sin cochera ni amenities, pero con la ventaja de estar en una zona llena de vida, con bares, restaurantes y comercios a la vuelta, además de muy cerca de plazas y del subte. Un departamento pensado para quienes quieren vivir en Palermo sin pagar extras que no necesitan. Consultános para coordinar una visita.",true,"{""sintetico"": true, ""caso"": null, ""duplicado_de"": null}"
demo-a,demo-00231,https://demo-a.example/aviso/demo-00231,https://demo-a.example/aviso/demo-00231,Departamento 2 ambientes en Belgrano,84000,USD,,,"Montañeses 5743, Piso 15","Belgrano, Capital Federal",Estudio Lacroze,43.5,,43.5,2,1,1,,0,Bueno,Contrafrente,15,"sum, parrilla, laundry",2026-07-11,"Departamento de dos ambientes en pleno Belgrano, sobre Montañeses al 5700, una zona que combina la tranquilidad de un barrio de casas con la cercanía de todos los servicios. Se trata de una unidad de 44 metros cuadrados cubiertos, distribuidos en un living comedor amplio y luminoso, un dormitorio cómodo y un baño completo, todo en un layout bien aprovechado. Al estar al contrafrente, se garantiza un silencio absoluto, ideal para descansar o trabajar desde casa sin ruidos de la avenida.

El edificio cuenta con amenities que suman calidad de vida: un sum perfecto para reuniones o para relajarse, una parrilla para disfrutar de los fines de semana y un laundry para olvidarte de las idas al lavadero. Es una opción muy interesante para quienes buscan un primer hogar o una inversión con buena renta, ya que la zona tiene alta demanda de alquileres. La ubicación es inmejorable: a pocas cuadras de los bosques de Palermo, con colegios, plazas y medios de transporte a mano. Una oportunidad concreta para vivir cómodo y bien conectado. Consultá por visitas.",true,"{""sintetico"": true, ""caso"": null, ""duplicado_de"": null}"
demo-a,demo-00232,https://demo-a.example/aviso/demo-00232,https://demo-a.example/aviso/demo-00232,Departamento 2 ambientes en Belgrano,110000,USD,,,"Zabala 2991, Piso 1","Belgrano, Capital Federal",Estudio Lacroze,46.2,,46.2,2,1,1,,0,Excelente,Frente,1,"gimnasio, laundry",2026-07-09,"Departamento de 2 ambientes en la zona más buscada de Belgrano. Está en Zabala al 2900, a metros de todo, en un edificio con gimnasio y laundry, impecable. Es piso 1, al frente, lo que le da una luz natural bárbara durante todo el día. Tiene 46 m² cubiertos, con un living amplio, un dormitorio, y un baño completo. Está en excelente estado, listo para entrar a vivir o para invertir. Sin cochera, pero con la mejor conectividad de la zona a mano.",true,"{""sintetico"": true, ""caso"": null, ""duplicado_de"": null}"
demo-a,demo-00233,https://demo-a.example/aviso/demo-00233,https://demo-a.example/aviso/demo-00233,Departamento 2 ambientes en Belgrano,95000,USD,269000,ARS,"Juramento 3158, Piso 6","Belgrano, Capital Federal",Norte Propiedades,42.3,,42.3,2,1,1,,0,Excelente,,6,,2026-06-26,"Departamento de 2 ambientes en Belgrano, sobre Juramento al 3100, CABA. Cuenta con living comedor, 1 dormitorio, 1 baño y una superficie cubierta de 42 m². Sin cochera y sin amenities, es una opción ideal para quienes buscan una propiedad práctica y bien ubicada en uno de los barrios más tradicionales de la Ciudad. Aprovechá la oportunidad de vivir en una zona con mucho movimiento y todos los servicios cerca.

Este dos ambientes se destaca por su funcionalidad y por estar en una dirección muy buscada de Belgrano. Perfecto como primera vivienda o para sumar un ingreso en alquiler. Si querés conocerlo, escribinos y coordinamos una visita. Una oportunidad concreta para hacerte de una propiedad en una de las mejores ubicaciones de CABA.",true,"{""sintetico"": true, ""caso"": null, ""duplicado_de"": null}"
demo-b,demo-00234,https://demo-b.example/aviso/demo-00234,https://demo-b.example/aviso/demo-00234,Departamento 1 ambientes en Palermo,108000,USD,494000,ARS,Serrano 2489,"Palermo, Capital Federal",Belgrano Brokers,38.7,,38.7,,,,,,,,,,2026-06-24,"Departamento de 1 ambiente en el corazón de Palermo, sobre Serrano al 2400. Con 39 m² cubiertos, muy buen estado y un baño completo. Es una unidad con 70 años de antigüedad, sin ascensor, lo que le da ese carácter clásico de los edificios de la zona. Ideal para quienes buscan un primer hogar o una inversión en uno de los barrios más vibrantes de la ciudad. Sin cochera ni amenities, pero con todos los servicios y la vida de Palermo a la vuelta de la esquina.",false,"{""sintetico"": true, ""caso"": null, ""duplicado_de"": null}"
demo-a,demo-00235,https://demo-a.example/aviso/demo-00235,https://demo-a.example/aviso/demo-00235,Departamento 3 ambientes en Belgrano,286000,USD,186000,ARS,Migueletes 3922,"Belgrano, Capital Federal",Sur & Asociados,79.9,,79.9,,,,,,,,,,2026-07-29,"Departamento de tres ambientes en pleno Belgrano, sobre Migueletes al 3900, una de las zonas más conectadas y arboladas de la Ciudad. Se trata de una unidad al frente, con muy buena luz natural durante todo el día, y en buen estado general para entrar a vivir o para invertir. Tiene 80 metros cuadrados cubiertos, dos dormitorios bien logrados, baño completo y un living comedor amplio que se integra a la cocina, con una distribución que aprovecha cada metro cuadrado.

La propiedad tiene 2 años de antigüedad, lo que la convierte en una opción moderna sin los problemas de las construcciones más viejas. Está a pasos de los principales colegios, subtes y líneas de colectivo, cerca de los bosques de Palermo y del Bajo Belgrano, con toda la oferta comercial y gastronómica a la vuelta de la esquina. Es un piso ideal para quienes buscan comodidad sin pagar amenities que después no se usan. No se pierdan esta oportunidad única en el barrio.",false,"{""sintetico"": true, ""caso"": null, ""duplicado_de"": null}"
demo-a,demo-00236,https://demo-a.example/aviso/demo-00236,https://demo-a.example/aviso/demo-00236,Departamento 1 ambientes en Palermo,169000,USD,414000,ARS,Malabia 1910,"Palermo, Capital Federal",Inmobiliaria del Parque,40.0,,40.0,1,0,1,,0,Muy Bueno,Frente,0,,2026-07-07,"Malabia al 1900, pleno Palermo, este departamento de 1 ambiente en **planta baja** se presenta en **muy buen estado** y completamente **al frente**, con una excelente iluminación natural que aprovecha los 40 m² cubiertos de la unidad. Es un espacio de distribución funcional y baño completo, ideal tanto para inversores como para quienes buscan su primer hogar con ubicación estratégica.

La zona ofrece todo a mano: bares, restaurantes y transporte público a pocos pasos, garantizando una alta plusvalía. Sin cochera ni amenities, pero con el valor de estar en uno de los barrios más cotizados de la Ciudad. Consultá por visita.",true,"{""sintetico"": true, ""caso"": null, ""duplicado_de"": null}"
demo-a,demo-00237,https://demo-a.example/aviso/demo-00237,https://demo-a.example/aviso/demo-00237,Departamento 3 ambientes en Belgrano,177000,USD,216000,ARS,Zabala 5631,"Belgrano, Capital Federal",Sur & Asociados,91.9,3,94.9,,,,,,,,,,2026-05-14,"Departamento de 3 ambientes sobre Zabala al 5600, pleno Belgrano, a metros de todo. Piso 6, al contrafrente, con buena luz y mucha tranquilidad para descansar. Son 92 metros cuadrados cubiertos más un balcón terraza de 3 metros que suma para desayunar o leer al aire libre. La distribución es cómoda y aprovecha cada metro, con dos dormitorios bien separados del living y un baño completo.

El edificio es tranquilo y el departamento está en buen estado general, listo para habitar o para ponerle tu impronta si buscás renovarlo. Al estar al contrafrente, el silencio es un lujo en esta zona tan llena de vida. Sin cochera ni amenities, pero con la ventaja de tener todo cerca: subte, tren, colectivos, bancos, bares y parques. Ideal para quienes quieren mudarse a un barrio con identidad, bien conectado y con todos los servicios a la vuelta de la esquina. Una oportunidad para agendar y venir a ver en persona.",false,"{""sintetico"": true, ""caso"": null, ""duplicado_de"": null}"
demo-a,demo-00238,https://demo-a.example/aviso/demo-00238,https://demo-a.example/aviso/demo-00238,Departamento 2 ambientes en Palermo,169000,USD,338000,ARS,Charcas 1610,"Palermo, Capital Federal",Grupo Arcos,42.3,,42.3,,,,,,,,,,2026-06-21,"Departamento en Palermo, sobre Charcas al 1600. Imposible no enamorarse de este dos ambientes de 42 metros cuadrados cubiertos que está en excelente estado y con apenas 2 años de antigüedad. El edificio nuevo se nota en cada detalle: los terminaciones impecables, la cocina impecablemente equipada y el baño completo con mesada de mármol. El living comedor es amplio y luminoso, ideal para armar un primer hogar o una inversión segura, y el dormitorio tiene espacio de sobra para un placard bien grande. Sin cochera ni amenities, justo lo necesario para quien busca gastos bajos y cero mantenimiento. La ubicación es un golazo: a metros de Plaza Palermo, con todos los bares, restaurants y subtes a la vuelta. No se ven seguido propiedades así, con esta relación entre tamaño, calidad constructiva y zona. Consultanos sin compromiso, te va a sorprender.",false,"{""sintetico"": true, ""caso"": null, ""duplicado_de"": null}"
demo-b,demo-00239,https://demo-b.example/aviso/demo-00239,https://demo-b.example/aviso/demo-00239,Departamento 2 ambientes en Palermo,164000,USD,338000,ARS,Charcas 1600,"Palermo, Capital Federal",Casa Nueva Negocios Inmobiliarios,43.0,,43.0,,,,,,,,,,2026-06-11,"Departamento de 2 ambientes en el corazón de Palermo, sobre la calle Charcas al 1600. Se destaca por su excelente estado y su impecable presentación, ideal para quienes buscan un lugar cómodo y bien ubicado sin perder la esencia del barrio. Encontrarse en un piso 9 le brinda una gran luminosidad y una vista abierta que invita a despejar la cabeza después de un día de trabajo.

La distribución es funcional y aprovecha cada metro de sus 43 metros cuadrados cubiertos: un living comedor amplio, un dormitorio en excelente estado, y un baño completo. La cocina está integrada de manera práctica al espacio, perfecta para quienes disfrutan cocinar sin sentirse aislados. Al no tener amenities ni cochera, el gasto mensual se vuelve mucho más previsible y accesible, algo que se agradece en esta zona. Es una oportunidad ideal tanto para inversores como para aquellos que quieren estrenar su primer departamento en Palermo. La propiedad se entrega en óptimas condiciones para habitar, solo resta que la conozcas y te enamores de sus vistas y su ubicación estratégica, rodeada de verde, bares y medios de transporte.",false,"{""sintetico"": true, ""caso"": null, ""duplicado_de"": ""demo-00238""}"
demo-a,demo-00240,https://demo-a.example/aviso/demo-00240,https://demo-a.example/aviso/demo-00240,Departamento 3 ambientes en Palermo,364000,USD,255000,ARS,"Darregueyra 944, Piso 3","Palermo, Capital Federal",Casa Nueva Negocios Inmobiliarios,94.7,12,106.7,3,2,1,30,0,Muy Bueno,Frente,3,,2026-08-10,"Departamento de 3 ambientes en pleno corazón de Palermo, sobre la calle Darregueyra al 900. Son 95 m² cubiertos más 12 m² de balcón/terraza, con orientación al frente, lo que le aporta una linda luminosidad durante todo el día. El edificio tiene 30 años de antigüedad, pero la unidad está en muy buen estado, lista para habitar o para revalorizar a gusto. Se compone de living comedor amplio, cocina separada, dos dormitorios cómodos y un baño completo. 

La ubicación es inmejorable: a metros de avenida Santa Fe, con todos los servicios, transporte y vida comercial a la vuelta. Al no tener cochera ni amenities, el costo de expensas se mantiene acotado, ideal para quien busca un tres ambientes clásico de barrio, con esa impronta de Palermo de siempre. Una oportunidad concreta para parejas o inversores que quieran un inmueble con carácter, bien iluminado y en una de las zonas más buscadas de la ciudad. Para coordinar visita, consultar por disponibilidad.",true,"{""sintetico"": true, ""caso"": null, ""duplicado_de"": null}"
demo-a,demo-00241,https://demo-a.example/aviso/demo-00241,https://demo-a.example/aviso/demo-00241,Departamento 1 ambientes en Palermo,89000,USD,247000,ARS,"Gorriti 5043, Piso 10","Palermo, Capital Federal",Casa Nueva Negocios Inmobiliarios,29.7,,29.7,1,0,1,8,0,Bueno,,10,"gimnasio, seguridad 24 h, solarium, sum, parrilla",2026-05-30,"Departamento de un ambiente en el corazón de Palermo, sobre Gorriti al 5000, ideal para quienes buscan invertir o estrenar su primer hogar. Con una superficie cubierta de 30 m², se destaca por su buen estado general y su excelente luminosidad, sumado a que cuenta con ascensor para mayor comodidad. La unidad es funcional y moderna, con 8 años de antigüedad, perfecta para una pareja joven o para rentabilizar en alquiler temporario.

El edificio ofrece amenities de primer nivel que hacen la diferencia: gimnasio equipado, seguridad 24 h para total tranquilidad, solarium para disfrutar del buen clima, SUM para reuniones y una parrilla para los fines de semana con amigos. Al estar en Palermo, vas a tener a la vuelta de la esquina bares, restaurantes, subte y todos los servicios que necesitás.

La unidad no posee cochera, pero su ubicación estratégica compensa cualquier detalle. Una oportunidad concreta en una de las zonas más buscadas de la ciudad. Consultá por visitas, la atención es personalizada y sin compromiso.",true,"{""sintetico"": true, ""caso"": null, ""duplicado_de"": null}"
demo-a,demo-00242,https://demo-a.example/aviso/demo-00242,https://demo-a.example/aviso/demo-00242,Departamento 1 ambientes en Palermo,119000,USD,426000,ARS,"Malabia 2622, Piso 6","Palermo, Capital Federal",Norte Propiedades,40.4,,40.4,1,0,1,40,0,Bueno,,6,"sum, pileta, parrilla, solarium, seguridad 24 h",2026-07-24,"Se vende departamento de 1 ambiente en Malabia al 2600, Palermo. Con 40 m² cubiertos, se encuentra en buen estado general, listo para habitar. Está en piso 6 con ascensor, y el edificio tiene 40 años de antigüedad, lo que le da carácter y solidez. Cuenta con un baño completo y amenities destacados: sum, pileta, parrilla, solarium y seguridad 24 h. Sin cochera. Ideal tanto para quienes buscan su primer hogar como para inversores, en una zona con excelente conectividad y vida de barrio. El monoambiente ofrece la comodidad de tener todo a mano, con espacios bien aprovechados y la posibilidad de disfrutar las áreas comunes del edificio. Un muy buen punto de partida en Palermo.",true,"{""sintetico"": true, ""caso"": null, ""duplicado_de"": null}"
demo-a,demo-00243,https://demo-a.example/aviso/demo-00243,https://demo-a.example/aviso/demo-00243,Departamento 4 ambientes en Palermo,413000,USD,238000,ARS,Humboldt 4863,"Palermo, Capital Federal",Belgrano Brokers,125.9,5,130.9,,,,,,,,,"seguridad 24 h, pileta, parrilla",2026-08-27,"Departamento en Palermo, sobre Humboldt al 4800, en un piso 3 con orientación lateral. Son 126 m² cubiertos más un balcón terraza de 5 m² que suma unos metros de aire libre para despejarse. El edificio tiene 30 años de antigüedad, pero el departamento está en muy buen estado, con la distribución clásica de los departamentos de esa época: living amplio, cocina separada con dependencia de servicio y un toilet de recepción. Son tres dormitorios, los tres con placas, y tres baños en total, lo que lo hace cómodo para una familia que necesite espacio o para quien busque sumar confort sin hacer reformas grandes.

La seguridad es un punto a favor: hay seguridad 24 h, pileta y parrilla en el edificio, ideales para disfrutar sin salir de casa. No tiene cochera, pero al estar en una zona residencial de Palermo, con la oferta de transporte y servicios a la vuelta, no es un problema. La orientación lateral le da una luz pareja durante el día y mantiene los ambientes frescos en verano. Una muy buena oportunidad para vivir en una de las mejores zonas de la ciudad, con todo a mano y un edificio bien mantenido. Consultanos por visita.",false,"{""sintetico"": true, ""caso"": null, ""duplicado_de"": null}"
demo-a,demo-00245,https://demo-a.example/aviso/demo-00245,https://demo-a.example/aviso/demo-00245,Departamento 5 ambientes en Palermo,374000,USD,248000,ARS,"Charcas 3665, Piso 2","Palermo, Capital Federal",Grupo Arcos,132.8,,132.8,5,4,1,,0,Excelente,Contrafrente,2,,2026-06-27,"Departamento de 5 ambientes en Palermo, sobre Charcas al 3600, piso 2 al contrafrente. Son 133 metros cuadrados cubiertos con una distribución clásica de 4 dormitorios y un baño completo. El inmueble se encuentra en excelente estado, listo para habitar sin necesidad de reformas. Al estar orientado al contrafrente, los ambientes son muy silenciosos y con buena luz natural. Ideal para quienes buscan un piso amplio en una zona con todos los servicios, a pasos de subte y locales comerciales. Sin cochera ni amenities, pero con la tranquilidad que da un edificio de pocos vecinos. Consultá por visitas.",true,"{""sintetico"": true, ""caso"": null, ""duplicado_de"": null}"
demo-a,demo-00246,https://demo-a.example/aviso/demo-00246,https://demo-a.example/aviso/demo-00246,Departamento 2 ambientes en Belgrano,110000,USD,,,"Conde 2641, Piso 7","Belgrano, Capital Federal",Mirador Propiedades,39.8,12,51.8,2,1,1,,0,Muy Bueno,,7,"gimnasio, parrilla, seguridad 24 h, pileta, laundry",2026-06-26,"Excelente oportunidad en Belgrano: departamento de dos ambientes en Conde al 2600, piso 7, con muy buen estado. Cuenta con un dormitorio, un baño completo y una superficie cubierta de 40 m² más 12 m² de balcón terraza, ideal para disfrutar al aire libre. El edificio ofrece amenities de primer nivel: gimnasio, parrilla, pileta, laundry y seguridad las 24 horas. Sin cochera. Una opción práctica y bien ubicada, perfecta para quienes buscan comodidad y calidad de vida en uno de los barrios más buscados de CABA.",true,"{""sintetico"": true, ""caso"": null, ""duplicado_de"": null}"
demo-a,demo-00247,https://demo-a.example/aviso/demo-00247,https://demo-a.example/aviso/demo-00247,Departamento 3 ambientes en Palermo,294000,USD,,,Thames 1923,"Palermo, Capital Federal",Mirador Propiedades,65.5,5,70.5,3,2,1,,0,Bueno,Lateral,,"laundry, solarium, pileta, sum, parrilla",2026-05-22,"Departamento de 3 ambientes en Palermo, sobre Thames al 1900, con orientación lateral que le da buena luz durante el día. Tiene 66 m² cubiertos más un balcón terraza de 5 m², dos dormitorios, un baño completo y cocina independiente. El inmueble está en buen estado general, listo para habitar, y cuenta con ascensor. El edificio ofrece amenities como laundry, solarium, pileta, SUM y parrilla para disfrutar en familia. Sin cochera. Una oportunidad ideal para quienes buscan un piso funcional en una de las zonas más buscadas de la ciudad, cerca de bares, tiendas y transporte.",true,"{""sintetico"": true, ""caso"": null, ""duplicado_de"": null}"
demo-a,demo-00249,https://demo-a.example/aviso/demo-00249,https://demo-a.example/aviso/demo-00249,Departamento 2 ambientes en Belgrano,170000,USD,264000,ARS,Zapiola 3262,"Belgrano, Capital Federal",Casa Nueva Negocios Inmobiliarios,48.6,,48.6,,,,,,,,,parrilla,2026-07-20,"Departamento a estrenar en Belgrano, sobre Zapiola al 3200. Está impecable, es un dos ambientes de 49 metros cuadrados cubiertos, con un dormitorio y un baño completo. Estamos hablando de un piso 10 con una vista que se disfruta, ideal para quienes buscan algo luminoso y bien ubicado. Es sin ascensor, así que eso suma onda de edificio clásico, pero con terminaciones de obra nueva. Tiene parrilla, que en Buenos Aires es un golazo para los findes. Sin cochera, pero la zona te salva con todo cerca: comercios, subte, verde. Pensado para pareja o alguien que arranca, con buena distribución y cada metro cuadrado aprovechado.",false,"{""sintetico"": true, ""caso"": null, ""duplicado_de"": null}"
demo-b,demo-00250,https://demo-b.example/aviso/demo-00250,https://demo-b.example/aviso/demo-00250,Departamento 2 ambientes en Palermo,193000,USD,282000,ARS,"Fitz Roy 614, Piso 6","Palermo, Capital Federal",Norte Propiedades,46.2,8,54.2,2,1,1,40,0,Excelente,Lateral,6,"gimnasio, solarium, parrilla",2026-07-10,"Departamento en Fitz Roy al 600, Palermo. Excelente oportunidad en uno de los barrios más buscados de la ciudad. Se trata de un dos ambientes con un dormitorio y un baño completo, ubicado en un **piso 6** con **orientación lateral** que garantiza una muy buena ventilación y privacidad. La superficie cubierta es de 46 m², a los que se suman 8 m² de balcón terraza, ideales para disfrutar al aire libre. El edificio tiene **40 años de antigüedad** y cuenta con importantes amenities: gimnasio, solarium y parrilla, pensados para el día a día sin necesidad de salir de casa. Sin cochera. Ideal para quienes buscan un departamento bien ubicado, luminoso y con espacios comunes de calidad en pleno corazón de Palermo.",true,"{""sintetico"": true, ""caso"": null, ""duplicado_de"": null}"
demo-a,demo-00251,https://demo-a.example/aviso/demo-00251,https://demo-a.example/aviso/demo-00251,Departamento 2 ambientes en Belgrano,144000,USD,311000,ARS,Arcos 875,"Belgrano, Capital Federal",Casa Nueva Negocios Inmobiliarios,51.1,,51.1,2,1,1,30,0,Muy Bueno,Frente,0,"seguridad 24 h, parrilla, gimnasio",2026-06-07,"Departamento de dos ambientes en Arcos al 800, Belgrano, CABA. Un clásico de 30 años de antigüedad, muy buen estado, con una distribución que aprovecha cada metro de sus 51 m² cubiertos. Al estar al frente, la luminosidad natural es protagonista durante todo el día y las vistas se despejan sin edificios de por medio. El edificio es de estilo tradicional, con seguridad 24 horas, parrilla para compartir y gimnasio, que se agradecen sin pagar expensas de amenities premium. No tiene cochera, pero por la zona no la vas a necesitar: estás a metros de los subtes, trenes y de toda la oferta gastronómica y comercial de Belgrano.

Pensado para quien busca un depto canchero, sin ascensor pero con ese encanto de los edificios con personalidad. El baño es chico pero funcional, y el dormitorio tiene buen placard. Ideal como refugio para pareja joven, para invertir o para quien labura desde casa y quiere un ambiente bien parisino. Eso sí, ojo: la calle es tranquila pero con movimiento, así que el ventanal al frente puede tener algún ruido leve. Consultá sin compromiso, atendemos los sábados y domingos de 10 a 18.",true,"{""sintetico"": true, ""caso"": null, ""duplicado_de"": null}"
demo-a,demo-00253,https://demo-a.example/aviso/demo-00253,https://demo-a.example/aviso/demo-00253,Departamento 4 ambientes en Belgrano,308000,USD,229000,ARS,"Amenábar 600, Piso 15","Belgrano, Capital Federal",Inmobiliaria del Parque,114.1,,114.1,4,3,1,,0,Bueno,Lateral,15,"seguridad 24 h, gimnasio",2026-05-13,"Departamento de 4 ambientes en Belgrano, sobre Amenábar al 600, con 114 m² cubiertos y una orientación lateral que le da muy buena luz durante el día. Tiene 3 dormitorios, un baño completo y está en buen estado general, listo para habitar. El edificio cuenta con seguridad las 24 horas y gimnasio, ideal para quienes buscan comodidad sin salir de casa. Sin cochera. Una oportunidad para vivir en una de las mejores zonas de la ciudad, cerca de todo.",true,"{""sintetico"": true, ""caso"": null, ""duplicado_de"": ""demo-00252""}"
demo-a,demo-00254,https://demo-a.example/aviso/demo-00254,https://demo-a.example/aviso/demo-00254,Departamento 3 ambientes en Belgrano,196000,USD,395000,ARS,"Freire 1432, Piso 7","Belgrano, Capital Federal",Sur & Asociados,61.1,5,66.1,3,2,1,,0,A Estrenar,Frente,7,"sum, gimnasio",2026-07-30,"Departamento a estrenar en Belgrano, Freire al 1400, piso 7 al frente, con ascensor. Son 61 m² cubiertos más 5 m² de balcón terraza, dos dormitorios, un baño, y un living comedor que aprovecha la luz de la orientación. El edificio cuenta con SUM y gimnasio para sus residentes. La entrega estimada es dentro de los próximos meses, y las imágenes que ves corresponden al modelo de la unidad. Un 3 ambientes en pleno corazón de Belgrano, sin cochera, ideal para quienes buscan comodidad y espacios bien distribuidos en un emprendimiento nuevo.",true,"{""sintetico"": true, ""caso"": ""pozo"", ""duplicado_de"": null}"
demo-a,demo-00255,https://demo-a.example/aviso/demo-00255,https://demo-a.example/aviso/demo-00255,Departamento 5 ambientes en Palermo,548000,USD,188000,ARS,Paraguay 3400,"Palermo, Capital Federal",Sur & Asociados,194.4,5,199.4,,,,,,,,,"solarium, sum",2026-07-13,"Departamento de 5 ambientes en pleno Palermo, sobre la calle Paraguay al 3400, a metros de todo lo que necesitás para el día a día. Son 194 m² cubiertos más un balcón terraza de 5 m² que suma unos metros de aire libre para despejarse sin salir de casa. Cuenta con 4 dormitorios, ideales para una familia grande o para armar home office, y un baño completo. El edificio tiene ascensor, así que la comodidad está asegurada todos los días.

Además, el edificio ofrece solarium y sum, perfectos para disfrutar el buen clima o para juntarse con amigos sin tener que moverte del edificio. Es una oportunidad para quienes buscan un lugar bien ubicado, con espacios amplios y pensados para vivir cómodo. No se puede dejar pasar el detalle de que no incluye cochera, pero en esa zona hay varias opciones de alquiler por si la necesitás. Ideal para los que quieren estar cerca de parques, bares y transporte, con todo el barrio a la vuelta de la esquina.",false,"{""sintetico"": true, ""caso"": null, ""duplicado_de"": null}"
demo-a,demo-00256,https://demo-a.example/aviso/demo-00256,https://demo-a.example/aviso/demo-00256,Departamento 3 ambientes en Belgrano,185000,USD,,,"Virrey del Pino 5829, Piso 12","Belgrano, Capital Federal",Grupo Arcos,62.7,12,74.7,3,2,1,50,0,Bueno,Frente,12,"seguridad 24 h, sum, pileta, parrilla, solarium",2026-07-24,"Departamento de 3 ambientes en pleno Belgrano, en un piso 12 y al frente, con una vista que acompaña el día a día. Son 63 m² cubiertos más 12 m² de balcón terraza, que invitan a desayunar al sol o a relajarse al caer la tarde. El inmueble tiene 50 años de antigüedad, pero se mantiene en muy buen estado general, con lindos detalles de living y dos dormitorios, uno de ellos con placard, y un baño completo.

El edificio cuenta con seguridad 24 horas, SUM, pileta, parrilla y solarium, ideal para disfrutar sin moverte del barrio. Está sobre Virrey del Pino al 5800, a pasos de los subtes, colectivos y de todo el movimiento comercial de la zona. Sin cochera, pero con la practicidad de tener todo cerca. Una oportunidad para quienes buscan un departamento canchero, luminoso y bien puesto, con la onda de Belgrano pero sin perder la comodidad.",true,"{""sintetico"": true, ""caso"": null, ""duplicado_de"": null}"
demo-b,demo-00257,https://demo-b.example/aviso/demo-00257,https://demo-b.example/aviso/demo-00257,Departamento 3 ambientes en Belgrano,183000,USD,,,"Virrey del Pino 5800, Piso 12","Belgrano, Capital Federal",Grupo Arcos,64.9,12,76.9,3,2,1,,0,Bueno,Frente,12,"seguridad 24 h, sum, pileta, parrilla, solarium",2026-07-29,"Departamento de 3 ambientes al frente, en pleno Belgrano, sobre Virrey del Pino al 5800. Piso 12, con una vista que acompaña todo el día. Son 65 m² cubiertos más 12 m² de balcón terraza, ideales para despegarse del ruido sin salir de tu casa. El living está muy bien proporcionado y los dos dormitorios tienen buena luz; el baño es completo y la cocina, con espacio de guardado. El inmueble está en buen estado general, con lindos pisos y terminaciones que se notan cuidadas.

El edificio tiene seguridad 24 horas, SUM para reuniones, pileta, parrilla y solarium, así que no hace falta irse a ningún lado para esparcirse. No tiene cochera, pero en la zona se estaciona bien y estás a un toque de los subtes y los colectivos. Es un piso alto, así que la tranquilidad y la claridad están aseguradas. Ideal para quien busca un departamento para estrenar o mudarse directo, sin grandes reformas. Consultá por las condiciones de financiación, porque la propiedad se puede ver sin compromiso.",true,"{""sintetico"": true, ""caso"": null, ""duplicado_de"": ""demo-00256""}"
demo-b,demo-00258,https://demo-b.example/aviso/demo-00258,https://demo-b.example/aviso/demo-00258,Departamento 3 ambientes en Palermo,208000,USD,403000,ARS,Fitz Roy 5486,"Palermo, Capital Federal",Mirador Propiedades,68.4,3,71.4,3,2,1,0,0,Bueno,,0,"laundry, sum, parrilla, gimnasio, solarium",2026-07-02,"Departamento a estrenar en Palermo, sobre Fitz Roy al 5400. Planta baja con 68 m² cubiertos más un balcón terraza de 3 m². Cuenta con dos dormitorios, un baño completo y un living comedor amplio, todo en buen estado general. El edificio ofrece amenities como laundry, SUM con parrilla, gimnasio y solarium. Ideal para quienes buscan mudarse a un barrio con buena onda y todos los servicios cerca.",true,"{""sintetico"": true, ""caso"": null, ""duplicado_de"": null}"
demo-b,demo-00259,https://demo-b.example/aviso/demo-00259,https://demo-b.example/aviso/demo-00259,Departamento 3 ambientes en Belgrano,196000,USD,,,Echeverría 1197,"Belgrano, Capital Federal",Sur & Asociados,72.4,,72.4,,,,,,,,,"seguridad 24 h, parrilla",2026-07-31,"Departamento de 3 ambientes en Belgrano, Echeverría al 1100, al frente. Con 72 m² cubiertos, dos dormitorios y un baño completo. El edificio tiene 40 años de antigüedad y cuenta con seguridad las 24 horas, además de parrilla para compartir. Sin cochera. Una oportunidad para quienes buscan un piso clásico de barrio en una zona bien conectada.",false,"{""sintetico"": true, ""caso"": null, ""duplicado_de"": null}"
demo-a,demo-00260,https://demo-a.example/aviso/demo-00260,https://demo-a.example/aviso/demo-00260,Departamento 1 ambientes en Palermo,87000,USD,260000,ARS,"Darregueyra 1258, Piso 10","Palermo, Capital Federal",Grupo Arcos,34.1,,34.1,1,0,1,,0,Bueno,Lateral,10,,2026-07-03,"Departamento de 1 ambiente en Palermo, sobre Darregueyra al 1200. Son 34 m² cubiertos con orientación lateral, en piso 10 y sin ascensor, pero el edificio cuenta con buen estado general. El baño está completo y el ambiente resulta funcional, ideal para quienes buscan un espacio propio en una zona con buena movida comercial y cercanía a subtes. Sin cochera ni amenities, pero con la practicidad de un piso bien iluminado durante el día.",true,"{""sintetico"": true, ""caso"": null, ""duplicado_de"": null}"
demo-b,demo-00261,https://demo-b.example/aviso/demo-00261,https://demo-b.example/aviso/demo-00261,Departamento 1 ambientes en Palermo,86000,USD,260000,ARS,"Darregueyra 1200, Piso 10","Palermo, Capital Federal",Estudio Lacroze,34.6,,34.6,1,0,1,60,0,Bueno,Lateral,10,,2026-07-03,"Departamento de un ambiente en pleno corazón de Palermo, sobre la calle Darregueyra al 1200, una zona que combina la tranquilidad residencial con la movida comercial y gastronómica del barrio. Se trata de una unidad de 35 metros cuadrados cubiertos, con orientación lateral que garantiza privacidad y una luminosidad pareja durante el día. Al ser sin ascensor, la expensa es baja y el ritmo de vida se vuelve más ágil, ideal para quienes buscan un refugio funcional en una de las zonas más buscadas de la ciudad.

El inmueble, con 60 años de antigüedad, conserva el encanto de los edificios clásicos porteños y ofrece la posibilidad de poner a nuevo cada ambiente a gusto del futuro dueño. Con un baño completo y un living-comedor integrado, la distribución es eficiente para una persona o una pareja joven. Sin cochera y sin amenities, se destaca por su perfil simple y sin gastos superfluos, perfecto para quienes priorizan la ubicación y la inversión. Una oportunidad única para vivir cerca de parques, bares y subtes, en un edificio de líneas tradicionales.",true,"{""sintetico"": true, ""caso"": null, ""duplicado_de"": ""demo-00260""}"
demo-b,demo-00262,https://demo-b.example/aviso/demo-00262,https://demo-b.example/aviso/demo-00262,Departamento 1 ambientes en Belgrano,64000,USD,270000,ARS,Blanco Encalada 4106,"Belgrano, Capital Federal",Sur & Asociados,27.4,,27.4,1,0,1,0,0,A Estrenar,Frente,0,"seguridad 24 h, sum",2026-07-10,"Departamento de 1 ambiente en Blanco Encalada al 4100, Belgrano, pleno corazón de uno de los barrios más buscados de la Ciudad. Es planta baja, al frente, con 27 m² cubiertos y baño completo. A estrenar, ideal para quienes buscan su primer hogar o una inversión segura en una zona con todos los servicios. El edificio cuenta con seguridad las 24 horas y salón de usos múltiples para eventos o reuniones. Sin cochera, pero con excelente conectividad y cercanía a subtes, colectivos y comercios. Un espacio luminoso, bien distribuido y listo para habitar desde el primer día.",true,"{""sintetico"": true, ""caso"": null, ""duplicado_de"": null}"
demo-b,demo-00263,https://demo-b.example/aviso/demo-00263,https://demo-b.example/aviso/demo-00263,Departamento 2 ambientes en Belgrano,262000,USD,,,"Ciudad de la Paz 300, Piso 3","Belgrano, Capital Federal",Mirador Propiedades,49.1,8,57.1,2,1,1,0,1,A Estrenar,,3,,2026-05-18,"Departamento a estrenar en Belgrano, sobre Ciudad de la Paz al 300. Se trata de un dos ambientes de 49 m² cubiertos con un balcón terraza de 8 m², ubicado en el piso 3. Cuenta con un dormitorio, un baño completo y una cochera, ideal para quienes buscan comodidad en un barrio tradicional. El emprendimiento está en construcción, por lo que las fotos que se ven corresponden al modelo, con entrega estimada para el segundo semestre. Un producto pensado para vivir desde el primer día, sin necesidad de pensar en reformas, y en una zona que combina la tranquilidad de Belgrano con acceso rápido a los principales accesos de la Ciudad.",true,"{""sintetico"": true, ""caso"": ""pozo"", ""duplicado_de"": null}"
demo-b,demo-00264,https://demo-b.example/aviso/demo-00264,https://demo-b.example/aviso/demo-00264,Departamento 2 ambientes en Palermo,172000,USD,282000,ARS,Juncal 3857,"Palermo, Capital Federal",Belgrano Brokers,41.0,8,49.0,2,1,1,,0,A Estrenar,,0,"parrilla, pileta",2026-08-13,"Departamento de 2 ambientes en Palermo, sobre Juncal al 3800, con 41 m² cubiertos más un balcón terraza de 8 m². Cuenta con un dormitorio, un baño completo y acceso a parrilla y pileta. El emprendimiento está en construcción; las fotos corresponden al modelo y la entrega estimada está prevista para los próximos meses. Ideal para quienes buscan un dos ambientes funcional en una de las zonas más conectadas de la ciudad, sin cochera pero con todos los servicios a la vuelta.",true,"{""sintetico"": true, ""caso"": ""pozo"", ""duplicado_de"": null}"
demo-a,demo-00265,https://demo-a.example/aviso/demo-00265,https://demo-a.example/aviso/demo-00265,Departamento 2 ambientes en Palermo,135000,USD,365000,ARS,"Gorriti 5449, Piso 1","Palermo, Capital Federal",Norte Propiedades,41.0,,41.0,2,1,1,,0,Excelente,Contrafrente,1,,2026-06-16,"Departamento de dos ambientes en el corazón de Palermo, sobre Gorriti al 5400. Con 41 metros cuadrados cubiertos, se presenta en excelente estado, listo para vivir. Es al contrafrente, lo que garantiza mucha tranquilidad y luminosidad. El edificio cuenta con ascensor, ideal para la comodidad diaria. Tiene un dormitorio, un baño completo y una distribución muy funcional. Sin cochera ni amenities, pero con todos los servicios a la vuelta de la esquina. Una oportunidad única para quienes buscan un hogar en una de las zonas más buscadas de la ciudad.",true,"{""sintetico"": true, ""caso"": null, ""duplicado_de"": null}"
demo-a,demo-00266,https://demo-a.example/aviso/demo-00266,https://demo-a.example/aviso/demo-00266,Departamento 1 ambientes en Belgrano,68000,USD,286000,ARS,"Migueletes 4124, Piso 4","Belgrano, Capital Federal",Grupo Arcos,30.7,6.0,36.7,1,0,1,15,0,Bueno,Lateral,4,"laundry, parrilla",2026-07-03,"Departamento de 1 ambiente en Belgrano, sobre Migueletes al 4100, piso 4 con ascensor. Tiene 31 m² cubiertos más 6 m² de balcón terraza, orientación lateral que le da muy buena luz y ventilación. El edificio tiene apenas 15 años de antigüedad y el departamento está en buen estado general, listo para habitar. Cuenta con un baño completo, laundry y parrilla de uso común. Sin cochera. Ideal para quienes buscan un primer hogar o una inversión segura en una zona bien conectada, cerca de todo.",true,"{""sintetico"": true, ""caso"": null, ""duplicado_de"": null}"
demo-a,demo-00267,https://demo-a.example/aviso/demo-00267,https://demo-a.example/aviso/demo-00267,Departamento 3 ambientes en Palermo,316000,USD,,,"Salguero 3237, Piso 15","Palermo, Capital Federal",Belgrano Brokers,82.9,,82.9,3,2,1,0,0,A Estrenar,,15,,2026-08-17,"Departamento a estrenar en el corazón de Palermo, sobre Salguero al 3200. Se trata de un piso 15 con 83 metros cuadrados cubiertos, distribuidos en tres ambientes bien logrados: dos dormitorios amplios y un baño completo. La zona es de las más buscadas de Buenos Aires, con veredas arboladas y todo el movimiento comercial a media cuadra.

Este piso 15 ofrece una planta eficiente, pensada para quien busca mudarse sin preocuparse por reformas. Al ser a estrenar, vas a ser el primer dueño, con terminaciones impecables y detalles modernos. No tiene cochera ni amenities, pero la ubicación compensa con creces: estás cerca de parques, subte y una gran variedad de restaurantes y bares.

La superficie se aprovecha al máximo, con ambientes luminosos y una distribución que separa claramente el área social de la privada. Ideal como primera vivienda o para inversores que quieran sumar un dos dormitorios en una de las zonas más elegidas de Palermo. Un dato a favor: al ser a estrenar, los gastos de mantenimiento suelen ser bajos y previsibles. Consultanos por visitas.",true,"{""sintetico"": true, ""caso"": null, ""duplicado_de"": null}"
demo-b,demo-00268,https://demo-b.example/aviso/demo-00268,https://demo-b.example/aviso/demo-00268,Departamento 3 ambientes en Palermo,307000,USD,,,"Salguero 3200, Piso 15","Palermo, Capital Federal",Sur & Asociados,81.9,,81.9,3,2,1,,0,A Estrenar,,15,,2026-08-20,"Departamento a estrenar en pleno corazón de Palermo, sobre la calle Salguero al 3200. Son tres ambientes con dos dormitorios bien repartidos y un baño completo, todo en sus 82 metros cuadrados cubiertos. La ubicación es inmejorable, a pasos de los bares y la movida del barrio, con la peatonal y los subtes cerca para moverte sin depender de nada.

La distribución es prolija y luminosa, pensada para quien busca estrenar sin vueltas. Al no tener cochera ni amenities, el gasto mensual se mantiene liviano, que siempre viene bien. Es una oportunidad clara para los que quieren meterse en Palermo a estrenar sin pagar el plus de los edificios modernos con pileta. Si estás buscando un 3 ambientes bien ubicado, con metraje justo y a nuevo, este es el indicado. Ideal para pareja o para el que quiere vivienda propia en una de las zonas más buscadas de la ciudad. Consultá por la visita, se atiende a la tarde.",true,"{""sintetico"": true, ""caso"": null, ""duplicado_de"": ""demo-00267""}"
demo-b,demo-00270,https://demo-b.example/aviso/demo-00270,https://demo-b.example/aviso/demo-00270,Departamento 2 ambientes en Belgrano,137000,USD,329000,ARS,Olazábal 5606,"Belgrano, Capital Federal",Estudio Lacroze,52.4,3,55.4,2,1,1,,0,A Refaccionar,,0,"solarium, gimnasio, laundry, parrilla, seguridad 24 h",2026-08-24,"Departamento de dos ambientes en pleno Belgrano, sobre Olazábal al 5600, una zona que combina la tranquilidad de un barrio de casas con todo el movimiento comercial y cultural que ofrece el barrio. Se trata de una unidad en **planta baja**, con 52 m² cubiertos y un balcón terraza de 3 m² que suma unos metros extra ideales para desayunar al aire libre o tener unas plantas. El living resulta amplio y el dormitorio, bien proporcionado; el baño está completo y la cocina, con posibilidad de integración, se adapta a tu gusto.

El edificio cuenta con amenities que se disfrutan sin salir de casa: un solarium para tomar sol, gimnasio equipado, laundry común, parrilla para los findas y seguridad 24 horas que te da una mano en la entrada. No hace falta cochera porque la conectividad te permite dejar el auto en la puerta o moverte en transporte público. Ideal para parejas o para quien busca un primer piso propio con perfil de barrio. La ubicación es un plus: cerca de los bosques de Palermo, de las plazas de Belgrano y de los subtes y colectivos que te llevan a cualquier lado. Una oportunidad concreta para vivir cómodo sin perder la onda de siempre.",true,"{""sintetico"": true, ""caso"": null, ""duplicado_de"": null}"
demo-a,demo-00271,https://demo-a.example/aviso/demo-00271,https://demo-a.example/aviso/demo-00271,Departamento 2 ambientes en Belgrano,136000,USD,329000,ARS,Olazábal 5600,"Belgrano, Capital Federal",Casa Nueva Negocios Inmobiliarios,51.3,3,54.3,2,1,1,45,0,A Refaccionar,Frente,0,"solarium, gimnasio, laundry, parrilla, seguridad 24 h",2026-08-31,"Departamento de 2 ambientes al frente, en planta baja, sobre Olazábal al 5600, pleno corazón de Belgrano. Son 51 m² cubiertos más un balconcito de 3 m² que le suma luz natural al living. El edificio tiene 45 años de antigüedad y cuenta con ascensor, lo que suma comodidad al día a día. El estado general es el típico de la zona: para ponerlo a nuevo, o sea, a refaccionar, pero con muy buena estructura para que cada uno lo deje a su gusto. La distribución es clásica y aprovechable: living comedor amplio, un dormitorio bien proporcionado y un baño completo. Al estar en planta baja y al frente, es ideal para quienes buscan salida directa a la vereda y no depender de horarios.

El edificio ofrece amenities muy completos: solarium con parrilla para disfrutar al aire libre, gimnasio equipado, laundry y seguridad 24 horas, un diferencial en la zona. Sin cochera, pero con buena conectividad y cercanía a subtes, colectivos y comercios de todo tipo. Es una oportunidad para inversionistas o para parejas que quieran vivir en un barrio tradicional con servicios de primer nivel. La propiedad pide refacciones, pero la ubicación y las expensas razonables lo convierten en un proyecto tentador. Consultar por visita, sin cargo.",true,"{""sintetico"": true, ""caso"": null, ""duplicado_de"": ""demo-00270""}"
demo-a,demo-00272,https://demo-a.example/aviso/demo-00272,https://demo-a.example/aviso/demo-00272,Departamento 2 ambientes en Belgrano,169000,USD,294000,ARS,"Cabildo 3775, Piso 3","Belgrano, Capital Federal",Estudio Lacroze,46.6,,46.6,2,1,1,15,0,A Refaccionar,Frente,3,"sum, parrilla, gimnasio",2026-08-12,"Departamento de 2 ambientes en pleno Belgrano, sobre Cabildo al 3700, a refaccionar y con muchísimo potencial para armar el hogar a tu gusto. Se trata de un piso 3 con ascensor, al frente, luminoso y con una vista que acompaña el movimiento del barrio. Tiene 47 metros cuadrados cubiertos, un dormitorio y un baño, todo en un edificio de 15 años de antigüedad, lo que lo hace una opción ideal para quien busca meterse de lleno en una de las zonas más conectadas de la Ciudad.

El edificio cuenta con amenities que suman calidad de vida: sum, parrilla y gimnasio, perfectos para relajar o hacer actividad sin moverte de tu casa. Al estar sobre Cabildo, tenés de todo a la vuelta: subte, colectivos, bancos y una oferta gastronómica que no para de crecer. Es una oportunidad clara para invertir o para estrenar, sabiendo que el valor de la zona acompaña. Si buscás un dos ambientes canchero, con buena distribución y ganas de ponerle tu sello, este es el indicado. Consultanos por la visita, la vemos cuando quieras.",true,"{""sintetico"": true, ""caso"": null, ""duplicado_de"": null}"
demo-a,demo-00273,https://demo-a.example/aviso/demo-00273,https://demo-a.example/aviso/demo-00273,Departamento 2 ambientes en Belgrano,130000,USD,230000,ARS,Vuelta de Obligado 4250,"Belgrano, Capital Federal",Casa Nueva Negocios Inmobiliarios,53.8,,53.8,2,1,1,30,0,Bueno,Frente,0,"solarium, sum",2026-07-24,"Excelente oportunidad en el corazón de Belgrano: departamento de dos ambientes en Vuelta de Obligado al 4200, una zona residencial con todos los servicios cerca. Se trata de una unidad en **planta baja**, **al frente**, con 54 m² cubiertos que se distribuyen en un living-comedor amplio, un dormitorio y un baño completo. El inmueble está **en buen estado general** y, con **30 años de antigüedad**, conserva la calidad constructiva de la época. El edificio cuenta **con ascensor** y ofrece amenities como solarium y salón de usos múltiples, ideales para disfrutar el tiempo libre sin salir de casa. Sin cochera, pero con fácil acceso a transporte público, comercios y espacios verdes. Una opción atractiva tanto para inversores como para quienes buscan su primer hogar en un barrio tradicional de CABA.",true,"{""sintetico"": true, ""caso"": null, ""duplicado_de"": null}"
demo-a,demo-00274,https://demo-a.example/aviso/demo-00274,https://demo-a.example/aviso/demo-00274,Departamento 1 ambientes en Belgrano,117000,USD,346000,ARS,Arcos 5782,"Belgrano, Capital Federal",Belgrano Brokers,40.2,,40.2,,,,,,,,,solarium,2026-04-26,"Departamento a estrenar en Belgrano, sobre Arcos al 5700. Se trata de un departamento de 1 ambiente con 40 m² cubiertos, baño completo y una distribución pensada para aprovechar al máximo cada metro. Está en el piso 15, lo que le da una excelente vista y buena luminosidad. El edificio cuenta con solarium, ideal para los días de calor o para relajarse. Sin cochera, pero la zona tiene todo a mano: subtes, colectivos, comercios y espacios verdes. Perfecto como primera vivienda o para inversión, en un barrio clásico de la ciudad que siempre mantiene su valor. Una oportunidad que no aparece todos los días",false,"{""sintetico"": true, ""caso"": null, ""duplicado_de"": null}"
demo-a,demo-00275,https://demo-a.example/aviso/demo-00275,https://demo-a.example/aviso/demo-00275,Departamento 2 ambientes en Palermo,189000,USD,324000,ARS,Honduras 4693,"Palermo, Capital Federal",Grupo Arcos,41.7,,41.7,2,1,1,,0,Excelente,Frente,6,gimnasio,2026-06-23,"Departamento de 2 ambientes en el corazón de Palermo, sobre Honduras al 4600, una de las zonas más lindas y concurridas de Buenos Aires. Está al frente, así que la luminosidad natural es protagonista durante todo el día, y al ser piso 6 con ascensor, las vistas y el aire fresco se disfrutan de verdad. La distribución es muy cómoda: un living comedor bien proporcionado, cocina integrada, un dormitorio con buen placard y un baño completo, todo en excelente estado y listo para mudarse sin vueltas.

El edificio cuenta con gimnasio, ideal para mantener la rutina sin moverte del edificio, y está a pasos de bares, restaurantes, subte y todos los servicios que ofrece Palermo. Es una oportunidad perfecta para quienes buscan un departamento canchero, bien ubicado y con la posibilidad de vivir en una de las zonas más buscadas de la ciudad. No requiere cochera, pero tenés todo a mano para moverte tranquilo. Ideal como primer hogar o para invertir en un clásico de la zona.",true,"{""sintetico"": true, ""caso"": null, ""duplicado_de"": null}"
demo-a,demo-00276,https://demo-a.example/aviso/demo-00276,https://demo-a.example/aviso/demo-00276,Departamento 2 ambientes en Belgrano,158000,USD,,,Arcos 2939,"Belgrano, Capital Federal",Sur & Asociados,58.5,12,70.5,2,1,1,,0,Muy Bueno,Frente,0,,2026-05-03,"Departamento de dos ambientes en Arcos al 2900, Belgrano, un piso impecable con muy buen estado general. Es al frente, luminoso y ventilado, con una superficie cubierta de 58 m² más un balcón terraza de 12 m² ideal para disfrutar al aire libre. El edificio cuenta con ascensor, lo que suma comodidad en el día a día. Tiene un dormitorio, un baño completo y espacios bien aprovechados. Sin cochera ni amenities, pero con la ubicación y el barrio que lo dicen todo. Una oportunidad para quienes buscan calidad de vida en una de las mejores zonas de la Ciudad.",true,"{""sintetico"": true, ""caso"": null, ""duplicado_de"": null}"
demo-a,demo-00277,https://demo-a.example/aviso/demo-00277,https://demo-a.example/aviso/demo-00277,Departamento 3 ambientes en Palermo,260000,USD,299000,ARS,Paraguay 2626,"Palermo, Capital Federal",Belgrano Brokers,68.1,8,76.1,,,,,,,,,solarium,2026-08-01,"Departamento en el corazón de Palermo, sobre Paraguay al 2600, a metros de todo. Se trata de una **unidad interna** en **piso 2**, con una distribución clásica y bien aprovechada: living comedor amplio, cocina independiente, dos dormitorios y un baño completo. Son 68 m² cubiertos que se potencian con una terraza balcón de 8 m², ideal para despegarse del ruido de la ciudad. El edificio tiene unos **50 años de antigüedad**, pero eso no le quita carácter al barrio: acá se respira la onda de siempre, con bares de especialidad, plazas y subte cerca. El solarium en la terraza del edificio es un plus para los días de calor, y al ser una unidad interna, se mantiene fresca y silenciosa. No incluye cochera, pero en la zona hay varias opciones de garage a pocos metros. Una oportunidad para quienes buscan meterse en Palermo sin resignar superficie ni ubicación.",false,"{""sintetico"": true, ""caso"": null, ""duplicado_de"": null}"
demo-a,demo-00278,https://demo-a.example/aviso/demo-00278,https://demo-a.example/aviso/demo-00278,Departamento 4 ambientes en Palermo,387000,USD,179000,ARS,Paraguay 370,"Palermo, Capital Federal",Mirador Propiedades,114.2,5,119.2,4,3,3,,0,A Estrenar,Interno,7,solarium,2026-06-24,"A estrenar en pleno Palermo, sobre la calle Paraguay al 300. Departamento de cuatro ambientes en piso 7, con tres dormitorios y tres baños, pensado para quienes buscan comodidad y buena distribución. Es una unidad interna, lo que garantiza tranquilidad y privacidad sin perder luz natural. La superficie cubierta es de 114 m², a los que se suman 5 m² de balcón terraza, ideal para sumar un espacio al aire libre. El edificio cuenta con solarium, perfecto para disfrutar los días de sol. Una oportunidad con terminaciones de calidad y todos los detalles pensados para mudarse sin demora.",true,"{""sintetico"": true, ""caso"": null, ""duplicado_de"": null}"
demo-a,demo-00279,https://demo-a.example/aviso/demo-00279,https://demo-a.example/aviso/demo-00279,Departamento 2 ambientes en Palermo,219000,USD,390000,ARS,Gorriti 792,"Palermo, Capital Federal",Sur & Asociados,44.4,,44.4,,,,,,,,,,2026-07-19,"Excelente oportunidad en el corazón de Palermo. Departamento a estrenar de 2 ambientes en Gorriti al 700, con 44 m² cubiertos muy bien aprovechados. Ubicado en piso 15, al contrafrente, lo que garantiza una tranquilidad poco común en la zona. Cuenta con un dormitorio, baño completo y living comedor con cocina integrada, todo con terminaciones de primera calidad. El edificio cuenta con ascensor y acceso directo a todos los servicios de Palermo, sin necesidad de cochera ni amenities. Ideal para quienes buscan un primer hogar o una inversión segura en una de las zonas más buscadas de la ciudad.",false,"{""sintetico"": true, ""caso"": null, ""duplicado_de"": null}"
demo-b,demo-00280,https://demo-b.example/aviso/demo-00280,https://demo-b.example/aviso/demo-00280,Departamento 3 ambientes en Palermo,262000,USD,404000,ARS,Soler 795,"Palermo, Capital Federal",Grupo Arcos,77.5,3,80.5,3,2,1,70,0,Excelente,,0,"laundry, sum, gimnasio, seguridad 24 h, solarium",2026-08-15,"Departamento de 3 ambientes en el corazón de Palermo, sobre la calle Soler al 700, en una zona llena de vida y con todos los servicios a la vuelta de la esquina. Se trata de una unidad en **planta baja** con **excelente estado** general, lista para habitar sin vueltas. Son 78 m² cubiertos más un balcón terraza de 3 m² que suma unos metros ideales para desayunar o leer al aire libre. La distribución es bien aprovechable: dos dormitorios amplios, un baño completo y un living comedor con buena recepción.

El edificio tiene unos **70 años de antigüedad**, pero está bien mantenido y cuenta con amenities que hacen la vida más fácil: laundry, sum, gimnasio y solarium para disfrutar los días de sol. La seguridad es un punto a favor, con vigilancia las 24 horas. Si bien no tiene cochera, la ubicación compensa con creces, ya que estás cerca de bares, restaurantes y subtes. Ideal como primera vivienda o para inversor que busque renta en una de las zonas más buscadas de la ciudad. Una oportunidad concreta para entrar a vivir ya.",true,"{""sintetico"": true, ""caso"": null, ""duplicado_de"": null}"
demo-b,demo-00281,https://demo-b.example/aviso/demo-00281,https://demo-b.example/aviso/demo-00281,Departamento 3 ambientes en Palermo,323000,USD,249000,ARS,Salguero 4743,"Palermo, Capital Federal",Belgrano Brokers,62.4,8,70.4,3,2,1,25,1,Excelente,,1,"sum, parrilla, seguridad 24 h, laundry, gimnasio",2026-06-02,"Departamento de 3 ambientes en pleno Palermo, sobre la calle Salguero al 4700. Son 62 m² cubiertos más 8 m² de balcón/terraza, con excelente estado general y lista para habitar. El edificio tiene ascensor y cuenta con seguridad 24 horas, lo que suma tranquilidad en una zona con movimiento todo el día. Al ser de 25 años de antigüedad, mantiene una buena distribución y ambientes amplios, con dos dormitorios y un baño completo. Incluye cochera propia y acceso a amenities como sum, parrilla, laundry y gimnasio, ideales para no depender de nada externo.

La ubicación es inmejorable: cerca de parques, subte y una gran variedad de bares y comercios, con la ventaja de tener todo a mano sin perder la privacidad del edificio. El balcón/terraza suma un plus para despejarse, y la cochera es un diferencial que se agradece en la zona. Ideal para parejas o quienes buscan un departamento canchero pero con servicios completos. Consultar por visitas al número de contacto.",true,"{""sintetico"": true, ""caso"": null, ""duplicado_de"": null}"
demo-a,demo-00282,https://demo-a.example/aviso/demo-00282,https://demo-a.example/aviso/demo-00282,Departamento 2 ambientes en Palermo,134000,USD,411000,ARS,"Humboldt 2018, Piso 10","Palermo, Capital Federal",Belgrano Brokers,41.9,3,44.9,2,1,1,40,0,Muy Bueno,,10,"solarium, parrilla, seguridad 24 h, sum, gimnasio",2026-07-20,"Departamento de dos ambientes en el corazón de Palermo, sobre la avenida Humboldt al 2000. En el piso 10, con 42 m² cubiertos y un balcón terraza de 3 m² que suma unos metros de aire libre para despejarse. El edificio tiene 40 años de antigüedad, pero está bien plantado y con amenities que se agradecen: solarium, parrilla, SUM, gimnasio y seguridad 24 horas. La zona es inmejorable, con subte, bares, plazas y todo el movimiento de Palermo a la vuelta.

Pensado para quien busca un dos ambientes canchero, sin líos de cochera, con todo lo necesario para vivir cómodo o para invertir. El living comedor es tirando a amplio, la cocina está integrada y el baño completo. Al ser piso 10, la vista se despeja y se siente la amplitud. Ideal para una pareja o para alquilar con buen retorno. No se detallan gastos, pero la expensa es razonable para el edificio. Si te copa la idea de vivir en Palermo con amenities sin pagar de más por la zona, este es el punto justo.",true,"{""sintetico"": true, ""caso"": null, ""duplicado_de"": null}"
demo-b,demo-00283,https://demo-b.example/aviso/demo-00283,https://demo-b.example/aviso/demo-00283,Departamento 2 ambientes en Palermo,204000,USD,390000,ARS,Cabrera 3800,"Palermo, Capital Federal",Sur & Asociados,43.4,8,51.4,2,1,1,15,0,Excelente,Frente,7,"laundry, solarium, seguridad 24 h, parrilla, pileta",2026-07-07,"Departamento de dos ambientes en Palermo, sobre la calle Cabrera al 3800, al frente y en un piso 7 con ascensor. Tiene 43 m² cubiertos más 8 m² de balcón terraza, y se encuentra en excelente estado, con 15 años de antigüedad bien mantenidos. El baño es completo y el dormitorio es amplio, con buena luz natural. El edificio cuenta con seguridad las 24 horas, laundry, solarium, parrilla y pileta, ideales para disfrutar sin salir de casa. Sin cochera, pero con todos los servicios cerca. Una oportunidad para vivir en una de las mejores zonas de la ciudad.",true,"{""sintetico"": true, ""caso"": null, ""duplicado_de"": null}"
demo-b,demo-00284,https://demo-b.example/aviso/demo-00284,https://demo-b.example/aviso/demo-00284,Departamento 2 ambientes en Palermo,227000,USD,,,"Gurruchaga 1002, Piso 3","Palermo, Capital Federal",Sur & Asociados,47.0,12,59.0,2,1,1,30,0,Muy Bueno,Contrafrente,3,"solarium, parrilla, seguridad 24 h",2026-06-21,"Departamento de 2 ambientes en pleno Palermo, sobre Gurruchaga al 1000, en una ubicación que combina la tranquilidad de un edificio de **piso 3** con la movida constante del barrio. La unidad está **al contrafrente**, lo que garantiza silencio y luminosidad durante todo el día. Con **47 m² cubiertos** más una terraza/balcón de **12 m²**, el ambiente se siente amplio y aprovechable. El living comedor se integra a la perfección con la parrilla del solarium, ideal para recibir amigos o simplemente relajarse. La cocina es práctica y el baño completo, todo conservado en **muy buen estado** pese a sus **30 años de antigüedad**, con detalles que hablan de un edificio bien mantenido.

El complejo ofrece seguridad las 24 horas, lo que suma tranquilidad en una zona cada vez más buscada. La ubicación es inmejorable: a metros de bares, restaurantes, subte y espacios verdes, con la ventaja de tener todo a pie. Al no contar con cochera, es perfecto para quienes prefieren moverse en transporte público o simplemente no necesitan vehículo. Una gran oportunidad para quienes buscan un departamento canchero, con buena impronta y en uno de los barrios más vibrantes de Buenos Aires, sin resignar comodidad ni estética. Ideal para parejas o como inversión.",true,"{""sintetico"": true, ""caso"": null, ""duplicado_de"": null}"
demo-a,demo-00285,https://demo-a.example/aviso/demo-00285,https://demo-a.example/aviso/demo-00285,Departamento 2 ambientes en Palermo,228000,USD,,,"Gurruchaga 1000, Piso 3","Palermo, Capital Federal",Grupo Arcos,49.1,12,61.1,2,1,1,,0,Muy Bueno,Contrafrente,3,"solarium, parrilla, seguridad 24 h",2026-06-14,"Departamento de 2 ambientes en pleno Palermo, sobre Gurruchaga al 1000, a metros de todo. En **piso 3** y **al contrafrente**, es un piso muy luminoso y silencioso, con 49 m² cubiertos más 12 m² de balcón terraza que invitan a desayunar al aire libre o relajarse al caer la tarde. Está en **muy buen estado**, listo para mudarse sin vueltas.

El living comedor es amplio y se integra a la cocina, que es práctica y funcional. El dormitorio es cómodo y con buena ventilación. El baño es completo y prolijo. Sin dudas, un lindo dos ambientes para quienes buscan la mejor zona de Palermo, con espacios bien aprovechados y una terraza que suma mucho.

El edificio cuenta con solarium y parrilla en el último piso, ideal para juntadas, y seguridad 24 horas. No incluye cochera, pero la ubicación compensa con creces: lleno de bares, restaurantes, subtes y plazas cerca. Una oportunidad que no te podés perder.

**Consultá por esta unidad o pedí turno para verla.**",true,"{""sintetico"": true, ""caso"": null, ""duplicado_de"": ""demo-00284""}"
demo-b,demo-00286,https://demo-b.example/aviso/demo-00286,https://demo-b.example/aviso/demo-00286,Departamento 2 ambientes en Palermo,225000,USD,,,"Cabrera 3290, Piso 1","Palermo, Capital Federal",Belgrano Brokers,56.1,8,64.1,2,1,1,,0,Excelente,,1,"parrilla, sum, seguridad 24 h",2026-07-13,"Departamento de 2 ambientes en pleno Palermo, sobre la calle Cabrera al 3200, listo para que lo disfrutes. En excelente estado, se destaca por su luminosidad y buena distribución. Estamos hablando de un piso 1 con ascensor, lo que lo hace súper cómodo para el día a día. Son 56 m² cubiertos más una terraza de 8 m², ideal para despejarse o tomar aire sin salir de casa. El living comedor es amplio y el dormitorio tiene muy lindo tamaño; el baño está completo y prolijo.

El edificio cuenta con seguridad las 24 horas, así que vas a estar tranquilo siempre. Además, tiene SUM y parrilla en las áreas comunes, perfecto para juntarte con amigos o familia sin moverte del edificio. No tiene cochera, pero la ubicación compensa con creces: estás cerca de todo, con subtes, colectivos y una movida gastronómica y comercial que es un golazo. Ideal para invertir o para vivir en una de las zonas más buscadas de la ciudad. Consultanos por la visita, la vas a querer ver.",true,"{""sintetico"": true, ""caso"": null, ""duplicado_de"": null}"
demo-b,demo-00287,https://demo-b.example/aviso/demo-00287,https://demo-b.example/aviso/demo-00287,Departamento 3 ambientes en Belgrano,194000,USD,,,"Vuelta de Obligado 4496, Piso 15","Belgrano, Capital Federal",Sur & Asociados,63.3,3,66.3,3,2,1,40,0,Excelente,Contrafrente,15,"parrilla, sum",2026-06-23,"Departamento de 3 ambientes en Belgrano, sobre Vuelta de Obligado al 4400. Se trata de una unidad al contrafrente, lo que garantiza una notable tranquilidad, y se ubica en un piso 15 con excelente estado general pese a sus 40 años de antigüedad. Cuenta con 63 m² cubiertos más 3 m² de balcón terraza, dos dormitorios, un baño completo y una distribución que aprovecha cada metro. El edificio ofrece parrilla y SUM para reuniones, ideales para disfrutar en familia. Sin cochera, pero con muy buena conectividad y todos los servicios a la vuelta. Una oportunidad única en uno de los barrios más buscados de la Ciudad.",true,"{""sintetico"": true, ""caso"": null, ""duplicado_de"": null}"
demo-a,demo-00288,https://demo-a.example/aviso/demo-00288,https://demo-a.example/aviso/demo-00288,Departamento 5 ambientes en Palermo,641000,USD,,,Soler 2992,"Palermo, Capital Federal",Inmobiliaria del Parque,215.0,,215.0,5,4,2,25,0,Bueno,Contrafrente,12,,2026-07-01,"Departamento en venta en Palermo, sobre Soler al 2900. Son 215 m² cubiertos, con 5 ambientes: 4 dormitorios y 2 baños, todo en buen estado general. Al contrafrente, por lo que es muy silencioso y con buena luz natural. El edificio tiene 25 años de antigüedad, pero el departamento se conserva muy bien, listo para habitar. Sin cochera ni amenities, ideal para quienes valor",true,"{""sintetico"": true, ""caso"": null, ""duplicado_de"": null}"
demo-b,demo-00289,https://demo-b.example/aviso/demo-00289,https://demo-b.example/aviso/demo-00289,Departamento 3 ambientes en Palermo,250000,USD,323000,ARS,"Charcas 5304, Piso 6","Palermo, Capital Federal",Grupo Arcos,80.4,,80.4,3,2,1,70,1,Bueno,Interno,6,"pileta, seguridad 24 h, laundry",2026-08-10,"Departamento de 3 ambientes en alquiler en Palermo, sobre Charcas al 5300. Se trata de una unidad interna en piso 6 con ascensor, con 70 años de antigüedad pero en buen estado general. Cuenta con 80 m² cubiertos, dos dormitorios, un baño completo y cocina independiente. Incluye una cochera y acceso a pileta, laundry y seguridad 24 horas. Ideal para quienes buscan un piso clásico de Palermo con todos los servicios.",true,"{""sintetico"": true, ""caso"": null, ""duplicado_de"": null}"
demo-b,demo-00290,https://demo-b.example/aviso/demo-00290,https://demo-b.example/aviso/demo-00290,Departamento 2 ambientes en Palermo,217000,USD,225000,ARS,Armenia 1872,"Palermo, Capital Federal",Casa Nueva Negocios Inmobiliarios,40.4,12,52.4,,,,,,,,,"sum, pileta, laundry",2026-07-18,"Departamento de 2 ambientes en pleno Palermo, sobre la calle Armenia al 1800, a metros de todo pero en una zona tranquila. Al contrafrente, lo que garantiza silencio total. Piso 10 con balcón terraza de 12 m² que suma unos metros externos ideales para desayunar o leer. Son 40 m² cubiertos muy bien aprovechados, con un layout cómodo y luminoso, en excelente estado. La cocina está integrada al living, el baño es completo y el dormitorio tiene buena placard. La terminaría es fina, con 2 años de antigüedad, así que se nota nuevo pero sin olor a obra.

El edificio cuenta con amenities que se disfrutan apenas bajando: pileta para refrescarse en verano, laundry común para no llenar el baño de ropa y un sum bien puesto para juntadas o trabajar desde ahí. No hace falta cochera, porque estás rodeado de transporte y comercios de Palermo Soho. Ideal para una pareja que labura y quiere estar cerca de todo, o para invertir y alquilar por temporada. Sin gastos de expensas locos, porque al ser chico se mantiene todo al día. Un dato: al estar en altura, la vista se despeja y entra mucha luz natural. Acepta visita con coordinación previa, y se ve mejor de lo que suena.",false,"{""sintetico"": true, ""caso"": null, ""duplicado_de"": null}"
demo-b,demo-00291,https://demo-b.example/aviso/demo-00291,https://demo-b.example/aviso/demo-00291,Departamento 2 ambientes en Palermo,262000,USD,409000,ARS,"Serrano 5468, Piso 7","Palermo, Capital Federal",Inmobiliaria del Parque,49.7,8,57.7,2,1,1,,0,Muy Bueno,,7,parrilla,2026-07-28,"Departamento de dos ambientes en Palermo, sobre Serrano al 5400. Está en muy buen estado, listo para entrar. Se trata de un piso 7 con ascensor, así que las vistas y la luz están garantizadas. Tiene 50 metros cuadrados cubiertos más un balcón terraza de 8 m2, ideal para disfrutar al aire libre. Cuenta con un dormitorio, un baño completo y parrilla en el edificio. Sin cochera, pero en la zona te manejás caminando a todos lados. Un lindo dos ambientes para vivir bien en el corazón de Palermo.",true,"{""sintetico"": true, ""caso"": null, ""duplicado_de"": null}"
demo-a,demo-00292,https://demo-a.example/aviso/demo-00292,https://demo-a.example/aviso/demo-00292,Departamento 3 ambientes en Palermo,267000,USD,,,Charcas 3663,"Palermo, Capital Federal",Mirador Propiedades,77.3,8,85.3,3,2,1,,0,Excelente,Frente,10,,2026-09-08,"Departamento de 3 ambientes en pleno Palermo, sobre Charcas al 3600, a metros de la zona comercial y con una vista increíble al estar **al frente** y en un **piso 10**. Son 77 m² cubiertos más 8 m² de balcón/terraza que invitan a desayunar o leer con luz natural durante todo el día. La distribución es muy prolija: living comedor amplio, cocina independiente con posibilidad de integración, dos dormitorios con buena medida y un baño completo. El edificio es tranquilo y el departamento está en **excelente estado**, listo para mudarse sin grandes reformas.

La orientación al frente garantiza luminosidad constante y, al ser piso alto, se disfruta de mayor privacidad y aire. Es una oportunidad ideal para parejas o quienes buscan un dos ambientes con espacios definidos, pero sin los gastos de amenities. La zona cuenta con subtes, colectivos, bancos y una oferta gastronómica de primer nivel. Si buscás un lugar bien ubicado, con sol y una terraza para aprovechar, este es el indicado. Consultá por visitas al dueño directo.",true,"{""sintetico"": true, ""caso"": null, ""duplicado_de"": null}"
demo-b,demo-00293,https://demo-b.example/aviso/demo-00293,https://demo-b.example/aviso/demo-00293,Departamento 5 ambientes en Palermo,488000,USD,,,Charcas 4890,"Palermo, Capital Federal",Norte Propiedades,123.9,12,135.9,5,4,1,,0,Excelente,Lateral,2,"solarium, gimnasio, laundry, pileta, parrilla",2026-07-16,"Departamento de 5 ambientes en Palermo, sobre Charcas al 4800, con una superficie cubierta de 124 m² más 12 m² de balcón terraza. Está en el piso 2 y tiene orientación lateral, lo que le da muy buena luz y ventilación. El inmueble está en excelente estado, listo para habitar, con 4 dormitorios y un baño completo. Las instalaciones del edificio incluyen solarium, gimnasio, laundry, pileta y parrilla, ideales para disfrutar sin salir de casa. Sin cochera. Una oportunidad única en una de las zonas más buscadas de la ciudad, cerca de bares, restaurantes y todos los servicios. Ideal para quienes buscan espacio, confort y buena ubicación.",true,"{""sintetico"": true, ""caso"": null, ""duplicado_de"": null}"
demo-a,demo-00294,https://demo-a.example/aviso/demo-00294,https://demo-a.example/aviso/demo-00294,Departamento 2 ambientes en Palermo,152000,USD,312000,ARS,"Charcas 2458, Piso 12","Palermo, Capital Federal",Inmobiliaria del Parque,39.4,,39.4,2,1,1,,0,Muy Bueno,,12,pileta,2026-07-17,"Departamento en Charcas al 2400, Palermo, pleno corazón de la ciudad. Piso 12, con ascensor, muy buen estado. Se trata de un dos ambientes de 39 m² cubiertos, con dormitorio y baño completo. El living comedor es amplio y luminoso, ideal para disfrutar la vista. La cocina está separada y completa. La pileta del edificio suma un plus para los días de calor. Sin cochera, pero en una zona con buena conectividad y todos los servicios cerca. Un piso impecable para vivir o invertir, en una de las mejores zonas de Palermo. Consultá sin compromiso.",true,"{""sintetico"": true, ""caso"": null, ""duplicado_de"": null}"
demo-a,demo-00296,https://demo-a.example/aviso/demo-00296,https://demo-a.example/aviso/demo-00296,Departamento 5 ambientes en Palermo,1226000,USD,,,"Armenia 5430, Piso 7","Palermo, Capital Federal",Casa Nueva Negocios Inmobiliarios,245.3,,245.3,5,4,2,0,0,A Estrenar,Frente,7,"parrilla, sum, pileta",2026-09-03,"Departamento a estrenar en el corazón de Palermo, sobre Armenia al 5400, una de las zonas más lindas y conectadas de la ciudad. Se trata de una unidad de 245 metros cuadrados cubiertos, al frente y en un piso 7, con una luminosidad y una vista que se roban el día. Son 5 ambientes bien repartidos, con 4 dormitorios y 2 baños, pensados para quien busca un lugar amplio, cómodo y sin vueltas, ideal para familia grande o para quienes quieren espacio de sobra.

Algo clave de este desarrollo es que es a estrenar, así que vas a ser el primero en disfrutarlo, sin gastos de refacción ni sorpresas. Adentro, el diferenciador está en sus amenities: parrilla para los findes, SUM para juntarse y pileta para escaparle al calor. No tiene cochera, pero al estar tan bien ubicado, te manejás caminando o con bondi fácil. La zona tiene de todo, cafés, verde y movimiento. Ojo, no es un edificio con ascensor, así que el piso 7 se hace a pura escalera, pero eso lo compensa la vista y lo nuevo del proyecto. Apto para crédito, lista para escriturar.",true,"{""sintetico"": true, ""caso"": null, ""duplicado_de"": null}"
demo-a,demo-00297,https://demo-a.example/aviso/demo-00297,https://demo-a.example/aviso/demo-00297,Departamento 4 ambientes en Palermo,488000,USD,,,"Soler 3504, Piso 10","Palermo, Capital Federal",Norte Propiedades,118.3,,118.3,4,3,1,,0,Excelente,Interno,10,"solarium, parrilla, pileta, sum, gimnasio",2026-07-07,"Departamento de 4 ambientes en Palermo, sobre Soler al 3500, piso 10. Unidad interna, luminosa y silenciosa, con 118 m² cubiertos distribuidos en living-comedor amplio, cocina independiente, tres dormitorios y un baño completo. Se destaca por su excelente estado, listo para habitar sin necesidad de reformas. Sin cochera, pero con acceso a todos los amenities del edificio: solarium, parrilla, pileta, SUM y gimnasio. Ideal para quienes buscan confort y buena ubicación en uno de los barrios más buscados de la Ciudad.",true,"{""sintetico"": true, ""caso"": null, ""duplicado_de"": null}"
demo-a,demo-00298,https://demo-a.example/aviso/demo-00298,https://demo-a.example/aviso/demo-00298,Departamento 3 ambientes en Belgrano,241000,USD,,,Echeverría 3111,"Belgrano, Capital Federal",Casa Nueva Negocios Inmobiliarios,69.1,8,77.1,,,,,,,,,"laundry, parrilla",2026-08-06,"Departamento de 3 ambientes en Belgrano, sobre Echeverría al 3100. Son 69 metros cuadrados cubiertos más un balcón terraza de 8, con dos dormitorios y un baño completo. El edificio cuenta con laundry y parrilla, ideales para aprovechar el espacio sin salir de casa. Sin cochera, pero con una ubicación que te deja todo a mano. Un lindo dos ambientes ampliado para vivir cómodo en uno de los mejores barrios de la Ciudad.",false,"{""sintetico"": true, ""caso"": null, ""duplicado_de"": null}"
demo-a,demo-00299,https://demo-a.example/aviso/demo-00299,https://demo-a.example/aviso/demo-00299,Departamento 3 ambientes en Belgrano,221000,USD,260000,ARS,Freire 3056,"Belgrano, Capital Federal",Belgrano Brokers,81.2,,81.2,,,,,,,,,"parrilla, laundry, gimnasio",2026-06-26,"Departamento de 3 ambientes en pleno Belgrano, sobre la calle Freire al 3000. Muy buen estado y con una excelente distribución para aprovechar cada metro cuadrado de sus 81 metros cubiertos. Son dos dormitorios bien separados del living, con un baño completo y una cocina integradora que invita a recibir. Al estar en el piso 8, la luminosidad natural es un punto a favor, y desde los ventanales se respira una onda bien de barrio pero con la practicidad de vivir cerca de todo.

La unidad es de 8 años de antigüedad, lo que la convierte en una propiedad joven y sin los dolores de cabeza de las construcciones viejas. Incluye cochera fija para el auto, un lujo en la zona, y el edificio cuenta con amenities que suman calidad de vida: parrilla para los findes con amigos, laundry para olvidarte de los lavaderos y un gimnasio para mantener la rutina sin salir de casa. Todo en un solo complejo, con gastos razonables y una ubicación estratégica cerca de colegios, subte y los bosques de Palermo. Ideal para parejas o familias chicas que buscan confort y seguridad. Consultá sin compromiso.",false,"{""sintetico"": true, ""caso"": null, ""duplicado_de"": null}"
demo-b,demo-00300,https://demo-b.example/aviso/demo-00300,https://demo-b.example/aviso/demo-00300,Departamento 1 ambientes en Palermo,121000,USD,467000,ARS,Scalabrini Ortiz 4800,"Palermo, Capital Federal",Estudio Lacroze,31.5,2.5,34.0,1,0,1,15,0,A Refaccionar,,8,"pileta, sum",2026-06-25,"Departamento de un ambiente en el corazón de Palermo, sobre Scalabrini Ortiz al 4800. Piso 8, con 32 m² cubiertos y 2 m² de balcón/terraza que suman un espacio ideal para aprovechar el aire libre. La unidad está ""a refaccionar"", lo que la convierte en una gran oportunidad para quien busque ponerla a su gusto y sumarle valor. Tiene 15 años de antigüedad, así que mantiene una buena estructura pero requiere de modernización en detalles. El edificio cuenta con pileta y SUM, perfectos para relajarse o recibir visitas sin salir de casa. Sin cochera, pero en una zona con todo a mano: subte, colectivos, bares y shops. Ideal para inversores o para quienes quieren estrenar su primer hogar en uno de los barrios más buscados de la ciudad. Apto para vivienda única o como unidad de alquiler temporario. La terraza, aunque chica, suma un plus difícil de encontrar en propiedades de estas características. Escribinos para coordinar una visita y conocerla en persona.",true,"{""sintetico"": true, ""caso"": null, ""duplicado_de"": null}"
demo-b,demo-00301,https://demo-b.example/aviso/demo-00301,https://demo-b.example/aviso/demo-00301,Departamento 3 ambientes en Palermo,439000,USD,240000,ARS,"Cerviño 1156, Piso 12","Palermo, Capital Federal",Inmobiliaria del Parque,80.4,,80.4,3,2,1,,1,Excelente,Lateral,12,,2026-07-18,"Departamento de 3 ambientes en Cerviño al 1100, Palermo. Son 80 metros cuadrados cubiertos, con dos dormitorios, un baño completo y cochera. Está en el piso 12, con ascensor, y tiene una orientación lateral que le da muy buena luz durante el día. Ideal para quienes buscan un piso bien ubicado, cerca de todo y sin el ruido de las avenidas principales. Sin amenities, pero con todo lo necesario para vivir cómodo en uno de los mejores barrios de la ciudad.",true,"{""sintetico"": true, ""caso"": null, ""duplicado_de"": null}"
demo-a,demo-00302,https://demo-a.example/aviso/demo-00302,https://demo-a.example/aviso/demo-00302,Departamento 4 ambientes en Palermo,749000,USD,205000,ARS,"Arenales 5254, Piso 7","Palermo, Capital Federal",Grupo Arcos,149.5,,149.5,4,3,1,0,0,A Estrenar,,7,"gimnasio, seguridad 24 h, solarium",2026-06-15,"Departamento a estrenar en pleno corazón de Palermo, sobre Arenales al 5200, en un piso 7. Son 150 metros cuadrados cubiertos de categoría, con una distribución pensada para aprovechar cada rincón: 4 ambientes en total, con 3 dormitorios amplios y un baño completo de diseño.

La torre cuenta con seguridad 24 horas, gimnasio equipado y un solarium ideal para despejarse sin salir de casa. Al ser un propiedad a estrenar, vas a ser el primero en disfrutarla, con terminaciones modernas y ambientes luminosos que se destacan por su amplitud. Sin cochera, pero con una ubicación inmejorable que te deja todo a mano: subte, colectivos y la vida comercial de Palermo a la vuelta de la esquina.

Es el punto justo entre silencio y movimiento, perfecto para quien busca un lugar nuevo, con amenities y sin líos de mantenimiento. Un piso 7 que se siente privado pero con vista a la ciudad. Si estás buscando mudarte a un departamento a estrenar, con buena superficie y seguridad, este es el indicado. Consultanos por visitas, la atención es con gusto.",true,"{""sintetico"": true, ""caso"": null, ""duplicado_de"": null}"
demo-a,demo-00303,https://demo-a.example/aviso/demo-00303,https://demo-a.example/aviso/demo-00303,Departamento 2 ambientes en Belgrano,133000,USD,358000,ARS,Olazábal 3509,"Belgrano, Capital Federal",Grupo Arcos,53.7,5,58.7,,,,,,,,,"sum, solarium, pileta",2026-08-12,"Departamento de 2 ambientes en Belgrano, Olazábal al 3500, al frente, piso 4 con ascensor. Tiene 54 m² cubiertos más 5 m² de balcón terraza, y 8 años de antigüedad. Está a refaccionar, ideal para ponerlo a tu gusto. Sin cochera, pero con amenities: sum, solarium y pileta. Buena oportunidad en una zona con todos los servicios.",false,"{""sintetico"": true, ""caso"": null, ""duplicado_de"": null}"
demo-a,demo-00304,https://demo-a.example/aviso/demo-00304,https://demo-a.example/aviso/demo-00304,Departamento 2 ambientes en Belgrano,168000,USD,230000,ARS,Zabala 3053,"Belgrano, Capital Federal",Casa Nueva Negocios Inmobiliarios,56.3,8,64.3,,,,,,,,,,2026-08-02,"Departamento de 2 ambientes en Belgrano, Zabala al 3000. Ubicación privilegiada, al frente, con luminosidad y vistas abiertas. Está en piso 6, con ascensor, y cuenta con 56 m² cubiertos más un balcón terraza de 8 m² ideal para disfrutar al aire libre. Disposición funcional: living-comedor amplio, cocina separada, un dormitorio y un baño completo. Sin cochera ni amenities, perfecto para quienes buscan un piso bien ubicado, eficiente y cómodo en uno de los barrios más tradicionales de la Ciudad.",false,"{""sintetico"": true, ""caso"": null, ""duplicado_de"": null}"
demo-a,demo-00305,https://demo-a.example/aviso/demo-00305,https://demo-a.example/aviso/demo-00305,Departamento 3 ambientes en Palermo,295000,USD,251000,ARS,"Charcas 816, Piso 10","Palermo, Capital Federal",Sur & Asociados,82.4,8,90.4,3,2,1,,0,Muy Bueno,,10,"gimnasio, solarium",2026-09-01,"Se vende departamento de tres ambientes en Charcas al 800, pleno Palermo, con 82 m² cubiertos más un balcón terraza de 8 m². Cuenta con dos dormitorios y un baño, y está en muy buen estado, conservado y listo para habitar.

El edificio ofrece gimnasio y solarium como amenities. Sin cochera. Una oportunidad",true,"{""sintetico"": true, ""caso"": null, ""duplicado_de"": null}"
demo-a,demo-00306,https://demo-a.example/aviso/demo-00306,https://demo-a.example/aviso/demo-00306,Departamento 2 ambientes en Palermo,296000,USD,277000,ARS,Armenia 544,"Palermo, Capital Federal",Belgrano Brokers,58.5,12,70.5,2,1,1,30,0,Muy Bueno,Frente,0,gimnasio,2026-08-08,"Departamento de dos ambientes en el corazón de Palermo, sobre la calle Armenia al 500, ideal para quien busca vivir en una de las zonas más conectadas y con mejor onda de la Ciudad. Se trata de una planta baja al frente, con 58 m2 cubiertos y una terraza propia de 12 m2 que suma luz y lugar para descansar o armar un comedor al aire libre. El ambiente principal es amplio, con ventanal a la calle, y el dormitorio es cómodo y silencioso. La cocina está integrada al living, algo que se agradece para el día a día.

El edificio tiene 30 años de antigüedad y está muy bien mantenido, con un hall de entrada que da sensación de seguridad. El departamento está en muy buen estado, listo para habitar, con detalles que reflejan un cuidado constante. Entre los amenities, cuenta con gimnasio, perfecto para no depender de un gimnasio externo. No incluye cochera, pero en la zona hay opciones de alquiler por mes. El barrio ofrece todo a menos de diez cuadras: bares, restaurantes, subte y parques. Una oportunidad para los que quieren mudarse a Palermo sin resignar tranquilidad ni superficie.",true,"{""sintetico"": true, ""caso"": null, ""duplicado_de"": null}"
demo-a,demo-00307,https://demo-a.example/aviso/demo-00307,https://demo-a.example/aviso/demo-00307,Departamento 3 ambientes en Palermo,276000,USD,408000,ARS,"Costa Rica 3224, Piso 15","Palermo, Capital Federal",Casa Nueva Negocios Inmobiliarios,65.6,8,73.6,3,2,1,8,0,Muy Bueno,,15,"solarium, seguridad 24 h, gimnasio, parrilla, sum",2026-08-07,"Departamento de 3 ambientes en Palermo, sobre la calle Costa Rica al 3200, con ascensor y una antigüedad de 8 años. Cuenta con 66 m² cubiertos más 8 m² de balcón terraza, dos dormitorios y un baño completo. El edificio ofrece solarium, gimnasio, parrilla y sum, además de seguridad las 24 horas. Sin cochera. Ideal para quienes buscan un tres ambientes bien ubicado, con buena superficie y espacios comunes para disfrutar.",true,"{""sintetico"": true, ""caso"": null, ""duplicado_de"": null}"
demo-a,demo-00308,https://demo-a.example/aviso/demo-00308,https://demo-a.example/aviso/demo-00308,Departamento 4 ambientes en Belgrano,388000,USD,188000,ARS,Cuba 3056,"Belgrano, Capital Federal",Estudio Lacroze,138.8,12,150.8,,,,,,,,,"solarium, seguridad 24 h, gimnasio, pileta, parrilla",2026-08-09,"Departamento de cuatro ambientes en Belgrano, sobre la calle Cuba al 3000, en muy buen estado y con una orientación lateral que le da una luz espectacular durante todo el día. Cuenta con tres dormitorios, dos baños completos, amplio living comedor y cocina independiente. La superficie cubierta es de 139 m² más un balcón terraza de 12 m², ideal para armar un sillón o la parrilla. El edificio ofrece solarium, seguridad 24 horas, gimnasio, pileta y parrilla, todo pensado para no salir de casa cuando querés disfrutar. Sin cochera, pero con fácil acceso a colectivos, subte y todos los servicios del barrio. Una propiedad pensada para quienes buscan espacio, confort y buena ubicación en una de las zonas",false,"{""sintetico"": true, ""caso"": null, ""duplicado_de"": null}"
demo-a,demo-00309,https://demo-a.example/aviso/demo-00309,https://demo-a.example/aviso/demo-00309,Departamento 4 ambientes en Palermo,674000,USD,188000,ARS,"Cerviño 3142, Piso 7","Palermo, Capital Federal",Inmobiliaria del Parque,160.1,,160.1,4,3,1,,0,Excelente,,7,,2026-04-20,"Departamento de 4 ambientes en Palermo, sobre Cerviño al 3100, piso 7. Son 160 metros cuadrados cubiertos, con 3 dormitorios y un baño. El inmueble está en excelente estado, listo para habitar. Buena distribución y luminosidad (sin mencionar orientación) que lo hacen muy confortable. Se destaca el living comedor amplio y los ambientes bien definidos. Sin cochera ni amenities, ideal para quien busca un departamento clásico en una zona de alto valor locativo. Cerca de todo: comercios, transporte y espacios verdes. Consultá por esta oportunidad única en uno de los barrios más buscados de la ciudad.",true,"{""sintetico"": true, ""caso"": null, ""duplicado_de"": null}"
demo-b,demo-00310,https://demo-b.example/aviso/demo-00310,https://demo-b.example/aviso/demo-00310,Departamento 2 ambientes en Belgrano,85000,USD,369000,ARS,Arcos 1162,"Belgrano, Capital Federal",Estudio Lacroze,33.8,,33.8,,,,,,,,,,2026-07-15,"Departamento de 2 ambientes en Belgrano, Arcos al 1100, al frente y con ascensor. Tiene 34 m² cubiertos, un dormitorio y un baño, y se encuentra en muy buen estado. A pesar de sus 50 años de antigüedad, el edificio está bien mantenido y la unidad se destaca por su luminosidad y distribución funcional. Ideal para quienes buscan un hogar cómodo en una zona tradicional de la ciudad, con todos los servicios cerca. Sin cochera ni amenities, pero con la practicidad de estar en un barrio con excelente conectividad.",false,"{""sintetico"": true, ""caso"": null, ""duplicado_de"": null}"
demo-b,demo-00311,https://demo-b.example/aviso/demo-00311,https://demo-b.example/aviso/demo-00311,Departamento 5 ambientes en Belgrano,501000,USD,262000,ARS,"Migueletes 5687, Piso 5","Belgrano, Capital Federal",Norte Propiedades,161.7,,161.7,5,4,2,0,0,A Estrenar,,5,,2026-08-09,"Departamento a estrenar en pleno Belgrano, sobre Migueletes al 5600, una de las zonas más buscadas de la ciudad. Se trata de un piso 5 con 162 metros cuadrados cubiertos, pensado para quien busca espacios amplios y luminosos sin renunciar a la comodidad. Son 5 ambientes en total, con 4 dormitorios y 2 baños, ideal para una familia que necesite lugar de sobra para vivir o para recibir.

La distribución es clásica y funcional, con ambientes bien diferenciados que permiten aprovechar cada metro cuadrado. Al ser a estrenar, llegás a un edificio nuevo, con terminaciones impecables y sin gastos de refacción a la vista. Eso sí, no cuenta con cochera ni amenities, pero la ubicación compensa: estás a metros de los principales medios de transporte, comercios y espacios verdes del barrio.

Un dato a tener en cuenta: al ser piso 5, la vista es despejada y el edificio tiene un aire bien particular. Si buscás un departamento a estrenar, con buena superficie y en una dirección de lujo, este puede ser el indicado. Consultanos por visitas, la atención es personalizada.",true,"{""sintetico"": true, ""caso"": null, ""duplicado_de"": null}"
demo-a,demo-00312,https://demo-a.example/aviso/demo-00312,https://demo-a.example/aviso/demo-00312,Departamento 1 ambientes en Palermo,87000,USD,326000,ARS,Honduras 3804,"Palermo, Capital Federal",Casa Nueva Negocios Inmobiliarios,27.5,4.0,31.5,,,,,,,,,"pileta, laundry, sum, gimnasio, seguridad 24 h",2026-08-04,"Departamento en venta en Palermo, Honduras al 3800. Excelente oportunidad en un piso 15 con ascensor, con una vista privilegiada y una terraza balcón de 4 m² que suma metros al espacio interior. El inmueble tiene 28 m² cubiertos, bien distribuidos, y cuenta con un baño completo. Se encuentra en buen estado general, listo para habitar o alquilar, considerando sus 70 años de antigüedad que le dan ese carácter de construcción sólida y bien mantenida. El edificio ofrece amenities de primer nivel: pileta, laundry, sum y gimnasio, además de seguridad 24 horas. Sin cochera. Ideal para inversores o quienes buscan un primer hogar con todas las comodidades en uno de los barrios más buscados de la ciudad.",false,"{""sintetico"": true, ""caso"": null, ""duplicado_de"": null}"
demo-b,demo-00314,https://demo-b.example/aviso/demo-00314,https://demo-b.example/aviso/demo-00314,Departamento 4 ambientes en Palermo,503000,USD,274000,ARS,Bulnes 992,"Palermo, Capital Federal",Belgrano Brokers,105.6,8,113.6,,,,,,,,,sum,2026-05-31,"Departamento a estrenar en Bulnes al 900, Palermo, CABA. Piso 7, al frente, con 106 m² cubiertos más 8 m² de balcón terraza. Son 4 ambientes: living comedor amplio, cocina integrada, tres dormitorios (el principal con placard) y un baño completo. La unidad es a estrenar, con terminaciones de primera línea y vista abierta por estar al frente. El edificio cuenta con sum como único amenities, ideal para quienes buscan un espacio funcional y luminoso en una zona con todos los servicios, cerca de subtes, comercios y parques. Sin cochera. Una oportunidad única para vivir en Palermo con todas las ventajas de un inmueble nuevo.",false,"{""sintetico"": true, ""caso"": null, ""duplicado_de"": null}"
demo-a,demo-00315,https://demo-a.example/aviso/demo-00315,https://demo-a.example/aviso/demo-00315,Departamento 5 ambientes en Palermo,859000,USD,428000,ARS,"Cabrera 2489, Piso 3","Palermo, Capital Federal",Grupo Arcos,184.0,,184.0,5,4,3,,0,Bueno,,3,"parrilla, pileta, laundry, sum, seguridad 24 h",2026-06-25,"Departamento de 5 ambientes en Palermo, sobre la calle Cabrera al 2400. Piso 3, con ascensor, 184 m² cubiertos, distribuidos en living comedor amplio, cocina independiente, 4 dormitorios y 3 baños. El inmueble está en buen estado general, listo para habitar. Cuenta con parrilla, pileta, laundry, SUM y seguridad 24 horas. Sin cochera. Ideal para familia o inversores que busquen un piso luminoso y funcional en una de las zonas más buscadas de la Ciudad. Consultá condiciones y visita.",true,"{""sintetico"": true, ""caso"": null, ""duplicado_de"": null}"
demo-a,demo-00316,https://demo-a.example/aviso/demo-00316,https://demo-a.example/aviso/demo-00316,Departamento 2 ambientes en Palermo,214000,USD,108000,ARS,"Darregueyra 3869, Piso 2","Palermo, Capital Federal",Norte Propiedades,43.8,,43.8,2,1,1,0,0,A Estrenar,,2,"laundry, solarium",2026-08-23,"Departamento a estrenar en Palermo, sobre la calle Darregueyra al 3800. Se trata de un dos ambientes de 44 metros cuadrados cubiertos, ubicado en el piso 2 de un nuevo desarrollo que está en plena etapa de construcción. Cuenta con un dormitorio y un baño completo, pensado para quienes buscan un primer hogar o una inversión segura en uno de los barrios más buscados de la ciudad. El edificio ofrece amenities como laundry y solarium, ideales para disfrutar sin salir del complejo. La unidad se entrega a estrenar, con terminaciones de calidad y distribución funcional. Las fotos que ves corresponden al modelo de referencia, ya que el proyecto aún está en obra. La entrega estimada está prevista para los próximos meses, así que es momento ideal para asegurar tu lugar. No incluye cochera, pero la ubicación te conecta con todo lo necesario a pocos pasos.",true,"{""sintetico"": true, ""caso"": ""pozo"", ""duplicado_de"": null}"
demo-a,demo-00317,https://demo-a.example/aviso/demo-00317,https://demo-a.example/aviso/demo-00317,Departamento 1 ambientes en Palermo,83000,USD,,,"Paraguay 414, Piso 3","Palermo, Capital Federal",Casa Nueva Negocios Inmobiliarios,29.1,,29.1,1,0,1,0,0,A Refaccionar,Lateral,3,"solarium, sum",2026-04-11,"Departamento a refaccionar sobre la calle Paraguay al 400, pleno Palermo. Está en piso 3, con ascensor, y cuenta con una orientación lateral que le da una luz muy particular durante el día. Es una unidad chica, de 29 metros cuadrados cubiertos, ideal como primer inversión o para quien busca un pie en el barrio. Al ser un ambiente, no tiene dormitorio cerrado pero sí un baño completo. Algo importante: el edificio es a estrenar, así que las instalaciones están todas nuevas y los amenities de primer nivel, con solarium y SUM para uso de los propietarios. El departamento está sin cochera, pero en la zona se consigue fácil para alquilar. Al estar a refaccionar, le podés poner tu toque personal y terminarlo a tu gusto, ganando plusvalía desde el vamos. Una oportunidad concreta en uno de los mejores puntos de Palermo.",true,"{""sintetico"": true, ""caso"": null, ""duplicado_de"": null}"
demo-a,demo-00318,https://demo-a.example/aviso/demo-00318,https://demo-a.example/aviso/demo-00318,Departamento 1 ambientes en Belgrano,83000,USD,,,"Virrey del Pino 5711, Piso 2","Belgrano, Capital Federal",Inmobiliaria del Parque,31.4,6.0,37.4,1,0,1,,0,Bueno,Contrafrente,2,,2026-06-25,"Departamento de 1 ambiente en Belgrano, sobre Virrey del Pino al 5700. Con 31 m² cubiertos más un balcón/terraza de 6 m², al contrafrente, lo que garantiza mucha tranquilidad y buena luz natural. Está en buen estado general, listo para habitar. Se encuentra en piso 2, con baño completo y distribución funcional. Ideal para quienes buscan un primer hogar o una inversión en una zona consolidada, cerca de todo. Sin cochera ni amenities, pero con el plus de estar en un barrio con todos los servicios a la vuelta. Consultá sin compromiso.",true,"{""sintetico"": true, ""caso"": null, ""duplicado_de"": null}"
demo-a,demo-00319,https://demo-a.example/aviso/demo-00319,https://demo-a.example/aviso/demo-00319,Departamento 2 ambientes en Belgrano,122000,USD,,,Juramento 693,"Belgrano, Capital Federal",Norte Propiedades,38.7,8,46.7,2,1,1,,0,Excelente,,5,"laundry, parrilla, solarium, pileta, gimnasio",2026-06-07,"Departamento de 2 ambientes en Belgrano, sobre Juramento al 600, con ascensor. La unidad ofrece 39 m² cubiertos más un balcón terraza de 8 m², ideal para disfrutar al aire libre. Cuenta con un dormitorio, un baño completo y una distribución funcional que aprovecha cada metro. El edificio cuenta con laundry, parrilla, solarium, pileta y gimnasio, pensado para quienes buscan comodidad sin moverse de casa. Sin cochera, pero en una zona con excelente conectividad y todos los servicios a la vuelta. Una oportunidad para vivir en uno de los barrios más buscados de la Ciudad.",true,"{""sintetico"": true, ""caso"": null, ""duplicado_de"": null}"
demo-b,demo-00320,https://demo-b.example/aviso/demo-00320,https://demo-b.example/aviso/demo-00320,Departamento 2 ambientes en Palermo,215000,USD,232000,ARS,"Humboldt 1556, Piso 8","Palermo, Capital Federal",Norte Propiedades,45.9,8,53.9,2,1,1,,0,Excelente,Contrafrente,8,,2026-08-05,"Departamento de 2 ambientes en pleno Palermo, sobre Humboldt al 1500, a metros de todo pero en un edificio tranquilo y con pocos departamentos por piso. Se destaca su living comedor amplio y bien distribuido, con ventanal que da al contrafrente, lo que garantiza silencio absoluto durante todo el día. La cocina es independiente y tiene posibilidad de integrarla al living si se busca un ambiente más amplio.

El dormitorio, cómodo y luminoso, está separado del estar y tiene buena capacidad para el placar. El baño es completo y funcional. Desde el living se accede a un balcón terraza de 8 m², ideal para desayunar al aire libre o sumar un escritorio con vista despejada. La superficie total es de 54 m², con una muy buena relación entre lo cubierto y lo semicubierto.

Está ubicado a pocas cuadras de las zonas más vibrantes de Palermo, con subtes, colectivos, parques y una oferta gastronómica y comercial inmejorable. Es una oportunidad para quienes buscan un dos ambientes en una de las mejores zonas de la ciudad, sin pagar amenities que no se usan. Ideal como primer hogar o para inversor que quiera alquilar a jóvenes profesionales. No es necesario subir en ascensor, pero eso ya se verá en la visita. Contactanos para coordinar el recorrido.",true,"{""sintetico"": true, ""caso"": null, ""duplicado_de"": null}"
demo-b,demo-00321,https://demo-b.example/aviso/demo-00321,https://demo-b.example/aviso/demo-00321,Departamento 1 ambientes en Palermo,107000,USD,214000,ARS,"Serrano 1324, Piso 10","Palermo, Capital Federal",Norte Propiedades,32.8,1.5,34.3,1,0,1,,0,Muy Bueno,,10,seguridad 24 h,2026-06-14,"Departamento de 1 ambiente en Serrano al 1300, Palermo. Muy buen estado, se destaca por su excelente distribución en 33 m² cubiertos más un balcón terraza de 2 m² que suma luz y amplitud al espacio. Está en piso 10, lo que garantiza una vista despejada y privacidad. Cuenta con un baño completo y seguridad las 24 horas, un plus que se valora cada vez más en la zona. Es ideal tanto para quienes buscan su primer hogar como para inversores que quieran alquilar rápido. El barrio ofrece todos los servicios a la vuelta de la esquina, con bares, restaurantes y tiendas que hacen de Palermo uno de los puntos más buscados de la ciudad. Sin cochera, pero con fácil acceso a transporte público. Una oportunidad concreta en una ubicación privilegiada.",true,"{""sintetico"": true, ""caso"": null, ""duplicado_de"": null}"
demo-a,demo-00322,https://demo-a.example/aviso/demo-00322,https://demo-a.example/aviso/demo-00322,Departamento 1 ambientes en Palermo,131000,USD,407000,ARS,Gurruchaga 2629,"Palermo, Capital Federal",Sur & Asociados,34.0,1.5,35.5,,,,,,,,,"laundry, pileta, parrilla, solarium, gimnasio",2026-07-04,"Departamento a estrenar, al frente, en el corazón de Palermo, sobre Gurruchaga al 2600. Se trata de un piso 3, luminoso y moderno, ideal para quienes buscan inversión o un primer hogar. Con 34 m² cubiertos, más una terraza de 2 m², el layout está pensado al máximo para aprovechar cada metro. Al ser un edificio de categoría, cuenta con amenities completos: pileta, gimnasio, solarium, parrilla y laundry, todo pensado para el día a día. Incluye cochera propia, un lujo que no se consigue en la zona.

El emprendimiento se encuentra en plena construcción, con una entrega estimada para los próximos meses. Las fotos que ves son del modelo de referencia, no del estado actual de la obra. El living comedor se integra con la galería, generando una sensación de amplitud increíble. Palermo es Palermo, y esta ubicación sobre Gurruchaga te deja a pasos de bares, plazas y subte. Un 1 ambiente bien resuelto, con baño completo, ideal para alquilar o vivir solo. Consultá por este desarrollo, que promete ser de los más buscados de la zona.",false,"{""sintetico"": true, ""caso"": ""pozo"", ""duplicado_de"": null}"
demo-b,demo-00323,https://demo-b.example/aviso/demo-00323,https://demo-b.example/aviso/demo-00323,Departamento 3 ambientes en Palermo,346000,USD,181000,ARS,Salguero 4515,"Palermo, Capital Federal",Casa Nueva Negocios Inmobiliarios,101.2,,101.2,3,2,1,60,0,A Refaccionar,Contrafrente,5,,2026-06-09,"Departamento de 3 ambientes en pleno Palermo, sobre Salguero al 4500. Son 101 metros cuadrados cubiertos distribuidos en dos dormitorios, un baño completo y un living comedor amplio. Se encuentra en piso 5, al contrafrente, lo que le asegura una muy buena luminosidad y silencio. El edificio tiene 60 años de antigüedad, pero mantiene su estructura sólida y buena conservación general. La unidad está a refaccionar, ideal para quienes buscan ponerle su propio sello o invertir con margen. No cuenta con cochera ni amenities, pero la ubicación es inmejorable: a metros de la cancha de River y con todos los servicios de Palermo a la vuelta. Una oportunidad para personalizar en una zona de alta demanda.",true,"{""sintetico"": true, ""caso"": null, ""duplicado_de"": null}"
demo-b,demo-00324,https://demo-b.example/aviso/demo-00324,https://demo-b.example/aviso/demo-00324,Departamento 4 ambientes en Palermo,688000,USD,292000,ARS,"Bonpland 3915, Piso 2","Palermo, Capital Federal",Norte Propiedades,146.3,8,154.3,4,3,3,,0,Excelente,,2,,2026-05-19,"Departamento de 4 ambientes en Palermo, sobre Bonpland al 3900, piso 2. Cuenta con 3 dormitorios, 3 baños, y una superficie cubierta de 146 m² más 8 m² de balcón terraza. Ideal para quienes buscan un espacio amplio y bien distribuido en una de las zonas más buscadas de la ciudad. Sin cochera ni amenities, pero con todo lo necesario para disfrutar del barrio a pasos de bares, restaurantes y parques.",true,"{""sintetico"": true, ""caso"": null, ""duplicado_de"": null}"
demo-a,demo-00325,https://demo-a.example/aviso/demo-00325,https://demo-a.example/aviso/demo-00325,Departamento 3 ambientes en Palermo,335000,USD,424000,ARS,Armenia 2781,"Palermo, Capital Federal",Inmobiliaria del Parque,90.6,12,102.6,3,2,1,,0,A Refaccionar,Frente,9,,2026-05-24,"Departamento de 3 ambientes en Palermo, sobre Armenia al 2700. Son 91 m² cubiertos más 12 m² de balcón terraza, todo al frente, con dos dormitorios y un baño completo. Ideal para quienes buscan un piso amplio y luminoso en una de las zonas más conectadas de la Ciudad. Sin cochera ni amenities, pero con la ventaja de estar rodeado de bares, tiendas y transporte a pocos pasos. Una oportunidad para disfrutar la vida de barrio con la comodidad de un espacio bien distribuido.",true,"{""sintetico"": true, ""caso"": null, ""duplicado_de"": null}"
demo-a,demo-00326,https://demo-a.example/aviso/demo-00326,https://demo-a.example/aviso/demo-00326,Departamento 3 ambientes en Palermo,279000,USD,200000,ARS,Guatemala 2413,"Palermo, Capital Federal",Norte Propiedades,76.1,,76.1,3,2,1,,0,Muy Bueno,,5,"laundry, pileta, gimnasio, sum, solarium",2026-05-19,"Departamento de 3 ambientes en pleno corazón de Palermo, sobre la calle Guatemala al 2400. Se trata de un piso 5, muy luminoso y en muy buen estado. Son 76 metros cuadrados cubiertos distribuidos en dos dormitorios, un baño completo y un living comedor amplio con balcón. La cocina está integrada al living, lo que le da mucha fluidez al ambiente.

El edificio cuenta con amenities de primera: pileta, gimnasio, sum y solarium, perfectos para disfrutar todo el año. La zona es inmejorable, con todos los servicios a la vuelta de la esquina, bares, restaurantes, subtes y espacios verdes. Ideal para quienes buscan vivir en un barrio con movimiento pero sin perder la tranquilidad. No se vende cochera, pero hay opciones de alquiler cerca. Consultá por visitas.",true,"{""sintetico"": true, ""caso"": null, ""duplicado_de"": null}"
demo-a,demo-00327,https://demo-a.example/aviso/demo-00327,https://demo-a.example/aviso/demo-00327,Departamento 5 ambientes en Belgrano,650000,USD,173000,ARS,Cabildo 4390,"Belgrano, Capital Federal",Sur & Asociados,167.7,5,172.7,5,4,2,5,0,Excelente,,1,pileta,2026-08-19,"Departamento en Belgrano, sobre Cabildo al 4300, con una excelente superficie de 168 m² cubiertos más 5 m² de balcón terraza. Es un piso 1 con 5 ambientes bien distribuidos, 4 dormitorios y 2 baños, ideal para una familia que necesite espacio. El edificio tiene pileta para disfrutar en los meses de calor y cuenta con 5 años de antigüedad, lo que lo mantiene en muy buen estado general. No incluye cochera, pero la ubicación compensa con todos los servicios a mano. Una oportunidad para quienes buscan un hogar amplio en una zona bien conectada.",true,"{""sintetico"": true, ""caso"": null, ""duplicado_de"": null}"
demo-a,demo-00328,https://demo-a.example/aviso/demo-00328,https://demo-a.example/aviso/demo-00328,Departamento 3 ambientes en Belgrano,276000,USD,,,Juramento 4762,"Belgrano, Capital Federal",Mirador Propiedades,81.6,12,93.6,,,,,,,,,,2026-09-05,"Departamento de 3 ambientes en pleno Belgrano, sobre Juramento al 4700, a metros de la zona comercial y con una vista que acompaña. Son 82 m² cubiertos más 12 m² de balcón/terraza, todo en muy buen estado y listo para habitar. Se trata de una unidad interna en piso 8, con ascensor, lo que te garantiza silencio y luminosidad durante todo el día.

La distribución es funcional: dos dormitorios amplios, un baño completo y un living comedor con salida directa al balcón, ideal para desayunar al aire libre o sumar un escritorio. Al ser una unidad interna, se evita el ruido de la avenida sin resignar seguridad ni tranquilidad. El edificio es de pocos pisos, así que se convive de manera muy llevadera.

No tiene cochera ni amenities, pero la ubicación lo compensa con creces: subte, colectivos, colegios y los clásicos bares del barrio a pocas cuadras. Pensado para parejas o como inversión, porque este tipo de inmueble en esta zona siempre tiene alta demanda. Para coordinar una visita, consultanos por el precio y las condiciones de financiación.",false,"{""sintetico"": true, ""caso"": null, ""duplicado_de"": null}"
demo-a,demo-00329,https://demo-a.example/aviso/demo-00329,https://demo-a.example/aviso/demo-00329,Departamento 4 ambientes en Palermo,547000,USD,,,Ravignani 2909,"Palermo, Capital Federal",Casa Nueva Negocios Inmobiliarios,118.3,3,121.3,,,,,,,,,,2026-06-20,"Departamento a estrenar en Ravignani al 2900, Palermo. Piso 15 con ascensor, 4 ambientes distribuidos en 3 dormitorios y 3 baños, todo en 118 m² cubiertos más un balcón terraza de 3 m². 

Emprendimiento en construcción, por lo que las fotos corresponden al modelo de unidad. La entrega estimada está pactada para el próximo año, con la posibilidad de coordinar visita al showroom. Ideal para quienes buscan estrenar en una de las zonas más conectadas de la ciudad, sin pagar amenities que no se usan. El edificio cuenta con los servicios básicos de un edificio nuevo, pero sin gimnasio ni piscina, lo que lo hace una opción más accesible. La ubicación sobre Ravignani ofrece tranquilidad pero con todos los comercios y medios de transporte a pocas cuadras. Consultá por nuestro plan de financiación en pesos.",false,"{""sintetico"": true, ""caso"": ""pozo"", ""duplicado_de"": null}"
demo-a,demo-00330,https://demo-a.example/aviso/demo-00330,https://demo-a.example/aviso/demo-00330,Departamento 4 ambientes en Palermo,457000,USD,329000,ARS,Scalabrini Ortiz 5480,"Palermo, Capital Federal",Sur & Asociados,95.3,8,103.3,4,3,1,20,0,Excelente,Frente,8,,2026-07-14,"Departamento de 4 ambientes en pleno Palermo, sobre Scalabrini Ortiz al 5400. Se trata de una unidad al frente en un edificio de 20 años de antigüedad, ubicada en el piso 8, con ascensor. Cuenta con 95 m² cubiertos más 8 m² de balcón terraza, tres dormitorios y un baño. Sin cochera ni amenities. Ideal para quienes buscan un inmueble luminoso y bien ubicado, con la tranquilidad de un edificio consolidado y la cercanía a todos los servicios del barrio.",true,"{""sintetico"": true, ""caso"": null, ""duplicado_de"": null}"
demo-a,demo-00331,https://demo-a.example/aviso/demo-00331,https://demo-a.example/aviso/demo-00331,Departamento 3 ambientes en Palermo,248000,USD,389000,ARS,Serrano 1687,"Palermo, Capital Federal",Mirador Propiedades,67.3,,67.3,3,2,1,,0,A Estrenar,,,"seguridad 24 h, pileta, gimnasio, parrilla, sum",2026-06-19,"Departamento a estrenar en Palermo, sobre la calle Serrano al 1600. Se trata de un tres ambientes con dos dormitorios y un baño completo, todo en 67 m² cubiertos de superficie. El edificio cuenta con ascensor y seguridad las 24 horas, además de pileta, gimnasio, parrilla y salón de usos múltiples para disfrutar sin salir de casa. Sin cochera, pero con todos los servicios a la vuelta de la esquina. Ideal para quienes buscan un primer hogar o una inversión en una de las zonas más buscadas de la Ciudad.",true,"{""sintetico"": true, ""caso"": null, ""duplicado_de"": null}"
demo-b,demo-00332,https://demo-b.example/aviso/demo-00332,https://demo-b.example/aviso/demo-00332,Departamento 2 ambientes en Belgrano,144000,USD,204000,ARS,"Cuba 2035, Piso 3","Belgrano, Capital Federal",Casa Nueva Negocios Inmobiliarios,53.6,8,61.6,2,1,1,25,0,Excelente,,3,,2026-06-29,"Departamento de 2 ambientes en Belgrano, sobre la calle Cuba al 2000. Se trata de un piso 3 con 54 m² cubiertos más 8 m² de balcón/terraza, todo en excelente estado y con 25 años de antigüedad bien llevados. La distribución es clásica: living-comedor, un dormitorio y un baño completo. Ambientes amplios y luminosos, listos para habitar. Sin cochera ni amenities, ideal para quienes buscan un departamento funcional en una zona con todos los servicios a la vuelta.",true,"{""sintetico"": true, ""caso"": null, ""duplicado_de"": null}"
demo-a,demo-00333,https://demo-a.example/aviso/demo-00333,https://demo-a.example/aviso/demo-00333,Departamento 2 ambientes en Belgrano,143000,USD,204000,ARS,"Cuba 2000, Piso 3","Belgrano, Capital Federal",Belgrano Brokers,55.6,8,63.6,2,1,1,,0,Excelente,,3,,2026-06-29,"Departamento de 2 ambientes en pleno Belgrano, sobre la calle Cuba al 2000, a metros de los bares y la vida comercial de la zona. Se destaca por su excelente estado general, listo para mudarse sin vueltas. Está en un piso 3, bien iluminado y con una distribución prolija que aprovecha cada metro de sus 56 m² cubiertos, más un balcón/terraza de 8 m² ideal para desayunar al aire libre o sumar un par de reposeras.

La cocina es amplia y el baño completo, ambos en perfectas condiciones. Al ser sin cochera ni amenities, el gasto de expensas se mantiene acotado, un punto a favor para el día a día. La ubicación es inmejorable para moverse en transporte público, con múltiples líneas de colectivo y el subte cerca. Es una oportunidad concreta para quienes buscan un dos ambientes canchero y bien ubicado, con ese toque de barrio porteño que enamora.",true,"{""sintetico"": true, ""caso"": null, ""duplicado_de"": ""demo-00332""}"
demo-a,demo-00334,https://demo-a.example/aviso/demo-00334,https://demo-a.example/aviso/demo-00334,Departamento 3 ambientes en Palermo,349000,USD,210000,ARS,Gorriti 3570,"Palermo, Capital Federal",Grupo Arcos,96.7,,96.7,3,2,1,,0,Excelente,Frente,,"parrilla, laundry, gimnasio",2026-07-17,"Vendemos este departamento de tres ambientes en Palermo, sobre Gorriti al 3500. Son 97 m² cubiertos, dos dormitorios y un baño, todo en excelente estado y listo para habitar. Es al frente, con mucha luz natural, y cuenta con ascensor. El edificio ofrece parrilla, laundry y gimnasio para disfrutar sin salir de casa. Ideal para quien busca un hogar cómodo en una de las mejores zonas de la ciudad, cerca de bares, tiendas y todo el movimiento de Palermo. Sin cochera. Consultanos por la visita.",true,"{""sintetico"": true, ""caso"": null, ""duplicado_de"": null}"
demo-b,demo-00335,https://demo-b.example/aviso/demo-00335,https://demo-b.example/aviso/demo-00335,Departamento 3 ambientes en Palermo,342000,USD,210000,ARS,Gorriti 3500,"Palermo, Capital Federal",Inmobiliaria del Parque,101.2,,101.2,3,2,1,50,0,Excelente,Frente,,"parrilla, laundry, gimnasio",2026-07-10,"Departamento de tres ambientes en Palermo, sobre Gorriti al 3500, al frente, con 101 m² cubiertos y una distribución muy funcional. Son dos dormitorios, living comedor amplio y cocina separada, todo en excelente estado y con buena luminosidad gracias a su orientación. El edificio tiene 50 años de antigüedad pero se nota el mantenimiento; cuenta con parrilla, laundry y gimnasio para los vecinos. Sin cochera, pero con fácil acceso a transporte y todos los servicios del barrio. Ideal para quienes buscan un piso clásico de Palermo con buena superficie y espacios bien aprovechados.",true,"{""sintetico"": true, ""caso"": null, ""duplicado_de"": ""demo-00334""}"
demo-b,demo-00336,https://demo-b.example/aviso/demo-00336,https://demo-b.example/aviso/demo-00336,Departamento 4 ambientes en Belgrano,357000,USD,,,Moldes 2116,"Belgrano, Capital Federal",Sur & Asociados,132.4,5,137.4,,,,,,,,,,2026-08-13,"Departamento en Belgrano, Moldes al 2100. Piso 6, orientación lateral, con 132 m² cubiertos más 5 m² de balcón/terraza. Cuenta con 4 ambientes: 3 dormitorios y 2 baños. A pesar de sus 60 años de antigüedad, se encuentra en excelente estado, listo para habitar. Sin cochera ni amenities, pero con la tranquilidad de un barrio residencial bien conectado. Ideal para quienes buscan un hogar amplio con buena luz y ventilación gracias a su orientación. El vendedor acepta permuta por otra unidad o financiación en cuotas, facilitando la operación. No pierda la oportunidad de conocer este clásico de Belgrano.",false,"{""sintetico"": true, ""caso"": ""permuta"", ""duplicado_de"": null}"
demo-a,demo-00337,https://demo-a.example/aviso/demo-00337,https://demo-a.example/aviso/demo-00337,Departamento 3 ambientes en Palermo,218000,USD,,,Scalabrini Ortiz 664,"Palermo, Capital Federal",Belgrano Brokers,73.5,3,76.5,,,,,,,,,seguridad 24 h,2026-06-24,"Departamento de 3 ambientes en pleno Palermo, sobre la avenida Scalabrini Ortiz al 600, en una ubicación que no tiene desperdicio. Se trata de una unidad en **muy buen estado**, en **piso 4** y **con ascensor**, ideal para quien busca mudarse sin pensar en nada. Tiene 74 m² cubiertos más 3 m² de balcón/terraza, con una distribución que se aprovecha muy bien. Los dos dormitorios son amplios y el baño está completo. La construcción es de aproximadamente **30 años de antigüedad**, pero se nota que se ha mantenido con esmero. Cuenta con seguridad las 24 horas, lo que suma mucha tranquilidad, sobre todo para los que viajan seguido o pasan largas horas fuera de casa. Sin cochera, pero en esta zona no hace falta: hay de todo cerca, subte, colectivos y mucha vida comercial. La cocina es independiente y el balcón le da una linda luz al living. Ideal como vivienda principal o para invertir en alquiler. Los ambientes son prolijos y no hay que hacer reformas estructurales. Un dato a favor: al ser piso 4, el ascensor se agradece todos los días. Si estás buscando un departamento en Palermo con buena conectividad y sin sorpresas, este puede ser el indicado.",false,"{""sintetico"": true, ""caso"": null, ""duplicado_de"": null}"
demo-b,demo-00338,https://demo-b.example/aviso/demo-00338,https://demo-b.example/aviso/demo-00338,Departamento 1 ambientes en Belgrano,60000,USD,,,"Zabala 2328, Piso 6","Belgrano, Capital Federal",Mirador Propiedades,30.9,,30.9,1,0,1,,0,Muy Bueno,,6,"gimnasio, seguridad 24 h",2026-05-26,"Zabala al 2300, Belgrano. Departamento de 1 ambiente en muy buen estado, ideal para quienes buscan un primer ingreso o un espacio funcional en un barrio que lo tiene todo. Está en piso 6, con ascensor, y cuenta con 31 metros cuadrados cubiertos bien aprovechados. El baño es completo y el living se presta para un pequeño office o zona de descanso. El edificio tiene gimnasio y seguridad 24 horas, dos puntos clave para la vida diaria. Sin cochera, pero con buena conectividad y servicios cerca. Un departamento práctico para vivir o alquilar.",true,"{""sintetico"": true, ""caso"": null, ""duplicado_de"": null}"
demo-a,demo-00339,https://demo-a.example/aviso/demo-00339,https://demo-a.example/aviso/demo-00339,Departamento 5 ambientes en Belgrano,682000,USD,,,3 de Febrero 3377,"Belgrano, Capital Federal",Norte Propiedades,217.5,,217.5,5,4,2,,0,Excelente,,,"gimnasio, pileta, seguridad 24 h, parrilla, laundry",2026-08-16,"Departamento de 5 ambientes en pleno Belgrano, sobre 3 de Febrero al 3300, una de las zonas más buscadas de la Ciudad. Son 218 metros cuadrados cubiertos distribuidos en 4 dormitorios y 2 baños, pensados para quien necesita espacio real sin resignar comodidad. La propiedad se entrega en excelente estado, lista para habitar, con una distribución que separa claramente el área social del sector privado.

El edificio cuenta con amenities que suman calidad de vida todos los días: gimnasio equipado, pileta, parrilla para reuniones y laundry. La seguridad 24 horas es un plus que se agradece, sobre todo en una zona con movimiento constante y cercanía a todo. No incluye cochera, pero al estar tan bien ubicado, la mayoría de las necesidades se resuelven caminando. Ideal para familias que buscan un piso de categoría en un barrio tradicional, con verde, subtes y colegios cerca. Consultas al privado.",true,"{""sintetico"": true, ""caso"": null, ""duplicado_de"": null}"
demo-b,demo-00340,https://demo-b.example/aviso/demo-00340,https://demo-b.example/aviso/demo-00340,Departamento 5 ambientes en Belgrano,521000,USD,286000,ARS,"Olazábal 4188, Piso 5","Belgrano, Capital Federal",Estudio Lacroze,146.3,12,158.3,5,4,1,45,0,Excelente,Contrafrente,5,"parrilla, pileta, solarium, gimnasio, seguridad 24 h",2026-09-03,"Departamento de 5 ambientes en Belgrano, sobre Olazábal al 4100. Piso 5, con ascensor y balcón terraza de 12 m², todo al contrafrente, lo que garantiza mucha tranquilidad. La superficie cubierta es de 146 m², distribuidos en living comedor amplio, 4 dormitorios, cocina y un baño completo. El edificio tiene 45 años de antigüedad, con buena conservación general y seguridad las 24 horas. Además, cuenta con amenities destacados: pileta, solarium, gimnasio y parrilla para disfrutar en familia. Sin cochera. Una oportunidad única para quienes buscan espacio y calidad de vida en uno de los mejores barrios de la Capital.",true,"{""sintetico"": true, ""caso"": null, ""duplicado_de"": null}"
demo-a,demo-00341,https://demo-a.example/aviso/demo-00341,https://demo-a.example/aviso/demo-00341,Departamento 5 ambientes en Belgrano,528000,USD,286000,ARS,"Olazábal 4100, Piso 5","Belgrano, Capital Federal",Estudio Lacroze,147.6,12,159.6,5,4,1,,0,Excelente,,5,"parrilla, pileta, solarium, gimnasio, seguridad 24 h",2026-09-06,"Departamento de 5 ambientes en pleno Belgrano, sobre Olazábal al 4100, en una zona re linda y con todo cerca. Son 148 m² cubiertos más 12 m² de balcón/terraza, en piso 5, con una vista que se disfruta un montón. Está en excelente estado, listo para mudarse o para alquilar sin tener que hacerle nada. Tiene 4 dormitorios y 1 baño, pensado para una familia que busque comodidad y espacios amplios, con buena distribución y mucha luz natural.

El edificio cuenta con amenities de primera: pileta, solarium, gimnasio y parrilla, además de seguridad 24 horas, que se agradece siempre. No incluye cochera, pero por la zona no vas a tener problema para encontrar opciones cerca. Es una oportunidad muy interesante para los que quieren vivir en un barrio con identidad, cerca de plazas, colegios y medios de transporte. Ideal para los que buscan calidad de vida sin irse del centro porteño. Consultanos por esta unidad, la atención es personalizada.",true,"{""sintetico"": true, ""caso"": null, ""duplicado_de"": ""demo-00340""}"
demo-a,demo-00342,https://demo-a.example/aviso/demo-00342,https://demo-a.example/aviso/demo-00342,Departamento 2 ambientes en Palermo,236000,USD,248000,ARS,"Fitz Roy 3329, Piso 15","Palermo, Capital Federal",Estudio Lacroze,52.2,,52.2,2,1,1,,1,A Estrenar,,15,,2026-08-16,"Departamento de 2 ambientes y 1 dormitorio en pleno Palermo, sobre Fitz Roy al 3300. Son 52 m² cubiertos de un piso 15, con buena luz natural y una cochera incluida en el precio. Ideal para quienes buscan un dos ambientes bien ubicado, con la posibilidad de sumar un ambiente extra o un office según lo que necesites. La zona es de las más lindas de la ciudad, con movimiento todo el día, bares, restaurantes y verde a la vuelta, pero sin perder la tranquilidad que da un piso alto.

El departamento está pensado para ser funcional: el baño es completo y el living comedor se integra con la cocina, lo que lo hace muy cómodo para el día a día. Al no tener amenities, el gasto de expensas es más liviano, y la cochera suma un plus que en Palermo se agradece. Está a pasos de subte, colectivos y de los accesos principales, así que te moves rápido para cualquier lado. Una oportunidad concreta para estrenar o invertir en una de las zonas más buscadas de Buenos Aires.",true,"{""sintetico"": true, ""caso"": null, ""duplicado_de"": null}"
demo-a,demo-00343,https://demo-a.example/aviso/demo-00343,https://demo-a.example/aviso/demo-00343,Departamento 2 ambientes en Belgrano,96000,USD,510000,ARS,Olazábal 5431,"Belgrano, Capital Federal",Belgrano Brokers,42.5,8,50.5,,,,,,,,,,2026-08-10,"Excelente oportunidad en el corazón de Belgrano. Departamento de dos ambientes en Olazábal al 5400, con 42 m² cubiertos más un balcón terraza de 8 m². Es una unidad interna, pero con ascensor, lo que la hace muy práctica. Está en buen estado general, listo para habitar o para invertir. El living comedor es amplio y la cocina está separada; el dormitorio tiene buen placard y el baño completo. Sin cochera ni amenities, ideal para quien busca un dos ambientes clásico, bien ubicado, cerca de todo el barrio.",false,"{""sintetico"": true, ""caso"": null, ""duplicado_de"": null}"
demo-a,demo-00344,https://demo-a.example/aviso/demo-00344,https://demo-a.example/aviso/demo-00344,Departamento 2 ambientes en Belgrano,159000,USD,125000,ARS,"Ciudad de la Paz 3995, Piso 3","Belgrano, Capital Federal",Sur & Asociados,57.0,,57.0,2,1,1,,0,Muy Bueno,Contrafrente,3,"gimnasio, seguridad 24 h, parrilla",2026-07-07,"Departamento de 2 ambientes en Belgrano, sobre Ciudad de la Paz al 3900. Tiene 57 m² cubiertos, con un dormitorio y un baño, en muy buen estado. Es al contrafrente, lo que garantiza tranquilidad y buena luz natural. El edificio cuenta con seguridad 24 horas, gimnasio y parrilla para disfrutar sin salir de casa. Sin cochera, pero con excelente conectividad y todos los servicios cerca. Ideal para quienes buscan un hogar cómodo y bien ubicado en uno de los barrios más buscados de la ciudad.",true,"{""sintetico"": true, ""caso"": null, ""duplicado_de"": null}"
demo-b,demo-00345,https://demo-b.example/aviso/demo-00345,https://demo-b.example/aviso/demo-00345,Departamento 3 ambientes en Belgrano,280000,USD,177000,ARS,Virrey del Pino 4468,"Belgrano, Capital Federal",Mirador Propiedades,85.9,5,90.9,,,,,,,,,"seguridad 24 h, pileta, sum, solarium, gimnasio",2026-08-28,"Departamento de 3 ambientes en pleno Belgrano, al frente y con ascensor, sobre Virrey del Pino al 4400. Son 86 m² cubiertos más un balcón terraza de 5 m² que suma luz a los ambientes. A pesar de tener 60 años de antigüedad, se encuentra en excelente estado, listo para habitar sin grandes reformas. La distribución es clásica y funcional: dos dormitorios bien separados del living comedor, y un baño completo con revestimiento moderno.

El edificio ofrece seguridad 24 horas, pileta, sum, solarium y gimnasio, ideales para quienes buscan comodidad sin salir de casa. Al estar al frente, la luminosidad natural acompaña durante todo el día, y la altura del piso (sin especificar, pero con buena vista) suma amplitud visual. No incluye cochera, pero la zona tiene fácil acceso a transporte y comercios. Una oportunidad real para parejas o familias chicas que quieran vivir en uno de los barrios más buscados de la ciudad, con la tranquilidad de un edificio bien mantenido y con amenities que se disfrutan todo el año.",false,"{""sintetico"": true, ""caso"": null, ""duplicado_de"": null}"
demo-a,demo-00346,https://demo-a.example/aviso/demo-00346,https://demo-a.example/aviso/demo-00346,Departamento 5 ambientes en Belgrano,593000,USD,443000,ARS,"O'Higgins 2076, Piso 7","Belgrano, Capital Federal",Sur & Asociados,235.5,3,238.5,5,4,2,5,1,Bueno,Interno,7,"parrilla, sum, laundry, gimnasio, solarium",2026-06-18,"Departamento de 5 ambientes en pleno Belgrano, sobre la calle O’Higgins al 2000, en un edificio de 5 años de antigüedad. La unidad interna se destaca por su muy buen estado general, lista para habitar sin necesidad de refacciones. Con 236 m² cubiertos más un balcón terraza de 3 m², la distribución es amplia y luminosa, pensada para quienes buscan espacios cómodos y bien resueltos. Cuenta con 4 dormitorios, ideal para familia numerosa o para armar un home office con total privacidad, y 2 baños completos. 

El edificio ofrece amenities que se disfrutan sin salir de casa: parrilla para reuniones, SUM, laundry, gimnasio y solarium. Incluye cochera propia. La zona es de las más buscadas de la ciudad, con verde, colegios, subte y comercios a pocas cuadras. Una oportunidad concreta para inversores o para establecer la residencia definitiva en un barrio clásico y bien conectado.",true,"{""sintetico"": true, ""caso"": null, ""duplicado_de"": null}"
demo-b,demo-00347,https://demo-b.example/aviso/demo-00347,https://demo-b.example/aviso/demo-00347,Departamento 2 ambientes en Palermo,301000,USD,394000,ARS,"Ravignani 1485, Piso 3","Palermo, Capital Federal",Casa Nueva Negocios Inmobiliarios,46.4,8,54.4,2,1,1,,0,Excelente,Frente,3,"parrilla, gimnasio, solarium",2026-07-30,"Departamento de 2 ambientes en Ravignani al 1400, Palermo, piso 3 al frente. Con 46 m² cubiertos más un balcón terraza de 8 m², en excelente estado y muy luminoso. Cuenta con un dormitorio, un baño completo y cocina integrada al living. El edificio ofrece parrilla, gimnasio y solarium de uso común. Sin cochera. Ideal para quienes buscan un departamento moderno y funcional en una de las mejores zonas de Palermo, cerca de bares, comercios y parques.",true,"{""sintetico"": true, ""caso"": null, ""duplicado_de"": null}"
demo-a,demo-00348,https://demo-a.example/aviso/demo-00348,https://demo-a.example/aviso/demo-00348,Departamento 3 ambientes en Palermo,335000,USD,303000,ARS,"Soler 1544, Piso 2","Palermo, Capital Federal",Casa Nueva Negocios Inmobiliarios,74.0,,74.0,3,2,1,0,0,Muy Bueno,,2,"seguridad 24 h, solarium, pileta, sum, gimnasio",2026-08-17,"Departamento de tres ambientes a estrenar en pleno Palermo, sobre la calle Soler al 1500. Un piso 2 con 74 m² cubiertos que se recibe en muy buen estado, listo para habitar desde el primer día. La distribución es funcional: dos dormitorios bien separados del living comedor, y un baño completo con terminaciones modernas. La cocina, integrada al comedor diario, suma practicidad para el día a día.

El edificio cuenta con seguridad las 24 horas, lo que da tranquilidad total, y en la terraza compartida hay un solarium con pileta, un SUM para reuniones y un gimnasio equipado para no salir de casa. Ideal para parejas o para quien busque un departamento versátil en una zona llena de vida, con bares, restaurantes y subtes cerca. Sin cochera, pero con todo lo demás al alcance. Una oportunidad real para entrar a vivir en una de las mejores ubicaciones de la ciudad.",true,"{""sintetico"": true, ""caso"": null, ""duplicado_de"": null}"
demo-b,demo-00349,https://demo-b.example/aviso/demo-00349,https://demo-b.example/aviso/demo-00349,Departamento 1 ambientes en Palermo,264000,USD,354000,ARS,Malabia 2480,"Palermo, Capital Federal",Inmobiliaria del Parque,42.4,6.0,48.4,,,,,,,,,seguridad 24 h,2026-07-20,"Departamento de 1 ambiente en Palermo, sobre Malabia al 2400. Con 42 m² cubiertos más un balcón terraza de 6 m², este piso 1 ofrece un espacio bien aprovechado y luminoso. Cuenta con baño completo y la seguridad de 24 horas que brinda el edificio, de solo 2 años de antigüedad. Ideal para quienes buscan un primer hogar o una inversión en una de las mejores zonas de la Ciudad. Sin cochera, pero con todos los servicios y la vida de barrio a la vuelta de la esquina.",false,"{""sintetico"": true, ""caso"": null, ""duplicado_de"": null}"
demo-a,demo-00350,https://demo-a.example/aviso/demo-00350,https://demo-a.example/aviso/demo-00350,Departamento 2 ambientes en Belgrano,142000,USD,,,"Sucre 1976, Piso 1","Belgrano, Capital Federal",Mirador Propiedades,53.8,,53.8,2,1,1,,0,Excelente,,1,"seguridad 24 h, pileta, laundry",2026-06-29,"Departamento de dos ambientes en pleno Belgrano, sobre Sucre al 1900, en una zona llena de verde y con todo el movimiento comercial y cultural del barrio. Se destaca por su **excelente estado**, listo para que lo disfrutes tal cual, con una distribución muy bien pensada que aprovecha cada metro de sus 54 metros cuadrados cubiertos. Al estar en **piso 1**, tiene esa vista particular de las copas de los árboles que tanto se valora en la ciudad.

El edificio ofrece amenities que suman mucha calidad de vida: pileta para escapar del calor, laundry para despreocuparte de las tareas del hogar y seguridad 24 horas que te da tranquilidad absoluta. Es el refugio perfecto para una pareja o para quien busca un hogar eficiente y bien ubicado, a pasos de los principales medios de transporte y de los bares y restaurantes que hacen famoso al barrio.

Sin dudas, una oportunidad concreta para vivir en una de las zonas más lindas de la ciudad, con todo lo necesario al alcance de la mano y en una propiedad impecable. Ideal para comprar y mudarse sin vueltas, o para sumarla como inversión en un punto estratégico de la Ciudad de Buenos Aires.",true,"{""sintetico"": true, ""caso"": null, ""duplicado_de"": null}"
demo-b,demo-00351,https://demo-b.example/aviso/demo-00351,https://demo-b.example/aviso/demo-00351,Departamento 2 ambientes en Belgrano,139000,USD,,,"Sucre 1900, Piso 1","Belgrano, Capital Federal",Estudio Lacroze,51.8,,51.8,2,1,1,,0,Excelente,,1,"seguridad 24 h, pileta, laundry",2026-06-26,"Departamento de 2 ambientes en Belgrano, sobre Sucre al 1900, en impecable estado. Con 52 m² cubiertos, cuenta con living-comedor, un dormitorio y un baño completo. El edificio ofrece seguridad las 24 horas, pileta y laundry, ideales para disfrutar sin salir de casa. Sin cochera, pero con buena conectividad y cerca de todos los servicios del barrio. Una oportunidad para quienes buscan calidad de vida en una zona residencial, con espacios bien cuidados y en excelente estado.",true,"{""sintetico"": true, ""caso"": null, ""duplicado_de"": ""demo-00350""}"
demo-a,demo-00352,https://demo-a.example/aviso/demo-00352,https://demo-a.example/aviso/demo-00352,Departamento 4 ambientes en Belgrano,273000,USD,345000,ARS,Migueletes 4671,"Belgrano, Capital Federal",Mirador Propiedades,101.2,8,109.2,,,,,,,,,"sum, laundry, parrilla",2026-06-30,"Departamento de 4 ambientes al frente en pleno Belgrano, sobre Migueletes al 4600. Son 101 m² cubiertos más 8 m² de balcón/terraza, ideales para quienes buscan luz durante todo el día. La distribución es clásica, con living comedor amplio y ventanales que dan a la calle, 3 dormitorios bien logrados y 3 baños, lo que lo hace muy cómodo para una familia o para quien precise espacios diferenciados sin perder el perfil de hogar.

El edificio cuenta con sum, laundry y parrilla, todo a nuevo y listo para disfrutar. Si bien no tiene cochera, la ubicación compensa con creces: estás a metros de los bosques de Palermo, a unas cuadras de las barrancas de Belgrano y con un nudo de transporte que te saca a cualquier lado. Es un piso alto, luminoso y con buena vista, perfecto para el que valora la zona sin resignar comodidades. Una oportunidad real para hacer una muy buena operación en uno de los barrios más lindos de la ciudad.",false,"{""sintetico"": true, ""caso"": null, ""duplicado_de"": null}"
demo-b,demo-00353,https://demo-b.example/aviso/demo-00353,https://demo-b.example/aviso/demo-00353,Departamento 3 ambientes en Belgrano,295000,USD,,,Ciudad de la Paz 2591,"Belgrano, Capital Federal",Belgrano Brokers,96.8,12,108.8,,,,,,,,,"seguridad 24 h, parrilla, laundry",2026-07-25,"Departamento a estrenar en el corazón de Belgrano, sobre Ciudad de la Paz al 2500, en un edificio con seguridad 24 horas y amenities de primer nivel. Se trata de una unidad al contrafrente, lo que garantiza la máxima tranquilidad, desarrollada en el piso 1 con 97 m² cubiertos más una terraza balcón de 12 m². La distribución es impecable: 3 ambientes (living comedor amplio, 2 dormitorios y un baño completo), pensados para vivir cómodo desde el primer día.

Al ser un emprendimiento en construcción, podés personalizar los detalles de tu futuro hogar. Las fotos corresponden al modelo de referencia, no al unidad exacta. La entrega estimada es para el año próximo, así que es el momento ideal para sumarse a una propiedad que se destaca por su ubicación estratégica, cerca de verde, comercios y colegios. El edificio cuenta con parrilla y laundry, perfecto para el día a día sin preocupaciones. Una oportunidad única para estrenar en una de las zonas más buscadas de la ciudad, con la seguridad de un proyecto de calidad.",false,"{""sintetico"": true, ""caso"": ""pozo"", ""duplicado_de"": null}"
demo-b,demo-00354,https://demo-b.example/aviso/demo-00354,https://demo-b.example/aviso/demo-00354,Departamento 3 ambientes en Belgrano,214000,USD,495000,ARS,"Blanco Encalada 2578, Piso 7","Belgrano, Capital Federal",Norte Propiedades,82.4,3,85.4,3,2,1,60,1,Bueno,Contrafrente,7,,2026-06-20,"Departamento de 3 ambientes en pleno Belgrano, a pasos de Blanco Encalada al 2500. Son 82 m² cubiertos más un balcón de 3 m² que suma luz al living, ideal para quienes buscan un dos dormitorios bien distribuido, con baño completo y cocina independiente. Está en un piso 7 con ascensor, al contrafrente, así que se duerme con una tranquilidad que acá en el barrio se agradece; la vista despejada y la orientación ayudan a que el sol entre en los ambientes principales.

La propiedad tiene 60 años de antigüedad, de esas construcciones con buena presencia y metros que se aprovechan al máximo, sin desperdicio. Incluye cochera propia, un lujo en la zona, y si bien el edificio no tiene amenities, la ubicación compensa con creces: cerca de los bosques de Palermo, subte, colectivos y los comercios de la avenida. Es un piso para vivir en serio, para hacerle algunos retoques a nuevo o simplemente disfrutar tal cual está. Ideal para pareja o inversores que quieran un dos ambientes de verdad, con balcón y sin ruidos de avenida. Consultá por la visita, se atiende sin vueltas.",true,"{""sintetico"": true, ""caso"": null, ""duplicado_de"": null}"
demo-a,demo-00355,https://demo-a.example/aviso/demo-00355,https://demo-a.example/aviso/demo-00355,Departamento 2 ambientes en Belgrano,103000,USD,,,Montañeses 2771,"Belgrano, Capital Federal",Casa Nueva Negocios Inmobiliarios,33.4,,33.4,,,,,,,,,gimnasio,2026-08-09,"Departamento de 2 ambientes en excelente estado, ubicado en Montañeses al 2700, pleno corazón de Belgrano. Se trata de un piso 3 con una distribución muy bien aprovechada: living comedor integrado, un dormitorio cómodo y un baño completo. La superficie cubierta es de 33 m², ideal para quienes buscan un espacio funcional y moderno sin perder estilo.

El edificio cuenta con gimnasio, un plus para mantener la rutina sin moverte de tu casa. Al estar en una zona consolidada, vas a tener cerca todos los servicios, bares, restaurantes y medios de transporte que necesitás para moverte por la ciudad. Es una gran oportunidad tanto para invertir como para estrenar un hogar con buena energía. La propiedad se entrega en excelente estado, lista para habitar. Consultanos por visitas, te va a encantar.",false,"{""sintetico"": true, ""caso"": null, ""duplicado_de"": null}"
demo-a,demo-00356,https://demo-a.example/aviso/demo-00356,https://demo-a.example/aviso/demo-00356,Departamento 2 ambientes en Palermo,254000,USD,401000,ARS,"Gorriti 5894, Piso 8","Palermo, Capital Federal",Belgrano Brokers,55.6,,55.6,2,1,1,8,0,Muy Bueno,,8,"seguridad 24 h, gimnasio, sum, parrilla, pileta",2026-08-05,"Departamento de dos ambientes en pleno Palermo, sobre Gorriti al 5800, a estrenar de impecable conservación. Se trata de una unidad en **muy buen estado**, ubicada en un **piso 8** **con ascensor** y con una **antigüedad de 8 años**, lo que garantiza la calidad constructiva de un edificio joven. La distribución es funcional: living comedor amplio y luminoso, cocina integrada con pasada a la zona de comedor, dormitorio con placar y baño completo en mármol. La superficie cubierta es de 56 m², bien aprovechados.

El edificio ofrece amenities de nivel: seguridad las 24 horas, gimnasio equipado, SUM para eventos, parrilla y una pileta con solárium ideal para disfrutar durante todo el año. Al estar en un piso alto, la vista es despejada y el ambiente es silencioso, perfecto para quienes buscan comodidad sin resignar ubicación. A pasos de avenidas principales, bares, restaurantes y subtes, es una oportunidad ideal tanto para vivir como para invertir. Sin cochera, pero con la posibilidad de alquilar un lugar en la zona. Consultas al WhatsApp.",true,"{""sintetico"": true, ""caso"": null, ""duplicado_de"": null}"
demo-a,demo-00357,https://demo-a.example/aviso/demo-00357,https://demo-a.example/aviso/demo-00357,Departamento 4 ambientes en Palermo,526000,USD,,,"Darregueyra 390, Piso 6","Palermo, Capital Federal",Mirador Propiedades,146.0,3,149.0,4,3,2,,0,Excelente,Contrafrente,6,"parrilla, seguridad 24 h, gimnasio",2026-05-09,"En Darregueyra al 300, pleno Palermo, te presentamos un departamento de 4 ambientes en el piso 6 con ascensor. Cuenta con 3 dormitorios, 2 baños y una superficie cubierta de 146 m², más un balcón/terraza de 3 m². Al estar orientado al contrafrente, goza de una tranquilidad difícil de encontrar en la zona. El edificio ofrece parrilla, gimnasio y seguridad las 24 horas, ideales para quienes buscan comodidad y buen vivir sin renunciar a la ubicación. Sin cochera, pero con todos los servicios y la onda de Palermo a la vuelta de la esquina.",true,"{""sintetico"": true, ""caso"": null, ""duplicado_de"": null}"
demo-b,demo-00358,https://demo-b.example/aviso/demo-00358,https://demo-b.example/aviso/demo-00358,Departamento 4 ambientes en Palermo,442000,USD,225000,ARS,Guatemala 4046,"Palermo, Capital Federal",Grupo Arcos,127.3,,127.3,4,3,2,,0,Excelente,,12,parrilla,2026-09-10,"Departamento en venta en Palermo, sobre la calle Guatemala al 4000. Se trata de un piso de 4 ambientes con 3 dormitorios y 2 baños, todo en excelente estado. Con 127 metros cuadrados cubiertos, la distribución es muy funcional: un amplio living comedor, cocina independiente, y los dormitorios son espaciosos. El edificio cuenta con ascensor, lo que suma comodidad. Además, el departamento tiene parrilla, ideal para disfrutar con amigos o en familia. Sin cochera, pero en una zona con buena oferta de estacionamiento y todos los servicios a mano. Una oportunidad para quienes buscan un departamento bien ubicado",true,"{""sintetico"": true, ""caso"": null, ""duplicado_de"": null}"
demo-a,demo-00359,https://demo-a.example/aviso/demo-00359,https://demo-a.example/aviso/demo-00359,Departamento 3 ambientes en Palermo,284000,USD,,,"Ravignani 3483, Piso 2","Palermo, Capital Federal",Inmobiliaria del Parque,63.6,12,75.6,3,2,1,60,0,Bueno,,2,"solarium, seguridad 24 h, pileta",2026-08-18,"Departamento de 3 ambientes en pleno Palermo, sobre Ravignani al 3400, con una distribución clásica y bien aprovechada. Son 64 m² cubiertos más 12 m² de balcón/terraza, ideal para disfrutar al aire libre sin salir de casa. Está en piso 2, sin ascensor, así que es de esos edificios con poca densidad de vecinos y un aire bien de barrio. Tiene 2 dormitorios, un baño completo y un living comedor amplio que da al frente.

El edificio tiene 60 años de antigüedad, pero cuenta con amenities que se agradecen: solarium para tomar sol, pileta para los días de calor y seguridad 24 hs. No incluye cochera, pero en la zona se consigue fácil para alquilar. La ubicación es inmejorable, a metros de parques, bares y medios de transporte. Una oportunidad para quienes buscan un dos ambientes con patio o un tres ambientes canchero en una de las mejores zonas de la ciudad.",true,"{""sintetico"": true, ""caso"": null, ""duplicado_de"": null}"
demo-b,demo-00360,https://demo-b.example/aviso/demo-00360,https://demo-b.example/aviso/demo-00360,Departamento 3 ambientes en Palermo,282000,USD,,,"Ravignani 3400, Piso 2","Palermo, Capital Federal",Belgrano Brokers,63.7,12,75.7,3,2,1,60,0,Bueno,,2,"solarium, seguridad 24 h, pileta",2026-08-27,"Departamento de 3 ambientes en pleno Palermo, sobre la calle Ravignani al 3400. Son 64 m2 cubiertos más 12 m2 de balcón terraza, con buen estado general y una distribución clásica que permite aprovechar cada rincón. Al ser sin ascensor, es de esos edificios bajos con mucho encanto barrial, de los que se consiguen pocos en la zona. Tiene dos dormitorios, un baño completo y un living comedor bien amplio que da al exterior. Sin cochera, pero con la suerte de contar con pileta, solarium y seguridad 24 hs para sumar tranquilidad en el día a día.

La propiedad, de 60 años de antigüedad, está para entrar a vivir o para ponerle el toque justo y dejarla a nuevo. El edificio es chico, de los de antes, con mucha onda y vecinos de toda la vida. Está a pasos de los bares, plazas y el movimiento de Palermo, pero en una cuadra tranquila que invita a descansar. Ideal para pareja o para quien busca rentabilidad en alquiler temporario por la ubicación. Un dos ambientes con espada, pero acá tenés tres. Consultá sin compromiso, la visita vale la pena.",true,"{""sintetico"": true, ""caso"": null, ""duplicado_de"": ""demo-00359""}"
demo-b,demo-00361,https://demo-b.example/aviso/demo-00361,https://demo-b.example/aviso/demo-00361,Departamento 1 ambientes en Belgrano,143000,USD,214000,ARS,Juramento 438,"Belgrano, Capital Federal",Belgrano Brokers,36.9,2.5,39.4,,,,,,,,,"laundry, sum",2026-04-13,"Departamento de un ambiente al frente en pleno Belgrano, sobre Juramento al 400, a metros de la vida comercial y los medios de transporte. Se destaca por su excelente estado y su luminosidad constante, gracias a que da a la calle. La unidad cuenta con 37 m² cubiertos más un balcón/terraza de 2 m², ideal para desayunar o tomar aire sin salir de casa.

El baño es completo y el layout está muy bien aprovechado para que cada metro rinda. El edificio ofrece laundry y sum, perfecto para quienes buscan servicios sin pagar expensas extra por amenities que no usan. Sin cochera, pero con la ventaja de estar en una zona donde no hace falta el auto para nada. Una oportunidad concreta para inversores o para quien quiera mudarse a un barrio con identidad, cerca de parques, bares y subte. Consultas sin compromiso.",false,"{""sintetico"": true, ""caso"": null, ""duplicado_de"": null}"
demo-a,demo-00362,https://demo-a.example/aviso/demo-00362,https://demo-a.example/aviso/demo-00362,Departamento 2 ambientes en Palermo,238000,USD,399000,ARS,"Uriarte 951, Piso 1","Palermo, Capital Federal",Casa Nueva Negocios Inmobiliarios,46.5,12,58.5,2,1,1,5,0,Muy Bueno,Contrafrente,1,,2026-09-03,"Departamento de 2 ambientes en Palermo, sobre Uriarte al 900, en excelente zona. Está en piso 1 con ascensor, al contrafrente, lo que garantiza mucha tranquilidad. Tiene 46 m² cubiertos más un balcón terraza de 12 m², ideal para disfrutar al aire libre. El inmueble tiene 5 años de antigüedad y se encuentra en muy buen estado, listo para habitar. Cuenta con un dormitorio, un baño completo y un living comedor amplio que se integra con la cocina. Sin cochera ni amenities, pero con todos los servicios cerca. Una oportunidad única para vivir en el corazón de Palermo.",true,"{""sintetico"": true, ""caso"": null, ""duplicado_de"": null}"
demo-a,demo-00363,https://demo-a.example/aviso/demo-00363,https://demo-a.example/aviso/demo-00363,Departamento 2 ambientes en Belgrano,172000,USD,142000,ARS,O'Higgins 5273,"Belgrano, Capital Federal",Inmobiliaria del Parque,41.8,,41.8,,,,,,,,,pileta,2026-07-13,"Departamento a estrenar en el corazón de Belgrano, sobre la calle O'Higgins al 5200. Se trata de un luminoso y funcional dos ambientes (con 1 dormitorio y 1 baño completo) de 42 m² cubiertos, pensado para quien busca sumarse a una zona con todo el barrio a la vuelta de la esquina. Al estar en un piso 6 y al contrafrente, vas a tener mucha tranquilidad y una muy buena vista, lejos del ruido de la avenida.

El edificio cuenta con pileta para disfrutar en los días de calor y, por supuesto, con ascensor para que llegues cómodo a tu departamento. Es un emprendimiento en construcción, así que las fotos que ves son del modelo, con una entrega estimada para muy pronto. Una oportunidad ideal para invertir o estrenar tu primera propiedad en una de las zonas más lindas de CABA, con todos los servicios y medios de transporte a pocos metros.",false,"{""sintetico"": true, ""caso"": ""pozo"", ""duplicado_de"": null}"
demo-a,demo-00364,https://demo-a.example/aviso/demo-00364,https://demo-a.example/aviso/demo-00364,Departamento 4 ambientes en Palermo,418000,USD,245000,ARS,"Serrano 668, Piso 3","Palermo, Capital Federal",Grupo Arcos,116.3,12,128.3,4,3,2,,0,Muy Bueno,Contrafrente,3,,2026-05-29,"Departamento de 4 ambientes en pleno Palermo, sobre Serrano al 600, una de las zonas más lindas para vivir en Buenos Aires. Está en piso 3 con ascensor, al contrafrente, así que el descanso y el silencio están asegurados. Son 116 m² cubiertos más 12 m² de balcón/terraza que se disfrutan un montón, con muy buen estado en general, listo para que le pongas tu impronta.

Tiene 3 dormitorios y 2 baños, una distribución clásica y bien aprovechada, con espacios amplios y luminosos que no se sienten para nada apretados. Al estar orientado al contrafrente, la única cama de los ruidos de la calle no va a ser un problema, y la tranquilidad del edificio se nota. No incluye cochera, pero en Palermo no la vas a precisar: tenés de todo a la vuelta, bares, plazas y subte cerca. Ideal para parejas o familias que buscan un departamento canchero, sin amenities ni gastos extra al pedo.",true,"{""sintetico"": true, ""caso"": null, ""duplicado_de"": null}"
demo-a,demo-00365,https://demo-a.example/aviso/demo-00365,https://demo-a.example/aviso/demo-00365,Departamento 2 ambientes en Palermo,188000,USD,418000,ARS,"Juncal 5603, Piso 3","Palermo, Capital Federal",Belgrano Brokers,42.1,3,45.1,2,1,1,,0,Excelente,Frente,3,"solarium, pileta, parrilla",2026-05-29,"Departamento de 2 ambientes en Palermo, sobre Juncal al 5600, en excelente estado. Es al frente y está en piso 3, con una muy buena distribución que aprovecha los 42 m² cubiertos más un balcón terraza de 3 m² ideal para sumar un espacio al aire libre. El living comedor es amplio y luminoso, la cocina está integrada, el dormitorio tiene buena dimensión y el baño completo está bien resuelto. El edificio cuenta con solarium, pileta y parrilla, perfecto para disfrutar los días de calor o juntarse con amigos. Sin cochera, pero la zona tiene todos los servicios a mano, bares, restaurantes y transporte. Una oportunidad para quienes buscan un dos ambientes bien ubicado, con amenities y en condiciones impecables para entrar a vivir.",true,"{""sintetico"": true, ""caso"": null, ""duplicado_de"": null}"
demo-b,demo-00366,https://demo-b.example/aviso/demo-00366,https://demo-b.example/aviso/demo-00366,Departamento 2 ambientes en Palermo,192000,USD,418000,ARS,"Juncal 5600, Piso 3","Palermo, Capital Federal",Estudio Lacroze,43.1,3,46.1,2,1,1,,0,Excelente,Frente,3,"solarium, pileta, parrilla",2026-05-20,"Departamento de dos ambientes en el corazón de Palermo, sobre Juncal al 5600, al frente y en excelente estado. Con 43 metros cuadrados cubiertos más un balcón terraza de 3 metros, ideal para quienes buscan luminosidad y buena distribución. Cuenta con un dormitorio, un baño completo y una cocina integrada al living comedor que maximiza el espacio. El edificio ofrece solarium, pileta y parrilla para disfrutar los días de calor o las reuniones con amigos, todo sin necesidad de salir de casa. Sin cochera, pero con todos los servicios y la vida de barrio a la vuelta de la esquina. Una oportunidad concreta para vivir en una de las zonas más buscadas de la Ciudad.",true,"{""sintetico"": true, ""caso"": null, ""duplicado_de"": ""demo-00365""}"
demo-a,demo-00367,https://demo-a.example/aviso/demo-00367,https://demo-a.example/aviso/demo-00367,Departamento 4 ambientes en Palermo,477000,USD,483000,ARS,"Fitz Roy 649, Piso 8","Palermo, Capital Federal",Casa Nueva Negocios Inmobiliarios,100.0,8,108.0,4,3,2,,0,A Estrenar,,8,"solarium, seguridad 24 h, sum, gimnasio, laundry",2026-08-25,"Departamento a estrenar en el corazón de Palermo, sobre Fitz Roy al 600. Son 4 ambientes distribuidos en 3 dormitorios y 2 baños, con 100 m² cubiertos más un balcón terraza de 8 m² ideal para sumar un espacio exterior. El edificio cuenta con ascensor y ofrece amenities completos: solarium, gimnasio, SUM y laundry, además de seguridad las 24 horas. Una excelente oportunidad para quienes buscan calidad de vida en una de las zonas más buscadas de la ciudad, con todos los servicios y la movida de Palermo a la vuelta de la esquina. Sin cochera.",true,"{""sintetico"": true, ""caso"": null, ""duplicado_de"": null}"
demo-a,demo-00368,https://demo-a.example/aviso/demo-00368,https://demo-a.example/aviso/demo-00368,Departamento 4 ambientes en Palermo,436000,USD,491000,ARS,"Bonpland 1496, Piso 4","Palermo, Capital Federal",Mirador Propiedades,122.0,5,127.0,4,3,3,70,0,Excelente,Lateral,4,"seguridad 24 h, sum, solarium",2026-06-24,"Departamento de 4 ambientes en pleno Palermo, sobre Bonpland al 1400, una de las zonas más lindas para vivir en la ciudad. Son 122 m² cubiertos más un balcón terraza de 5 m² que suma luz y aire, con una agradable orientación lateral que la hace muy tranquila. Está en un piso 4, ideal para despegarse del ruido de la calle sin perder la onda del barrio, con seguridad 24 horas para que estés con total confianza.

El edificio tiene 70 años de antigüedad, así que hablamos de un inmueble con personalidad y buena construcción, con los amenities que se agradecen hoy en día: SUM para juntadas y un solarium para tomar sol sin moverte de casa. Son 3 dormitorios y 3 baños, así que rinde un montón como vivienda familiar o incluso para alquilar por ambiente. No tiene cochera, pero en Palermo te manejás caminando o en bondi a todos lados. Una oportunidad interesante para los que buscan un lugar con historia y buena ubicación.",true,"{""sintetico"": true, ""caso"": null, ""duplicado_de"": null}"
demo-a,demo-00369,https://demo-a.example/aviso/demo-00369,https://demo-a.example/aviso/demo-00369,Departamento 5 ambientes en Palermo,1071000,USD,338000,ARS,"Arenales 3912, Piso 12","Palermo, Capital Federal",Sur & Asociados,198.5,,198.5,5,4,1,,0,A Estrenar,Frente,12,,2026-05-16,"Departamento a estrenar en Palermo, sobre Arenales al 3900, en un piso 12 al frente que te regala una vista increíble y una luminosidad que no se consigue en cualquier lado. Son 198 metros cuadrados cubiertos con una distribución muy bien pensada: cinco ambientes, cuatro dormitorios y un baño completo, ideal para quien busca espacios amplios y funcionales sin perder calidez. Al ser a estrenar, todos los terminaciones y detalles están impecables, pensados para que te mudes y disfrutes desde el día uno. Sin cochera ni amenities, pero con la ventaja de estar en una zona que lo tiene todo a la vuelta: bares, tiendas, subte y la tranquilidad de un barrio que nunca para de crecer. Un piso único para armar tu hogar con ese estilo porteño que tanto te gusta.",true,"{""sintetico"": true, ""caso"": null, ""duplicado_de"": null}"
demo-a,demo-00370,https://demo-a.example/aviso/demo-00370,https://demo-a.example/aviso/demo-00370,Departamento 1 ambientes en Belgrano,105000,USD,214000,ARS,"Juramento 4993, Piso 15","Belgrano, Capital Federal",Inmobiliaria del Parque,34.8,,34.8,1,0,1,,0,Muy Bueno,,15,gimnasio,2026-05-29,"Departamento de 1 ambiente en el corazón de Belgrano, sobre la calle Juramento al 4900. Con 35 metros cuadrados cubiertos, este inmueble se encuentra en **muy buen estado** y ofrece todo lo necesario para quienes buscan un espacio funcional y bien ubicado. El ambiente es amplio y cuenta con un baño completo; la cocina está integrada de forma práctica. El edificio dispone de gimnasio, ideal para mantener la rutina sin salir de casa.

La zona es inmejorable, con todos los servicios a la vuelta de la esquina, locales comerciales y excelente conectividad. Sin cochera, pero con fácil acceso a transporte público. Una oportunidad para invertir o para vivir en uno de los barrios más buscados de la Ciudad. Consultá por visitas.",true,"{""sintetico"": true, ""caso"": null, ""duplicado_de"": null}"
demo-a,demo-00371,https://demo-a.example/aviso/demo-00371,https://demo-a.example/aviso/demo-00371,Departamento 2 ambientes en Belgrano,143000,USD,,,Amenábar 4738,"Belgrano, Capital Federal",Inmobiliaria del Parque,48.2,,48.2,2,1,1,12,0,Muy Bueno,Frente,9,"parrilla, pileta, solarium, laundry, sum",2026-06-07,"Departamento de 2 ambientes al frente, piso 9, en el corazón de Belgrano, sobre Amenábar al 4700. Son 48 m² cubiertos bien distribuidos: living comedor con ventanal a la calle, un dormitorio con buena luz, y baño completo. La zona es de lo más buscada, llena de verde, bares y medios de transporte, ideal para quien quiere mudarse a un barrio con vida y a la vez tranquilo.

El edificio tiene 12 años de antigüedad y ofrece amenities que se disfrutan de verdad: pileta, parrilla, solarium, laundry y un SUM para eventos. Todo listo para habitar, sin vueltas de obra ni reformas grandes. No incluye cochera, pero en la cuadra hay opciones de alquiler y no es problema porque la conexión con el subte y los colectivos es excelente. Una oportunidad para comprar un dos ambientes con todas las comodidades y un lindo balcón para despegarse del ruido. Consultá por visitas.",true,"{""sintetico"": true, ""caso"": null, ""duplicado_de"": null}"
demo-b,demo-00372,https://demo-b.example/aviso/demo-00372,https://demo-b.example/aviso/demo-00372,Departamento 2 ambientes en Belgrano,144000,USD,,,Amenábar 4700,"Belgrano, Capital Federal",Grupo Arcos,50.1,,50.1,2,1,1,,0,Muy Bueno,Frente,9,"parrilla, pileta, solarium, laundry, sum",2026-06-06,"Departamento de 2 ambientes en pleno Belgrano, a pasos de todo. Muy buen estado, al frente y con ascensor, sobre una calle arbolada como Amenábar al 4700. Son 50 m² cubiertos bien aprovechados: living comedor amplio y luminoso, un dormitorio con buena ventana y un baño completo. La cocina es independiente y tiene espacio para mesa de comedor diario.

El edificio cuenta con amenities que se disfrutan de verdad: pileta para los días de calor, solarium para tomar sol sin salir de casa, parrilla para juntadas, laundry y un sum de usos múltiples para recibir gente. Todo eso en un piso de departamento clásico de Belgrano, con ese aire de barrio pero con la practicidad de tener todo cerca. Ideal para pareja o para quien busca un primer monoambiente con más aire, o incluso para inversor que quiera algo seguro. La zona es de las mejores: llena de bares, subte y verde cerca. Una oportunidad concreta para mudarse a un lugar con servicios y calidad de vida, sin tener que pensar en el auto (no incluye cochera). Consultá por este desarrollo, se ve que está bien cuidado y listo para habitar.",true,"{""sintetico"": true, ""caso"": null, ""duplicado_de"": ""demo-00371""}"
demo-a,demo-00373,https://demo-a.example/aviso/demo-00373,https://demo-a.example/aviso/demo-00373,Departamento 4 ambientes en Palermo,473000,USD,243000,ARS,Cabello 3118,"Palermo, Capital Federal",Estudio Lacroze,118.6,8,126.6,,,,,,,,,"gimnasio, sum",2026-07-27,"Departamento de 4 ambientes en el corazón de Palermo, sobre la calle Cabello al 3100. Con 119 m² cubiertos más 8 m² de balcón/terraza, este inmueble al frente se destaca por su excelente estado y su distribución funcional: tres dormitorios, dos baños y un amplio living-comedor. El edificio cuenta con gimnasio y SUM, ideales para complementar el día a día sin salir de casa. Una oportunidad única para vivir en una de las zonas más buscadas de la Ciudad.",false,"{""sintetico"": true, ""caso"": null, ""duplicado_de"": null}"
demo-a,demo-00374,https://demo-a.example/aviso/demo-00374,https://demo-a.example/aviso/demo-00374,Departamento 4 ambientes en Palermo,696000,USD,256000,ARS,"Serrano 3098, Piso 1","Palermo, Capital Federal",Grupo Arcos,157.8,,157.8,4,3,2,25,0,Excelente,,1,"sum, parrilla, laundry",2026-08-03,"Departamento de 4 ambientes en pleno Palermo, sobre la calle Serrano al 3000. Son 158 m² cubiertos distribuidos en un living comedor amplio, tres dormitorios y dos baños completos. La propiedad tiene 25 años de antigüedad y se encuentra en excelente estado, listo para habitar sin necesidad de reformas. El edificio cuenta con SUM, parrilla y laundry, ideales para disfrutar en familia o con amigos. Sin cochera, pero con fácil acceso a transporte y a toda la movida del barrio. Una oportunidad con buena luminosidad y distribución funcional, pensada para quienes buscan espacio y comodidad en una de las zonas más buscadas de la Ciudad.",true,"{""sintetico"": true, ""caso"": null, ""duplicado_de"": null}"
demo-b,demo-00375,https://demo-b.example/aviso/demo-00375,https://demo-b.example/aviso/demo-00375,Departamento 3 ambientes en Belgrano,210000,USD,,,Sucre 1606,"Belgrano, Capital Federal",Casa Nueva Negocios Inmobiliarios,60.6,,60.6,,,,,,,,,"seguridad 24 h, pileta",2026-08-29,"Departamento en Belgrano, Sucre al 1600, piso 7. Con 61 m² cubiertos, cuenta con dos dormitorios, un baño completo y un living comedor de muy buena proporción. Se destaca por su muy buen estado general, considerando sus 45 años de antigüedad, con terminaciones que se mantienen cuidadas y una distribución funcional. Incluye cochera propia y acceso a seguridad las 24 horas, además de pileta para disfrutar en los meses de calor. La ubicación es inmejorable, sobre una avenida clave con todos los servicios a mano, cerca de subte y varios colectivos. Ideal para quienes buscan un piso luminoso en un edificio clásico de la zona, sin renunciar a las comodidades actuales.",false,"{""sintetico"": true, ""caso"": null, ""duplicado_de"": null}"
demo-a,demo-00376,https://demo-a.example/aviso/demo-00376,https://demo-a.example/aviso/demo-00376,Departamento 3 ambientes en Palermo,360000,USD,241000,ARS,"Serrano 3354, Piso 4","Palermo, Capital Federal",Norte Propiedades,74.0,,74.0,3,2,1,30,0,Excelente,,4,,2026-07-16,"Departamento de 3 ambientes en el corazón de Palermo, sobre la calle Serrano al 3300. Son 74 m² de superficie cubierta muy bien aprovechados, en piso 4. El edificio tiene 30 años de antigüedad, pero la unidad está en excelente estado, lista para habitar. Se trata de un dos dormitorios con un baño completo, pensado para quien busca comodidad sin resignar ubicación.

La zona es inmejorable, con toda la oferta comercial y de transporte a pocos metros. Al no tener cochera ni amenities, el gasto mensual se vuelve mucho más liviano, algo que se agradece. Es una oportunidad concreta para quien quiera vivir en uno de los barrios más buscados de la ciudad, con la practicidad de un 3 ambientes clásico y bien distribuido. Ideal como primera vivienda o para mudarse sin pensar en grandes reformas.",true,"{""sintetico"": true, ""caso"": null, ""duplicado_de"": null}"
demo-a,demo-00377,https://demo-a.example/aviso/demo-00377,https://demo-a.example/aviso/demo-00377,Departamento 5 ambientes en Palermo,518000,USD,335000,ARS,Gorriti 1947,"Palermo, Capital Federal",Inmobiliaria del Parque,186.1,,186.1,5,4,3,50,0,Excelente,,10,pileta,2026-07-12,"Departamento de 5 ambientes en Gorriti al 1900, Palermo. Piso 10 con ascensor, 186 m² cubiertos, 4 dormitorios y 3 baños. El edificio tiene 50 años de antigüedad pero el departamento está en excelente estado, listo para habitar. Cuenta con pileta en el complejo, ideal para disfrutar del verano. Sin cochera. Una oportunidad única en una de las zonas más buscadas de la ciudad.",true,"{""sintetico"": true, ""caso"": null, ""duplicado_de"": null}"
demo-a,demo-00378,https://demo-a.example/aviso/demo-00378,https://demo-a.example/aviso/demo-00378,Departamento 1 ambientes en Belgrano,99000,USD,428000,ARS,"Olazábal 5725, Piso 2","Belgrano, Capital Federal",Belgrano Brokers,36.4,1.5,37.9,1,0,1,2,0,Bueno,,2,"seguridad 24 h, solarium, sum",2026-09-01,"Departamento de un ambiente en el corazón de Belgrano, sobre Olazábal al 5700. En el piso 2 de un edificio con seguridad 24 horas, y lo mejor: sin ascensor, pero con la tranquilidad de saber que estás en un piso bajo. Tiene 36 m² cubiertos más un balcón/terraza de 2 m² que suma ese plus para ventilar o desayunar al aire libre. Está en buen estado general, con 2 años de antigüedad, o sea, prácticamente nuevo pero con los gastos de un edificio ya asentado. 

El edificio cuenta con solarium y SUM, ideales para recibir visitas o descansar sin moverte de casa. La distribución es eficiente: un baño completo y el ambiente principal bien aprovechado. Al no tener cochera, no vas a pagar expensas de más, y en una zona como Belgrano vas a tener todos los servicios a la vuelta de la esquina. Ideal para inversor o para quien busca arrancar con un techo propio sin perder la ubicación. Un golazo para alquilar o vivir cómodo.",true,"{""sintetico"": true, ""caso"": null, ""duplicado_de"": null}"
demo-a,demo-00379,https://demo-a.example/aviso/demo-00379,https://demo-a.example/aviso/demo-00379,Departamento 2 ambientes en Belgrano,171000,USD,103000,ARS,Freire 2641,"Belgrano, Capital Federal",Estudio Lacroze,52.8,,52.8,,,,,,,,,sum,2026-07-22,"Departamento de 2 ambientes en pleno Belgrano, sobre la calle Freire al 2600, a metros de los barcitos y del verde de la plaza. Está en un piso 5 con ascensor, al contrafrente, así que se duerme sin el ruido de la avenida y con mucha luz natural durante el día. Son 53 m² cubiertos muy bien aprovechados, con un living cómodo que da para armar un rincón de trabajo o de lectura, y un dormitorio con buena medida para una cama de dos o más placares.

La cocina es independiente y el baño está completo, todo en excelente estado, listo para entrar a vivir sin retoques. El edificio tiene sum, ideal para disfrutar los findes o para recibir visitas sin preocuparse por el espacio. Al no tener cochera, el precio se hace más accesible, y la ubicación compensa con todo: colegios, subte cerca y varias líneas de colectivo a una cuadra. Una oportunidad bárbara para quienes buscan un departamento de carácter, bien iluminado y en una de las zonas más lindas de la ciudad. Escribinos y coordinamos una visita, no se va a hacer larga la espera.",false,"{""sintetico"": true, ""caso"": null, ""duplicado_de"": null}"
demo-a,demo-00380,https://demo-a.example/aviso/demo-00380,https://demo-a.example/aviso/demo-00380,Departamento 3 ambientes en Palermo,374000,USD,357000,ARS,Cabrera 3604,"Palermo, Capital Federal",Inmobiliaria del Parque,74.2,8,82.2,3,2,1,8,0,Muy Bueno,,,"seguridad 24 h, gimnasio",2026-06-23,"Departamento de 3 ambientes en Palermo, sobre la calle Cabrera al 3600. Tiene 74 m² cubiertos más un balcón/terraza de 8 m², dos dormitorios y un baño. El inmueble está en muy buen estado y tiene 8 años de antigüedad, lo que se nota en los detalles y la conservación general. Sin coc",true,"{""sintetico"": true, ""caso"": null, ""duplicado_de"": null}"
demo-a,demo-00381,https://demo-a.example/aviso/demo-00381,https://demo-a.example/aviso/demo-00381,Departamento 2 ambientes en Palermo,160000,USD,,,"Cabello 2928, Piso 1","Palermo, Capital Federal",Casa Nueva Negocios Inmobiliarios,39.9,,39.9,2,1,1,2,0,Excelente,Frente,1,parrilla,2026-07-28,"Departamento de 2 ambientes al frente, en pleno corazón de Palermo, sobre la calle Cabello al 2900. Se trata de un piso 1, luminoso y bien distribuido, con 40 m² cubiertos que se aprovechan al máximo. La propiedad tiene 2 años de antigüedad, lo que la convierte en una opción moderna dentro de un edificio de líneas actuales. Al ingresar, se destaca un living comedor amplio que da justamente a la calle, ideal para quienes buscan ese aire bien de barrio porteño. El dormitorio es cómodo y silencioso, y el baño completo está resuelto con buen gusto.

La cocina, integrada al living, suma practicidad para el día a día. Entre los amenities, cuenta con una parrilla en el roof, perfecta para disfrutar de un asado con amigos sin moverte de tu casa. Sin cochera, pero con la ventaja de estar rodeado de todos los servicios, subtes, bares y verde a pocas cuadras. Una oportunidad ideal para parejas o inversores que quieran vivir en una de las zonas más buscadas de la Ciudad. Consultanos por la visita, la atención es personalizada.",true,"{""sintetico"": true, ""caso"": null, ""duplicado_de"": null}"
demo-a,demo-00382,https://demo-a.example/aviso/demo-00382,https://demo-a.example/aviso/demo-00382,Departamento 3 ambientes en Palermo,255000,USD,348000,ARS,"Cabello 5487, Piso 10","Palermo, Capital Federal",Estudio Lacroze,81.0,,81.0,3,2,1,50,1,Bueno,Lateral,10,"seguridad 24 h, parrilla, pileta, sum, solarium",2026-07-18,"Departamento de 3 ambientes en pleno corazón de Palermo, sobre la calle Cabello al 5400. Se trata de una unidad en **buen estado general**, con una superficie cubierta de 81 m² y una cómoda distribución que separa los ambientes de manera funcional. Son dos dormitorios, con un baño completo, y su **orientación lateral** garantiza privacidad y una muy buena luminosidad durante el día. Estamos hablando de un **piso 10** dentro de un edificio de **50 años de antigüedad**, con características constructivas sólidas y una fisonomía clásica que gusta a los que buscan vivir en Palermo con perfil de barrio.

El edificio cuenta con seguridad las 24 horas, lo que suma tranquilidad en una zona con movimiento todo el año. Además, ofrece parrilla, pileta, SUM y solarium, ideales para aprovechar los días de sol sin salir de casa. Incluye cochera propia, un lujo en la zona. La ubicación es inmejorable: cerca de parques, bares, restaurantes y con todos los servicios a mano. Una oportunidad concreta para estrenar o invertir en una de las mejores esquinas de Palermo.",true,"{""sintetico"": true, ""caso"": null, ""duplicado_de"": null}"
demo-a,demo-00383,https://demo-a.example/aviso/demo-00383,https://demo-a.example/aviso/demo-00383,Departamento 3 ambientes en Belgrano,169000,USD,,,"Sucre 3466, Piso 8","Belgrano, Capital Federal",Casa Nueva Negocios Inmobiliarios,66.5,5,71.5,3,2,1,70,0,Excelente,Frente,8,,2026-06-20,"Departamento de 3 ambientes en Sucre al 3400, Belgrano, pleno corazón del barrio. Está al frente, piso 8, con ascensor, y se destaca por su excelente estado. Son 66 m² cubiertos más 5 m² de balcón terraza, ideal para disfrutar al aire libre. Cuenta con dos dormitorios, un baño completo y buena distribución. El edificio tiene 70 años de antigüedad, pero el departamento fue muy bien mantenido. Sin cochera ni amenities, pero con todos los servicios cerca y una ubicación privilegiada. Una oportunidad para quienes buscan un hogar clásico de Belgrano con carácter y en óptimas condiciones.",true,"{""sintetico"": true, ""caso"": null, ""duplicado_de"": null}"
demo-b,demo-00384,https://demo-b.example/aviso/demo-00384,https://demo-b.example/aviso/demo-00384,Departamento 2 ambientes en Palermo,154000,USD,136000,ARS,Salguero 4658,"Palermo, Capital Federal",Norte Propiedades,50.0,,50.0,,,,,,,,,parrilla,2026-07-14,"Departamento en Palermo, por Salguero al 4600, una dirección ideal para disfrutar del barrio. Es un dos ambientes con un dormitorio y un baño, todo en excelente estado, listo para mudarse. Está en un piso 8, con una muy buena vista y luminosidad natural. Tiene 50 metros cuadrados cubiertos bien aprovechados, y cuenta con parrilla en el edificio, perfecta para los fines de semana. Son 20 años de antigüedad, pero el mantenimiento se nota impecable. Sin cochera, aunque en la zona hay opciones. Una oportunidad concreta para quienes buscan calidad de vida en Palermo.",false,"{""sintetico"": true, ""caso"": null, ""duplicado_de"": null}"
demo-a,demo-00385,https://demo-a.example/aviso/demo-00385,https://demo-a.example/aviso/demo-00385,Departamento 3 ambientes en Belgrano,286000,USD,338000,ARS,Ciudad de la Paz 2800,"Belgrano, Capital Federal",Sur & Asociados,92.6,,92.6,,,,,,,,,"seguridad 24 h, sum, solarium, parrilla, pileta",2026-07-20,"Departamento de 3 ambientes en Belgrano, sobre Ciudad de la Paz al 2800, con 93 metros cuadrados cubiertos bien distribuidos. Cuenta con dos dormitorios, un baño completo y un living comedor amplio. El edificio ofrece seguridad las 24 horas, pileta, solarium, parrilla y sum, ideal para quienes buscan comodidad y espacios comunes para disfrutar. Sin cochera. Una oportunidad para vivir en una zona con buena conectividad, cerca de comercios, parques y medios de transporte. Consultá por más detalles y visitas.",false,"{""sintetico"": true, ""caso"": null, ""duplicado_de"": null}"
demo-b,demo-00386,https://demo-b.example/aviso/demo-00386,https://demo-b.example/aviso/demo-00386,Departamento 3 ambientes en Belgrano,245000,USD,183000,ARS,Sucre 1139,"Belgrano, Capital Federal",Sur & Asociados,73.5,12,85.5,3,2,1,8,0,Excelente,,0,"pileta, laundry, sum",2026-07-24,"Departamento de 3 ambientes en excelente estado, en el corazón de Belgrano, sobre la calle Sucre al 1100. Se trata de una planta baja con 74 m² cubiertos y 12 m² de balcón terraza, ideal para quienes buscan un lugar con amplitud y un toque al aire libre sin perder la comodidad. El edificio tiene apenas 8 años de antigüedad, así que vas a encontrar todo impecable y con materiales modernos. Al ser planta baja, es perfecto para evitar las escaleras o el ascensor si te manejás con cochecito o simplemente querés tener acceso directo desde la vereda.

Adentro, el living comedor es bien espacioso y se integra con la terraza, que suma unos metros extra para desayunar al sol o armar un pequeño jardín. Los dos dormitorios son de lindo tamaño y el baño está completo y prolijo. El edificio cuenta con pileta para los días de calor, un SUM para reuniones o para que los chicos jueguen, y laundry, así que no te preocupes por el espacio para lavar. Sin cochera, pero en la zona hay varias opciones de alquiler por hora o cocheras fijas cerca. Una oportunidad ideal para parejas o familias chicas que quieran estrenar o mudarse a un barrio con mucha vida comercial y verde cerca.",true,"{""sintetico"": true, ""caso"": null, ""duplicado_de"": null}"
demo-a,demo-00387,https://demo-a.example/aviso/demo-00387,https://demo-a.example/aviso/demo-00387,Departamento 2 ambientes en Palermo,131000,USD,195000,ARS,"Gurruchaga 2688, Piso 6","Palermo, Capital Federal",Casa Nueva Negocios Inmobiliarios,37.4,3,40.4,2,1,1,,0,Muy Bueno,Interno,6,gimnasio,2026-08-25,"Excelente oportunidad en Palermo: departamento de 2 ambientes en Gurruchaga al 2600, muy buen estado. Se trata de una unidad interna en piso 6 con ascensor, ideal para quienes buscan privacidad y luminosidad todo el día. Cuenta con 37 m² cubiertos más un balcón terraza de 3 m², perfecto para sumar un espacio al aire libre. El living comedor es amplio y la cocina está integrada, mientras que el dormitorio tiene buen placard y el baño completo. El edificio ofrece gimnasio, un plus para mantener la rutina sin salir de casa. Sin cochera, pero con fácil acceso a transporte y a toda la oferta comercial y gastronómica de la zona. Ideal como primera vivienda o inversión. Consultá sin compromiso.",true,"{""sintetico"": true, ""caso"": null, ""duplicado_de"": null}"
demo-a,demo-00388,https://demo-a.example/aviso/demo-00388,https://demo-a.example/aviso/demo-00388,Departamento 5 ambientes en Belgrano,458000,USD,395000,ARS,Cabildo 4181,"Belgrano, Capital Federal",Mirador Propiedades,144.7,,144.7,,,,,,,,,"seguridad 24 h, laundry",2026-07-18,"Departamento a estrenar en Belgrano, sobre Cabildo al 4100. Son 145 m² cubiertos distribuidos en cinco ambientes, cuatro dormitorios y tres baños, todo pensado para un estilo de vida cómodo y funcional. Al ser a estrenar, cada espacio llega en perfectas condiciones, listo para habitar sin necesidad de reformas. El edificio cuenta con seguridad las 24 horas y servicio de laundry, ideal para quienes valoran la practicidad y la tranquilidad. Sin cochera, pero con una ubicación privilegiada que conecta rápido con todo. Un departamento pensado en serio, con buena superficie y distribución. A estrenar, impecable, en una de las zonas más buscadas de la Ciudad.",false,"{""sintetico"": true, ""caso"": null, ""duplicado_de"": null}"
demo-a,demo-00389,https://demo-a.example/aviso/demo-00389,https://demo-a.example/aviso/demo-00389,Departamento 2 ambientes en Palermo,198000,USD,,,"Thames 5349, Piso 15","Palermo, Capital Federal",Sur & Asociados,50.3,,50.3,2,1,1,50,0,Excelente,Contrafrente,15,,2026-08-08,"Departamento de 2 ambientes en Thames al 5300, Palermo. Está al contrafrente, así que se disfruta de un silencio poco común en la zona. Es piso 15, con buena luz natural y una vista abierta. Tiene 50 m² cubiertos, un dormitorio y un baño completo. La distribución es funcional, con cocina integrada al living. El edificio tiene 50 años de antigüedad, pero el departamento se mantiene en condiciones sólidas y con potencial para personalizarlo a gusto. Sin cochera ni amenities, ideal para quienes buscan un dos ambientes bien ubicado a un precio de entrada en el barrio.",true,"{""sintetico"": true, ""caso"": null, ""duplicado_de"": null}"
demo-a,demo-00390,https://demo-a.example/aviso/demo-00390,https://demo-a.example/aviso/demo-00390,Departamento 2 ambientes en Palermo,193000,USD,488000,ARS,Cabrera 3148,"Palermo, Capital Federal",Norte Propiedades,52.2,,52.2,,,,,,,,,"parrilla, sum",2026-07-05,"Departamento de 2 ambientes en Palermo, sobre Cabrera al 3100, muy bien ubicado y en muy buen estado. Es al frente, con ascensor, y cuenta con 52 m² cubiertos distribuidos en un dormitorio, un baño y un living-comedor amplio. El edificio ofrece parrilla y SUM para disfrutar en familia o con amigos. Sin cochera, pero con todas las comodidades para vivir en uno de los barrios más buscados de la ciudad. Ideal para quienes buscan un hogar funcional y bien conectado, cerca de bares, tiendas y transporte. Consultá por visitas.",false,"{""sintetico"": true, ""caso"": null, ""duplicado_de"": null}"
demo-a,demo-00391,https://demo-a.example/aviso/demo-00391,https://demo-a.example/aviso/demo-00391,Departamento 3 ambientes en Palermo,272000,USD,272000,ARS,Gorriti 2798,"Palermo, Capital Federal",Grupo Arcos,71.6,,71.6,,,,,,,,,,2026-08-20,"Departamento en Gorriti al 2700, pleno Palermo. Planta baja, 72 metros cuadrados cubiertos, con tres ambientes bien distribuidos: dos dormitorios y un baño completo. El inmueble tiene 12 años de antigüedad y se mantiene en buen estado general, listo para habitar o alquilar. Es una propiedad con buena luz, sin cochera ni amenities, ideal para quien busca estar cerca de todo sin las complicaciones de un edificio grande. La ubicación es inmejorable, a pasos de bares, restaurantes y el verde de los parques.",false,"{""sintetico"": true, ""caso"": null, ""duplicado_de"": null}"
demo-b,demo-00392,https://demo-b.example/aviso/demo-00392,https://demo-b.example/aviso/demo-00392,Departamento 1 ambientes en Palermo,95000,USD,242000,ARS,"Soler 4479, Piso 5","Palermo, Capital Federal",Belgrano Brokers,30.7,2.5,33.2,1,0,1,30,0,Bueno,,5,"parrilla, gimnasio",2026-07-10,"Departamento de 1 ambiente en Palermo, sobre Soler al 4400. Está en un piso 5, con 31 m² cubiertos más 2 m² de balcón terraza. Aunque tiene 30 años de antigüedad, se encuentra en buen estado general, listo para mudarse o para invertir. El baño es completo y el ambiente es amplio y funcional. El edificio cuenta con parrilla y gimnasio, ideales para disfrutar sin salir de casa. Sin cochera, pero con excelente conexión y todos los servicios cerca. Una oportunidad en una de las zonas más buscadas de la Ciudad.",true,"{""sintetico"": true, ""caso"": null, ""duplicado_de"": null}"
demo-a,demo-00393,https://demo-a.example/aviso/demo-00393,https://demo-a.example/aviso/demo-00393,Departamento 1 ambientes en Palermo,95000,USD,242000,ARS,"Soler 4400, Piso 5","Palermo, Capital Federal",Grupo Arcos,30.0,2.5,32.5,1,0,1,,0,Bueno,,5,"parrilla, gimnasio",2026-07-10,"Departamento de un ambiente en pleno Palermo, sobre la calle Soler al 4400, ideal para quienes buscan sumarse a uno de los barrios más vibrantes de Buenos Aires o para invertir en una propiedad con excelente potencial. Con 30 m² cubiertos y un balcón terraza de 2 m² que suma unos metros extra para desayunar al aire libre o leer un libro, este monoambiente se destaca por su distribución inteligente que aprovecha cada rincón. El baño es completo y el edificio cuenta con ascensor, un detalle que suma comodidad en el día a día.

Pensado para una persona que valora la practicidad sin resignar ubicación, este departamento ofrece amenities que elevan la experiencia de vivir en Palermo: una parrilla para juntadas con amigos y un gimnasio para mantener la rutina sin moverte de tu edificio. Al no tener cochera, la propiedad se vuelve accesible y perfecta para quienes prefieren moverse a pie o en transporte público, con la zona llena de bares, restaurantes y espacios verdes a pocas cuadras. Una oportunidad concreta para entrar a un barrio codiciado con un inmueble funcional y bien pensado.",true,"{""sintetico"": true, ""caso"": null, ""duplicado_de"": ""demo-00392""}"
demo-a,demo-00394,https://demo-a.example/aviso/demo-00394,https://demo-a.example/aviso/demo-00394,Departamento 3 ambientes en Palermo,278000,USD,,,Gurruchaga 3918,"Palermo, Capital Federal",Norte Propiedades,93.6,3,96.6,,,,,,,,,laundry,2026-04-05,"Se vende departamento de tres ambientes en Palermo, sobre Gurruchaga al 3900. Son dos dormitorios, un baño completo y un living comedor amplio, todo en excelente estado. Está en piso 2 y es al contrafrente, lo que le da una tranquilidad bárbara para ser una zona tan movida. La superficie cubierta es de 94 m², más un balcón terraza de 3 m² que suma un lindo espacio al aire libre. El edificio cuenta con laundry, ideal para simplificar el día a día. Sin cochera, pero en Palermo eso no es problema porque tenés todo a mano. Un departamento bien distribuido, luminoso y pensado para vivir cómodo.",false,"{""sintetico"": true, ""caso"": null, ""duplicado_de"": null}"
demo-b,demo-00395,https://demo-b.example/aviso/demo-00395,https://demo-b.example/aviso/demo-00395,Departamento 2 ambientes en Belgrano,155000,USD,517000,ARS,"Freire 3469, Piso 3","Belgrano, Capital Federal",Norte Propiedades,50.0,,50.0,2,1,1,0,0,Excelente,,3,,2026-06-05,"Departamento de 2 ambientes y 1 dormitorio en pleno Belgrano, sobre la calle Freire al 3400, a estrenar y en excelente estado. Se trata de un piso 3 con ascensor, ideal para quienes buscan estrenar sin perder la onda del barrio, con todo lo necesario para vivir cómodo desde el día uno.

Con una superficie cubierta de 50 m², el layout está muy bien aprovechado: un living comedor amplio que se integra a la cocina, un dormitorio con buena privacidad y un baño completo. Al no tener cochera ni amenities, el costo de expensas se mantiene acotado, algo que se agradece. La ubicación es inmejorable, con verde, subte cerca y todos los servicios a la vuelta. Perfecto como primera vivienda o para inversor que busque algo listo para alquilar. Un lindo momento para agendar la visita.",true,"{""sintetico"": true, ""caso"": null, ""duplicado_de"": null}"
demo-a,demo-00396,https://demo-a.example/aviso/demo-00396,https://demo-a.example/aviso/demo-00396,Departamento 3 ambientes en Belgrano,325000,USD,202000,ARS,Vuelta de Obligado 5271,"Belgrano, Capital Federal",Inmobiliaria del Parque,77.2,5,82.2,,,,,,,,,sum,2026-06-25,"Departamento de 3 ambientes en Belgrano, sobre Vuelta de Obligado al 5200. Se trata de una unidad interna con 77 m² cubiertos más un balcón terraza de 5 m², distribuidos en dos dormitorios, un baño completo y un",false,"{""sintetico"": true, ""caso"": null, ""duplicado_de"": null}"
demo-b,demo-00397,https://demo-b.example/aviso/demo-00397,https://demo-b.example/aviso/demo-00397,Departamento 3 ambientes en Belgrano,331000,USD,202000,ARS,Vuelta de Obligado 5200,"Belgrano, Capital Federal",Casa Nueva Negocios Inmobiliarios,75.1,5,80.1,,,,,,,,,sum,2026-07-03,"Departamento en Vuelta de Obligado al 5200, pleno Belgrano. Unidad interna, piso 2, sin ascensor, con 12 años de antigüedad y en excelente estado. Ofrece 75 m² cubiertos más 5 m² de balcón terraza, distribuidos en living comedor, cocina separada, dos dormitorios y un baño completo. Cuenta con SUM de uso común. Ideal para quienes buscan un hogar bien ubicado, cerca de todos los servicios y con buena luminosidad. Sin cochera.",false,"{""sintetico"": true, ""caso"": null, ""duplicado_de"": ""demo-00396""}"
demo-b,demo-00398,https://demo-b.example/aviso/demo-00398,https://demo-b.example/aviso/demo-00398,Departamento 2 ambientes en Belgrano,132000,USD,240000,ARS,Vuelta de Obligado 1041,"Belgrano, Capital Federal",Norte Propiedades,45.1,3,48.1,2,1,1,8,0,Muy Bueno,,12,,2026-07-03,"Departamento en Vuelta de Obligado al 1000, Belgrano, a metros de todo pero en una zona tranquila. Está en el **piso 12** de un edificio **con ascensor** y **muy buen estado**, listo para entrar a vivir o para invertir. Son 45 m² cubiertos más un balcón/terraza de 3 m² que suma unos metros de aire libre perfectos para desayunar o leer un libro. Al tener solo **8 años de antigüedad**, el edificio está impecable y sin los típicos ruidos de construcciones viejas. 

El departamento es ideal para una pareja o para alguien que busca un dos ambientes bien distribuido. El living comedor es amplio y luminoso, la cocina está separada y el baño es completo. Al ser piso alto, se siente mucha claridad durante el día. La ubicación es inmejorable: cerca de los bosques de Palermo, del Bajo Belgrano y con un montón de líneas de colectivo y el tren a pocas cuadras. No tiene cochera ni amenities, pero justamente por eso el edificio es chico y silencioso, con pocos vecinos y un clima de mucha tranquilidad. Si buscás un departamento canchero, con buena vista y en una de las mejores zonas de la ciudad, este es el indicado.",true,"{""sintetico"": true, ""caso"": null, ""duplicado_de"": null}"
demo-b,demo-00399,https://demo-b.example/aviso/demo-00399,https://demo-b.example/aviso/demo-00399,Departamento 4 ambientes en Belgrano,455000,USD,509000,ARS,"Freire 5248, Piso 2","Belgrano, Capital Federal",Belgrano Brokers,153.4,12,165.4,4,3,2,20,0,Muy Bueno,Lateral,2,"laundry, sum, seguridad 24 h",2026-09-02,"Departamento de 4 ambientes en Belgrano, sobre Freire al 5200. Se trata de un piso 2 con ascensor, de 153 m² cubiertos más 12 m² de balcón terraza, con orientación lateral que le brinda buena luz natural. Dispone de 3 dormitorios y 2 baños completos, ideal para una familia.

El edificio tiene 20 años de",true,"{""sintetico"": true, ""caso"": null, ""duplicado_de"": null}"
demo-b,demo-00400,https://demo-b.example/aviso/demo-00400,https://demo-b.example/aviso/demo-00400,Departamento 4 ambientes en Belgrano,282000,USD,244000,ARS,"Amenábar 3847, Piso 4","Belgrano, Capital Federal",Norte Propiedades,82.2,5,87.2,4,3,3,20,1,Bueno,,4,"sum, gimnasio, seguridad 24 h, laundry, pileta",2026-06-21,"Departamento de 4 ambientes en Belgrano, sobre Amenábar al 3800. Cuenta con 3 dormitorios, 3 baños, y una superficie cubierta de 82 m² más un balcón terraza de 5 m². Se encuentra en el piso 4, con 20 años de antigüedad, e incluye cochera para un auto.

El edificio",true,"{""sintetico"": true, ""caso"": null, ""duplicado_de"": null}"
demo-a,demo-00401,https://demo-a.example/aviso/demo-00401,https://demo-a.example/aviso/demo-00401,Departamento 1 ambientes en Belgrano,147000,USD,323000,ARS,"Juramento 2046, Piso 8","Belgrano, Capital Federal",Inmobiliaria del Parque,32.9,1.5,34.4,1,0,1,2,1,Excelente,Frente,8,"laundry, pileta, seguridad 24 h, sum, parrilla",2026-05-20,"Departamento en Juramento al 2000, pleno Belgrano, una ubicación privilegiada. Está en **excelente estado**, es **al frente** y se encuentra en un **piso 8** con una vista que se disfruta. El edificio tiene **con ascensor** y solo **2 años de antigüedad**, lo que se nota en cada detalle. Con 33 m² cubiertos más 2 m² de balcón terraza, el ambiente es luminoso y bien distribuido. Cuenta con un baño completo y una cochera incluida, algo que en esta zona se valora mucho. Además, el edificio ofrece laundry, pileta, seguridad 24 horas, SUM y parrilla, ideal tanto para quienes buscan comodidad como para invertir. Un dos ambientes práctico y moderno, pensado para vivir bien.",true,"{""sintetico"": true, ""caso"": null, ""duplicado_de"": null}"
demo-a,demo-00402,https://demo-a.example/aviso/demo-00402,https://demo-a.example/aviso/demo-00402,Departamento 3 ambientes en Palermo,194000,USD,443000,ARS,Gurruchaga 5077,"Palermo, Capital Federal",Casa Nueva Negocios Inmobiliarios,70.2,3,73.2,,,,,,,,,"pileta, gimnasio, laundry",2026-07-20,"Departamento de 3 ambientes en pleno Palermo, sobre Gurruchaga al 5000, a metros de todo pero en una zona tranquila. Piso 4, al frente, con 70 m² cubiertos más un balcón terraza de 3 m² que suma luz a los ambientes. Si bien tiene 60 años de antigüedad, está en muy buen estado, con detalles que se pueden ir puliendo pero listo para habitar sin grandes obras. Los dos dormitorios son amplios, el living tiene buena recepción de luz natural y el baño es completo, con la distribución clásica de los departamentos de esa época, que siempre rinde.

El edificio cuenta con amenities que se agradecen: pileta para los días de calor, gimnasio para no depender de un club y laundry para evitar el tema de los lavaderos. No tiene cochera, pero al estar tan bien ubicado no la vas a necesitar, porque te moves caminando por todo Palermo Hollywood y Soho. Es un piso alto, así que la vista despejada y el aire circulan mejor que en los bajos. Ideal para quienes buscan un dos dormitorios canchero, con buena onda de barrio y sin resignar comodidades. La expensa es razonable y el edificio está prolijo. Una oportunidad para meterse en una de las zonas más lindas de la ciudad, con un precio acomodable a la oferta actual.",false,"{""sintetico"": true, ""caso"": null, ""duplicado_de"": null}"
demo-a,demo-00403,https://demo-a.example/aviso/demo-00403,https://demo-a.example/aviso/demo-00403,Departamento 1 ambientes en Palermo,148000,USD,419000,ARS,Guatemala 2120,"Palermo, Capital Federal",Belgrano Brokers,38.5,,38.5,1,0,1,5,0,Excelente,,8,,2026-07-21,"Departamento en Palermo, Guatemala al 2100. Excelente estado, piso 8, 38 m² cubiertos de un ambiente con baño completo. Ideal para quienes buscan un espacio funcional y bien cuidado, con 5 años de antigüedad y todas las comodidades para vivir en una de las mejores zonas de la ciudad. Sin cochera ni amenities, pero con la practicidad de estar cerca de todo. ¡No dejes pasar esta oportunidad!",true,"{""sintetico"": true, ""caso"": null, ""duplicado_de"": null}"
demo-b,demo-00404,https://demo-b.example/aviso/demo-00404,https://demo-b.example/aviso/demo-00404,Departamento 4 ambientes en Palermo,573000,USD,290000,ARS,Bonpland 393,"Palermo, Capital Federal",Norte Propiedades,145.4,3,148.4,4,3,3,,1,A Estrenar,Frente,15,"laundry, gimnasio, solarium, seguridad 24 h, parrilla",2026-07-18,"Departamento de 4 ambientes al frente, en el piso 15, impecable para quienes buscan luz y vistas despejadas en pleno Palermo. Sobre Bonpland al 300, este inmueble de 145 m² cubiertos más 3 m² de balcón/terraza ofrece tres dormitorios y tres baños, ideal para una familia que prioriza el confort y la practicidad. Con ascensor y cochera propia, el edificio cuenta con amenities pensados para el día a día: laundry, gimnasio, solarium y parrilla, además de seguridad 24 horas. La distribución es funcional, con los ambientes bien diferenciados y el living comedor con salida al balcón, perfecto para disfrutar del aire libre sin salir de casa.

Se trata de un emprendimiento en construcción, por lo que las fotos corresponden al modelo de referencia. La entrega estimada es para el próximo año, con fecha a confirmar. Una oportunidad para estrenar en una de las zonas más buscadas de la ciudad, cerca de parques, bares y medios de transporte. Consultá por visitas al pozo o para más información sobre este desarrollo.",true,"{""sintetico"": true, ""caso"": ""pozo"", ""duplicado_de"": null}"
demo-b,demo-00405,https://demo-b.example/aviso/demo-00405,https://demo-b.example/aviso/demo-00405,Departamento 2 ambientes en Palermo,137000,USD,257000,ARS,Serrano 1467,"Palermo, Capital Federal",Sur & Asociados,51.1,,51.1,2,1,1,60,0,Bueno,Interno,0,gimnasio,2026-07-25,"Departamento en Serrano al 1400, pleno Palermo. Es una unidad interna de 51 m² cubiertos, con 2 ambientes que incluyen un dormitorio y un baño completo. A pesar de tener 60 años de antigüedad, el inmueble se conserva en buen estado general y está listo para habitar o para ponerle tu toque personal. El edificio cuenta con gimnasio, ideal para quienes buscan comodidad sin moverse de casa. Sin cochera, pero con todos los servicios y la movida del barrio a la vuelta. Una oportunidad para invertir en una zona que nunca pierde su encanto.",true,"{""sintetico"": true, ""caso"": null, ""duplicado_de"": null}"
demo-b,demo-00406,https://demo-b.example/aviso/demo-00406,https://demo-b.example/aviso/demo-00406,Departamento 2 ambientes en Palermo,194000,USD,,,"Uriarte 4608, Piso 10","Palermo, Capital Federal",Norte Propiedades,39.3,,39.3,2,1,1,15,0,Excelente,Contrafrente,10,,2026-07-13,"Departamento de 2 ambientes en Palermo, Uriarte al 4600, al contrafrente, luminoso y silencioso. Con 15 años de antigüedad se conserva en excelente estado, listo para habitar. Cuenta con un dormitorio, un baño completo y una superficie cubierta de 39 m² muy bien aprovechados. Sin cochera ni amenities, ideal para quien busca un piso funcional en una de las zonas más buscadas de la ciudad.",true,"{""sintetico"": true, ""caso"": null, ""duplicado_de"": null}"
demo-b,demo-00407,https://demo-b.example/aviso/demo-00407,https://demo-b.example/aviso/demo-00407,Departamento 2 ambientes en Palermo,198000,USD,98000,ARS,"Ravignani 5295, Piso 10","Palermo, Capital Federal",Inmobiliaria del Parque,49.1,8,57.1,2,1,1,,0,Excelente,Frente,10,,2026-06-14,"Departamento de 2 ambientes en Ravignani al 5200, Palermo, pleno corazón del barrio. Está al frente, piso 10, con muy buena luz y ventilación. Tiene 49 m² cubiertos más un balcón terraza de 8 m², ideal para disfrutar al aire libre. El living comedor es amplio, la cocina integrada y el dormitorio con placard. El baño completo y el inmueble está en excelente estado, listo para habitar. Sin cochera ni amenities, pero con todos los servicios y comercios a la vuelta. Una oportunidad única para quienes buscan un departamento bien ubicado, luminoso y en óptimas condiciones en Palermo.",true,"{""sintetico"": true, ""caso"": null, ""duplicado_de"": null}"
demo-a,demo-00408,https://demo-a.example/aviso/demo-00408,https://demo-a.example/aviso/demo-00408,Departamento 3 ambientes en Belgrano,219000,USD,,,3 de Febrero 486,"Belgrano, Capital Federal",Norte Propiedades,75.6,,75.6,,,,,,,,,,2026-08-14,"Departamento de 3 ambientes en pleno Belgrano, sobre la calle 3 de Febrero al 400, a metros del bajo y de todos los medios de transporte. En piso 1 con ascensor y al frente, lo que le garantiza una luminosidad y vistas abiertas que se disfrutan todo el día. Son 76 m² cubiertos muy bien aprovechados, con un lay-out clásico que separa el área social de la privada: living comedor amplio, cocina con office, dos dormitorios de lindas proporciones y un baño completo.

Está en muy buen estado, ideal para quien busca mudarse sin hacer reformas o para invertir en una zona de alta demanda locativa. Al ser al frente y en un piso bajo, tiene esa impronta de edificio de categoría con ascensor, pero sin perder la practicidad de lo cotidiano. No tiene cochera, pero en la cuadra hay varias opciones de garage y en la zona nunca falta estacionamiento para visitas. Los ambientes son bien parejos y la orientación favorece la ventilación cruzada. Una oportunidad concreta para vivir en uno de los barrios más tradicionales de la ciudad, con toda la oferta comercial, cultural y gastronómica a pocas cuadras.",false,"{""sintetico"": true, ""caso"": null, ""duplicado_de"": null}"
demo-b,demo-00409,https://demo-b.example/aviso/demo-00409,https://demo-b.example/aviso/demo-00409,Departamento 3 ambientes en Palermo,324000,USD,542000,ARS,"Guatemala 3439, Piso 6","Palermo, Capital Federal",Estudio Lacroze,78.2,3,81.2,3,2,1,60,0,Muy Bueno,,6,"gimnasio, pileta",2026-06-14,"Departamento de 3 ambientes en el corazón de Palermo, sobre la calle Guatemala al 3400. Se trata de una unidad en piso 6, con ascensor, que cuenta con 78 m² cubiertos más un balcón terraza de 3 m². Dispone de dos dormitorios, un baño completo y un living comedor amplio. El departamento está en muy buen estado, considerando sus 60 años de antigüedad, con terminaciones que lo hacen habitable de inmediato. El edificio ofrece amenities como gimnasio y pileta, ideales para quienes buscan comodidad sin salir de casa. Sin cochera, pero con excelente conectividad y cercanía a comercios, bares y subtes. Una oportunidad para vivir en una de las zonas más buscadas de la ciudad.",true,"{""sintetico"": true, ""caso"": null, ""duplicado_de"": null}"
demo-a,demo-00410,https://demo-a.example/aviso/demo-00410,https://demo-a.example/aviso/demo-00410,Departamento 2 ambientes en Belgrano,193000,USD,289000,ARS,Vuelta de Obligado 376,"Belgrano, Capital Federal",Norte Propiedades,43.4,3,46.4,,,,,,,,,pileta,2026-08-22,"Departamento a estrenar en la mejor zona de Belgrano, sobre Vuelta de Obligado al 300. Se trata de un dos ambientes de 43 m² cubiertos más balcón terraza de 3 m², ubicado en un piso 9 con ascensor. El inmueble cuenta con un dormitorio, un baño completo y está pensado para quienes buscan comodidad y calidad de vida en un edificio con pileta. El living comedor se integra con el balcón, ideal para sumar un espacio al aire libre sin salir de casa. La cocina está separada y el departamento se entrega en impecable estado, listo para habitar. La ubicación es inmejorable: cerca de todos los servicios, transporte público y zonas verdes. No incluye cochera, pero la conectividad del barrio hace que no sea un problema. Sin dudas una oportunidad única para quienes valoran el confort en un entorno privilegiado. Consultá por visitas.",false,"{""sintetico"": true, ""caso"": null, ""duplicado_de"": null}"
demo-a,demo-00411,https://demo-a.example/aviso/demo-00411,https://demo-a.example/aviso/demo-00411,Departamento 1 ambientes en Palermo,132000,USD,373000,ARS,"Juncal 1237, Piso 3","Palermo, Capital Federal",Estudio Lacroze,33.0,,33.0,1,0,1,,0,Excelente,Frente,3,"seguridad 24 h, gimnasio, laundry, sum, solarium",2026-08-11,"Departamento de un ambiente en Juncal al 1200, Palermo. Con 33 m² cubiertos, al frente y en excelente estado. Cuenta con un baño completo y todos los amenities que hacen la diferencia: seguridad las 24 horas, gimnasio, laundry, SUM y solarium. Ideal para quienes buscan vivir en una de las zonas más buscadas de la Ciudad, con buena iluminación y distribución. Sin cochera. Una oportunidad pensada como primer hogar o inversión, en un edificio con servicios pensados para el día a día.",true,"{""sintetico"": true, ""caso"": null, ""duplicado_de"": null}"
demo-b,demo-00412,https://demo-b.example/aviso/demo-00412,https://demo-b.example/aviso/demo-00412,Departamento 3 ambientes en Belgrano,224000,USD,192000,ARS,Virrey del Pino 5132,"Belgrano, Capital Federal",Estudio Lacroze,81.7,,81.7,,,,,,,,,"solarium, laundry, gimnasio, sum, seguridad 24 h",2026-08-30,"Departamento de 3 ambientes en pleno Belgrano, sobre Virrey del Pino al 5100, a metros de todo pero en una zona tranquila y arbolada. Está en **excelente estado**, listo para mudarse sin dar vuelta nada, con una distribución muy bien pensada que separa el living del resto de los ambientes. Son 82 metros cuadrados cubiertos, con 2 dormitorios bien amplios y un baño completo. Es un piso con **12 años de antigüedad**, pero se nota que fue cuidado al detalle, con terminaciones impecables y una onda moderna sin perder calidez.

El edificio ofrece amenities que suman mucho al día a día: solarium ideal para desconectar, laundry, gimnasio equipado y un SUM para recibir gente sin complicarte. Todo con seguridad 24 horas, que en esta zona se agradece. No incluye cochera, pero no es problema porque hay varias opciones de alquiler a pocas cuadras. Ideal para parejas o familias chicas que busquen comodidad, buena ubicación y un edificio con servicios sin pagar expensas de más. Una oportunidad concreta para vivir bien en uno de los barrios más lindos de la ciudad.",false,"{""sintetico"": true, ""caso"": null, ""duplicado_de"": null}"
demo-b,demo-00413,https://demo-b.example/aviso/demo-00413,https://demo-b.example/aviso/demo-00413,Departamento 2 ambientes en Belgrano,131000,USD,,,Migueletes 536,"Belgrano, Capital Federal",Norte Propiedades,43.2,,43.2,2,1,1,,0,Muy Bueno,Contrafrente,0,seguridad 24 h,2026-07-10,"Departamento de 2 ambientes muy buen estado, al contrafrente, en pleno Belgrano, sobre Migueletes al 500. Se trata de una planta baja con 43 m² cubiertos, ideal para quienes buscan comodidad y seguridad en una de las zonas más arboladas y bien comunicadas de la Ciudad. El living comedor es amplio y luminoso, con la tranquilidad que da tener un solo ambiente hacia el interior; el dormitorio es de muy lindas proporciones y el baño está completo y en excelentes condiciones. La distribución es funcional, sin pasillos que desperdicien metros, y el hecho de estar al contrafrente garantiza silencio absoluto, un lujo difícil de encontrar por esta zona.

El edificio cuenta con seguridad 24 h, lo que te da una mano extra de tranquilidad, y al ser planta baja no vas a depender de nada ajeno para moverte. Aunque no tiene cochera, la ubicación lo compensa: estás a pocas cuadras de las estaciones de tren y subte, con varias líneas de colectivo en la puerta y un montón de comercios, bares y plazas alrededor. Es una opción ideal tanto para invertir como para vivir en pareja o solo, en un barrio que combina la vida de ciudad con la calidez de un pueblo. Una oportunidad concreta para sumarte a una de las zonas más buscadas. Consultanos sin compromiso.",true,"{""sintetico"": true, ""caso"": null, ""duplicado_de"": null}"
demo-b,demo-00414,https://demo-b.example/aviso/demo-00414,https://demo-b.example/aviso/demo-00414,Departamento 2 ambientes en Palermo,119000,USD,248000,ARS,Honduras 1301,"Palermo, Capital Federal",Grupo Arcos,37.3,,37.3,2,1,1,5,0,Muy Bueno,Frente,,,2026-05-02,"Departamento de 2 ambientes en el corazón de Palermo, sobre Honduras al 1300. Se trata de una unidad al frente, con muy buen estado y apenas 5 años de antigüedad, lo que la convierte en una opción ideal para quienes buscan mudarse sin preocupaciones. Cuenta con un dormitorio, un baño completo y una superficie cubierta de 37 m² bien aprovechados, con buena luz natural gracias a su orientación. Sin cochera ni amenities, pero con la ventaja de estar en una zona llena de bares, restaurantes y comercios, a pocas cuadras del subte y con todos los servicios cerca. Ideal tanto para inversores como para parejas o profesionales que quieran vivir en Palermo con todo a mano.",true,"{""sintetico"": true, ""caso"": null, ""duplicado_de"": null}"
demo-b,demo-00416,https://demo-b.example/aviso/demo-00416,https://demo-b.example/aviso/demo-00416,Departamento 3 ambientes en Palermo,330000,USD,519000,ARS,Soler 5800,"Palermo, Capital Federal",Sur & Asociados,76.1,3,79.1,,,,,,,,,parrilla,2026-08-12,"Sobre Soler al 5800, en pleno corazón de Palermo, se vende este departamento de 3 ambientes que sorprende por su excelente estado. Con 76 m² cubiertos más un balcón terraza de 3 m², el espacio se distribuye en un living comedor bien amplio, dos dormitorios y un baño completo. Si bien tiene 45 años de antigüedad, se nota que estuvo bien cuidado y se conserva impecable, listo para habitar sin necesidad de reformas. El edificio cuenta con ascensor, un punto a favor para la comodidad del día a día. El balcón terraza le suma un plus, ideal para el quincho o para disfrutar al aire libre, y encima el edificio tiene parrilla para compartir con amigos. Es una oportunidad para quienes buscan un piso clásico, bien ubicado y en condiciones óptimas, en una zona que tiene de todo.",false,"{""sintetico"": true, ""caso"": null, ""duplicado_de"": ""demo-00415""}"
demo-a,demo-00417,https://demo-a.example/aviso/demo-00417,https://demo-a.example/aviso/demo-00417,Departamento 2 ambientes en Palermo,156000,USD,408000,ARS,Bulnes 3623,"Palermo, Capital Federal",Grupo Arcos,39.6,8,47.6,,,,,,,,,laundry,2026-07-05,"Departamento de 2 ambientes en Bulnes al 3600, Palermo. Cuenta con un dormitorio, un baño y 40 m² cubiertos, más 8 m² de balcón terraza. Está en excelente estado y el edificio cuenta con ascensor. Incluye cochera y servicio de laundry. Ideal para quienes buscan un espacio bien ubicado, cómodo y listo para habitar.",false,"{""sintetico"": true, ""caso"": null, ""duplicado_de"": null}"
demo-a,demo-00418,https://demo-a.example/aviso/demo-00418,https://demo-a.example/aviso/demo-00418,Departamento 2 ambientes en Belgrano,182000,USD,319000,ARS,Echeverría 1285,"Belgrano, Capital Federal",Sur & Asociados,48.8,,48.8,,,,,,,,,,2026-07-12,"Departamento de 2 ambientes en pleno Belgrano, sobre Echeverría al 1200, a metros de la zona comercial y con una cuadra muy tranquila para vivir. Son 49 m² cubiertos, con una distribución bien pensada que separa el living del dormitorio, y el baño completo. Cuenta con cochera propia, un lujo que en esta zona se agradece, y está en un edificio con ascensor, lo que suma comodidad en el día a día.

Son 20 años de antigüedad, un edificio de líneas clásicas pero bien mantenido, ideal para quien busca un departamento con personalidad propia y sin los ruidos de las construcciones nuevas. Al no tener amenities, el gasto común es más liviano, y la ubicación te salva de necesitar auto para todo: hay subte cerca, varios colectivos y los bosques de Belgrano a unas cuadras. Perfecto para una pareja o para quien arranca solo, con la posibilidad de sumarle un escritorio o dejarlo bien canchero. Una oportunidad clara para invertir o para estrenar como primer hogar.",false,"{""sintetico"": true, ""caso"": null, ""duplicado_de"": null}"
demo-b,demo-00419,https://demo-b.example/aviso/demo-00419,https://demo-b.example/aviso/demo-00419,Departamento 2 ambientes en Belgrano,185000,USD,319000,ARS,Echeverría 1200,"Belgrano, Capital Federal",Inmobiliaria del Parque,48.3,,48.3,,,,,,,,,,2026-07-20,"Departamento de 2 ambientes en Belgrano, sobre Echeverría al 1200. Con 48 m² cubiertos, cuenta con un dormitorio, un baño completo y cochera. Está al contrafrente, lo que garantiza buena luminosidad y silencio. El edificio tiene ascensor y una antigüedad de 20 años, con mantenimiento en orden. Ideal para quienes buscan un espacio funcional en una zona bien conectada, cerca de comercios y transporte. Sin amenities, pero con todo lo necesario para vivir cómodamente.",false,"{""sintetico"": true, ""caso"": null, ""duplicado_de"": ""demo-00418""}"
demo-a,demo-00420,https://demo-a.example/aviso/demo-00420,https://demo-a.example/aviso/demo-00420,Departamento 3 ambientes en Belgrano,133000,USD,253000,ARS,Blanco Encalada 2678,"Belgrano, Capital Federal",Sur & Asociados,80.1,3,83.1,,,,,,,,,"parrilla, seguridad 24 h",2026-07-15,"Departamento de tres ambientes en Blanco Encalada al 2600, Belgrano. Es al frente, piso 5, con 80 m² cubiertos más 3 m² de balcón terraza. Cuenta con dos dormitorios, un baño completo y parrilla de uso común. El edificio tiene 45 años de antigüedad y seguridad las 24 horas. Ideal para quienes buscan un piso luminoso y bien ubicado, cerca de todo. Sin cochera.",false,"{""sintetico"": true, ""caso"": null, ""duplicado_de"": null}"
demo-b,demo-00421,https://demo-b.example/aviso/demo-00421,https://demo-b.example/aviso/demo-00421,Departamento 5 ambientes en Palermo,765000,USD,161000,ARS,Thames 3049,"Palermo, Capital Federal",Sur & Asociados,220.4,12,232.4,5,4,3,,0,Bueno,,10,,2026-07-19,"Departamento de 5 ambientes en el corazón de Palermo, sobre Thames al 3000, una de las zonas más lindas y concurridas de la ciudad. Son 220 metros cuadrados cubiertos más una terraza de 12 metros, que en el piso 10 se disfruta con una vista que no se tapa. El living está muy bien proporcionado, con un paso cómodo al balcón, y los 4 dormitorios son amplios, ideales para familia grande o para armar un home office además de las habitaciones. Los 3 baños están en buen estado general, al igual que el resto del depto, que se entrega para entrar a vivir o para reciclarlo a gusto y sumarle valor.

La distribución es clásica pero práctica, con los ambientes bien diferenciados y mucha luz. Al no tener cochera ni amenities, el gasto mensual se vuelve mucho más liviano, y la ubicación te salva de todo: a metros de los bares de Palermo Soho y de los subtes. Es un piso 10 en un edificio con personalidad de barrio, bien silencioso y con lindas vistas despejadas. Ideal para el que busca un departamento grande, bien ubicado y con buen estado general, sin pagar el adicional de los edificios modernos. Consultanos por la visita, atención personalizada y sin vueltas.",true,"{""sintetico"": true, ""caso"": null, ""duplicado_de"": null}"
demo-a,demo-00422,https://demo-a.example/aviso/demo-00422,https://demo-a.example/aviso/demo-00422,Departamento 4 ambientes en Belgrano,451000,USD,305000,ARS,Cuba 3346,"Belgrano, Capital Federal",Inmobiliaria del Parque,116.2,12,128.2,4,3,3,8,0,Muy Bueno,,9,"sum, laundry, pileta, gimnasio, seguridad 24 h",2026-07-19,"Departamento en venta en Belgrano, Cuba al 3300. Piso 9, con ascensor, 8 años de antigüedad y muy buen estado. Cuenta con 4 ambientes: 3 dormitorios y 3 baños, una superficie cubierta de 116 m² más 12 m² de balcón terraza con buena vista. El edificio ofrece amenities completos: SUM, laundry, pileta climatizada, gimnasio y seguridad 24 horas. Sin cochera. Ideal para quienes buscan un departamento luminoso, bien distribuido y en una de las zonas más buscadas de la Ciudad, cerca de bares, comercios y medios de transporte. Consultá por visita.",true,"{""sintetico"": true, ""caso"": null, ""duplicado_de"": null}"
demo-b,demo-00423,https://demo-b.example/aviso/demo-00423,https://demo-b.example/aviso/demo-00423,Departamento 4 ambientes en Belgrano,447000,USD,305000,ARS,Cuba 3300,"Belgrano, Capital Federal",Belgrano Brokers,111.9,12,123.9,4,3,3,8,0,Muy Bueno,Frente,9,"sum, laundry, pileta, gimnasio, seguridad 24 h",2026-07-10,"Departamento de 4 ambientes en Belgrano, sobre Cuba al 3300, al frente y con ascensor. Tiene 112 m² cubiertos más 12 m² de balcón terraza, 3 dormitorios y 3 baños, todo en muy buen estado y con 8 años de antigüedad. El edificio cuenta con SUM, lavadero, pileta, gimnasio y seguridad 24 horas. Sin cochera. Ideal para quienes buscan un inmueble bien ubicado y en excelentes condiciones.",true,"{""sintetico"": true, ""caso"": null, ""duplicado_de"": ""demo-00422""}"
demo-a,demo-00424,https://demo-a.example/aviso/demo-00424,https://demo-a.example/aviso/demo-00424,Departamento 1 ambientes en Palermo,112000,USD,,,Serrano 5253,"Palermo, Capital Federal",Casa Nueva Negocios Inmobiliarios,32.1,,32.1,,,,,,,,,,2026-08-08,"Departamento de un ambiente en Serrano al 5200, pleno Palermo. Con 32 m² cubiertos, este inmueble está en muy buen estado y se encuentra en el piso 6, ofreciendo una excelente luminosidad y privacidad. Cuenta con un baño completo y una distribución funcional que aprovecha cada metro. Ideal para quienes buscan un primer hogar o una inversión en uno de los barrios más buscados de la Ciudad. Sin cochera ni amenities, pero con todos los servicios, comercios y medios de transporte a la vuelta de la esquina. Una oportunidad para vivir en una ubicación privilegiada con el confort de un espacio cuidado y listo para habitar. Consultá por visitas.",false,"{""sintetico"": true, ""caso"": null, ""duplicado_de"": null}"
demo-a,demo-00425,https://demo-a.example/aviso/demo-00425,https://demo-a.example/aviso/demo-00425,Departamento 2 ambientes en Belgrano,120000,USD,169000,ARS,Moldes 2243,"Belgrano, Capital Federal",Inmobiliaria del Parque,47.3,8,55.3,2,1,1,30,0,Muy Bueno,Contrafrente,,"parrilla, seguridad 24 h",2026-08-04,"Departamento de 2 ambientes al contrafrente, en pleno corazón de Belgrano, sobre la calle Moldes al 2200. Con 47 m² cubiertos y 8 m² de balcón terraza, este inmueble de 30 años de antigüedad se destaca por su excelente distribución y su ubicación privilegiada, a metros de los principales medios de transporte, bares y zonas verdes del barrio.

Pensado para quienes buscan comodidad y seguridad, el edificio cuenta con amenities destacados: parrilla para disfrutar al aire libre y seguridad 24 horas. El living comedor se integra con el balcón terraza, generando un ambiente luminoso y agradable. La cocina es independiente y el dormitorio, amplio, está separado del living para mayor privacidad. Una opción ideal como inversión o para vivir en una de las zonas más buscadas de la ciudad.",true,"{""sintetico"": true, ""caso"": null, ""duplicado_de"": null}"
demo-a,demo-00426,https://demo-a.example/aviso/demo-00426,https://demo-a.example/aviso/demo-00426,Departamento 2 ambientes en Palermo,134000,USD,244000,ARS,"Humboldt 999, Piso 10","Palermo, Capital Federal",Norte Propiedades,36.2,,36.2,2,1,1,,0,Excelente,,10,,2026-06-07,"Departamento en Humboldt al 900, Palermo, una ubicación que combina tranquilidad con todos los servicios cerca. Está en **piso 10**, **con ascensor**, y se encuentra en **excelente estado**. Es un dos ambientes bien distribuidos, con un dormitorio y un baño completo. La superficie cubierta es de 36 m², ideal para quienes buscan un espacio funcional y cómodo en el corazón del barrio. Sin cochera ni amenities, pero con la practicidad de un edificio bien mantenido. Una oportunidad para vivir en una de las zonas más lindas de la ciudad, con buena luz y vista despejada.",true,"{""sintetico"": true, ""caso"": null, ""duplicado_de"": null}"
demo-b,demo-00427,https://demo-b.example/aviso/demo-00427,https://demo-b.example/aviso/demo-00427,Departamento 1 ambientes en Belgrano,90000,USD,209000,ARS,"Moldes 904, Piso 1","Belgrano, Capital Federal",Casa Nueva Negocios Inmobiliarios,31.3,,31.3,1,0,1,,0,Muy Bueno,,1,,2026-07-20,"Departamento de un ambiente en el corazón de Belgrano, sobre la calle Moldes al 900. Se trata de un piso 1 que se destaca por su muy buen estado, ideal para quienes buscan un lugar cómodo y bien ubicado para estrenar o invertir. Con 31 m² cubiertos, el layout está resuelto de manera eficiente para aprovechar cada metro cuadrado, con un baño completo y una zona de día que invita a relajarse después del trabajo.

La zona es inmejorable: rodeada de bares, restaurantes, subtes y verde para desconectar sin perder la cercanía con el centro. Al no tener cochera ni amenities, el costo de mantenimiento se vuelve más que accesible, algo que se agradece en el día a día. Es una oportunidad concreta para entrar a un barrio que no para de crecer, con la tranquilidad de saber que el edificio está cuidado y la unidad lista para habitar. Ideal para una persona sola o una pareja que valore la practicidad por sobre los lujos.",true,"{""sintetico"": true, ""caso"": null, ""duplicado_de"": null}"
demo-a,demo-00428,https://demo-a.example/aviso/demo-00428,https://demo-a.example/aviso/demo-00428,Departamento 2 ambientes en Palermo,155000,USD,,,"Paraguay 3952, Piso 15","Palermo, Capital Federal",Casa Nueva Negocios Inmobiliarios,47.3,12,59.3,2,1,1,,0,Excelente,,15,,2026-07-31,"Departamento de dos ambientes en alquiler por Paraguay al 3900, pleno Palermo. Con 47 m² cubiertos más un balcón terraza de 12 m², el inmueble está en excelente estado y listo para habitar. Dispone de un dormitorio, un baño completo y cocina integrada al living comedor. El edificio cuenta con ascensor, lo que suma comodidad diaria. Sin cochera ni amenities, es ideal para quien busca un piso funcional en una zona llena de bares, comercios y buena conectividad. Para coordinar visita, consultar disponibilidad.",true,"{""sintetico"": true, ""caso"": null, ""duplicado_de"": null}"
demo-b,demo-00429,https://demo-b.example/aviso/demo-00429,https://demo-b.example/aviso/demo-00429,Departamento 2 ambientes en Palermo,152000,USD,,,"Paraguay 3900, Piso 15","Palermo, Capital Federal",Inmobiliaria del Parque,50.0,12,62.0,2,1,1,0,0,Excelente,,15,,2026-07-28,"Departamento de dos ambientes en Palermo, sobre Paraguay al 3900, piso 15, a estrenar. Cuenta con 50 m² cubiertos más 12 m² de balcón terraza, un dormitorio y un baño. Se entrega en excelente estado, listo para habitar. Sin cochera ni amenities, ideal para quienes buscan un primer hogar o una inversión en una de las zonas más lindas de la ciudad. Aprovechá esta oportunidad única de vivir en un piso alto con buena vista y toda la onda de Palermo. Consultanos sin compromiso.",true,"{""sintetico"": true, ""caso"": null, ""duplicado_de"": ""demo-00428""}"
demo-a,demo-00430,https://demo-a.example/aviso/demo-00430,https://demo-a.example/aviso/demo-00430,Departamento 2 ambientes en Belgrano,121000,USD,518000,ARS,Amenábar 1526,"Belgrano, Capital Federal",Sur & Asociados,47.7,8,55.7,,,,,,,,,"parrilla, solarium",2026-09-01,"Departamento de 2 ambientes en Belgrano, sobre Amenábar al 1500, al contrafrente, lo que garantiza mucha tranquilidad. Tiene 48 m² cubiertos más un balcón terraza de 8 m², ideal para disfrutar al aire libre. Cuenta con un dormitorio, un baño completo y buen estado general, ya que tiene apenas 2 años de antigüedad. El edificio cuenta con ascensor y ofrece parrilla y solarium como amenities. Sin cochera. Una oportunidad para quienes buscan un lugar moderno y bien ubicado en uno de los mejores barrios de la ciudad.",false,"{""sintetico"": true, ""caso"": null, ""duplicado_de"": null}"
demo-b,demo-00431,https://demo-b.example/aviso/demo-00431,https://demo-b.example/aviso/demo-00431,Departamento 2 ambientes en Belgrano,124000,USD,518000,ARS,Amenábar 1500,"Belgrano, Capital Federal",Belgrano Brokers,47.1,8,55.1,,,,,,,,,"parrilla, solarium",2026-09-11,"Departamento de 2 ambientes en Belgrano, sobre Amenábar al 1500, piso 5 con ascensor. Tiene 47 m² cubiertos más 8 m² de balcón terraza, y está al contrafrente, lo que le da mucha luz y silencio. Cuenta con un dormitorio, un baño completo y un living comedor amplio; la cocina es independiente. El inmueble se encuentra en buen estado general, listo para habitar. El edificio ofrece parrilla y solarium como amenities, ideal para disfrutar al aire libre. Sin cochera. Una oportunidad para quienes buscan un departamento bien ubicado, cerca de todo, con buena distribución y espacios al aire libre.",false,"{""sintetico"": true, ""caso"": null, ""duplicado_de"": ""demo-00430""}"
demo-b,demo-00432,https://demo-b.example/aviso/demo-00432,https://demo-b.example/aviso/demo-00432,Departamento 5 ambientes en Palermo,538000,USD,349000,ARS,Malabia 1205,"Palermo, Capital Federal",Estudio Lacroze,157.9,12,169.9,,,,,,,,,,2026-07-06,"Departamento de 5 ambientes en pleno corazón de Palermo, sobre Malabia al 1200, una zona que se destaca por su vida de barrio y su cercanía a todo. Se trata de una propiedad al frente, en un piso 9, con una luminosidad natural que acompaña todos los ambientes. Con 158 m² cubiertos y 12 m² de balcón terraza, la distribución es muy cómoda y aprovechable: 4 dormitorios, ideal para familia o para quienes necesitan espacio para home office, y 1 baño. El inmueble está en buen estado general, listo para habitar o para ponerlo a nuevo a gusto de cada uno.

La orientación al frente le da una vista bien abierta, y el hecho de estar en un noveno piso garantiza tranquilidad y aire fresco. Aunque no cuenta con cochera ni amenities, la ubicación compensa con creces: a pocas cuadras de parques, bares, restaurantes y medios de transporte. Es una oportunidad real para quienes buscan meterse de lleno en el mercado de Palermo sin resignar metros ni potencial. La propiedad se entrega vacía, y la zona invita a disfrutar de todo lo que ofrece el barrio a cualquier hora. Ideal como vivienda principal o para inversión.",false,"{""sintetico"": true, ""caso"": null, ""duplicado_de"": null}"
demo-b,demo-00433,https://demo-b.example/aviso/demo-00433,https://demo-b.example/aviso/demo-00433,Departamento 1 ambientes en Palermo,147000,USD,399000,ARS,"Thames 2310, Piso 7","Palermo, Capital Federal",Norte Propiedades,36.3,,36.3,1,0,1,,0,Muy Bueno,Frente,7,"pileta, sum, seguridad 24 h, laundry, solarium",2026-08-01,"Departamento de 1 ambiente en Palermo, sobre Thames al 2300, al frente y en un piso 7 con muy buen estado. Son 36 m² cubiertos, ideales para quienes buscan practicidad y confort en una zona llena de vida. Cuenta con un baño completo y espacios bien aprovechados. El edificio ofrece pileta, SUM, seguridad las 24 horas, laundry y solarium, todo pensado para sumar calidad de vida sin moverte de tu casa. Sin cochera, pero con todo lo necesario para disfrutar el barrio. Una oportunidad para vivir en uno de los mejores puntos de Palermo.",true,"{""sintetico"": true, ""caso"": null, ""duplicado_de"": null}"
demo-b,demo-00434,https://demo-b.example/aviso/demo-00434,https://demo-b.example/aviso/demo-00434,Departamento 3 ambientes en Palermo,343000,USD,251000,ARS,Soler 2912,"Palermo, Capital Federal",Inmobiliaria del Parque,69.1,5,74.1,3,2,1,,0,Excelente,Frente,9,laundry,2026-04-15,"Departamento de 3 ambientes en Soler al 2900, Palermo, al frente, piso 9. Cuenta con 69 m² cubiertos más 5 m² de balcón terraza, dos dormitorios y un baño. Se encuentra en excelente estado, listo para habitar, con buena luminosidad y vistas abiertas gracias a su orientación. El balcón terraza permite disfrutar del aire libre sin salir de casa. El edificio ofrece laundry como amenities, ideal para sumar comodidad al día a día. Sin cochera. Una oportunidad única en una de las zonas más buscadas de la ciudad, cerca de bares, restaurantes y transporte público.",true,"{""sintetico"": true, ""caso"": null, ""duplicado_de"": null}"
demo-a,demo-00435,https://demo-a.example/aviso/demo-00435,https://demo-a.example/aviso/demo-00435,Departamento 3 ambientes en Palermo,287000,USD,,,Costa Rica 5368,"Palermo, Capital Federal",Grupo Arcos,92.0,,92.0,,,,,,,,,"pileta, gimnasio, laundry",2026-07-01,"Departamento de 3 ambientes en alquiler sobre la calle Costa Rica al 5300, pleno corazón de Palermo. Con 92 metros cuadrados cubiertos, cuenta con 2 dormitorios, un baño completo y un living comedor de buena proporción. La cocina está separada y el inmueble incluye una cochera fija y acceso directo con ascensor. El edificio ofrece amenities destacados como pileta, gimnasio y laundry, ideales para quienes buscan comodidad sin salir de casa. Muy bien ubicado, cerca de bares, tiendas y transporte público, con todo lo necesario para disfrutar el barrio. Una oportunidad que no te podés perder.",false,"{""sintetico"": true, ""caso"": null, ""duplicado_de"": null}"
demo-a,demo-00436,https://demo-a.example/aviso/demo-00436,https://demo-a.example/aviso/demo-00436,Departamento 3 ambientes en Belgrano,306000,USD,159000,ARS,3 de Febrero 2266,"Belgrano, Capital Federal",Grupo Arcos,79.9,8,87.9,,,,,,,,,"laundry, gimnasio, sum, parrilla, pileta",2026-09-08,"Departamento de 3 ambientes en pleno Belgrano, sobre la avenida 3 de Febrero al 2200, ideal para quien busca comodidad y buena conectividad en uno de los barrios más lindos de la ciudad. Son 80 metros cuadrados cubiertos que se aprovechan muy bien, más un balcón terraza de 8 metros que invita a despegarse del día a día. El edificio cuenta con ascensor, así que la subida diaria se hace mucho más llevadera.

Adentro, el living se destaca por ser amplio y con linda luz, perfecto para armar un ambiente de estar y comedor sin dramas. Los dos dormitorios son de lindo tamaño, y el baño está completo. La cocina es independiente, lo que suma a la hora de cocinar sin molestar a nadie.

En cuanto a los amenities acá no te falta nada: pileta para los días de calor, parrilla para juntarse con amigos, SUM para eventos, gimnasio para mantenerte activo sin salir de casa y laundry para simplificarte la rutina. No incluye cochera, pero al estar tan bien ubicado, te manejás caminando con todos los servicios cerca. Una oportunidad para agendar y venir a conocer sin vueltas.",false,"{""sintetico"": true, ""caso"": null, ""duplicado_de"": null}"
demo-a,demo-00437,https://demo-a.example/aviso/demo-00437,https://demo-a.example/aviso/demo-00437,Departamento 2 ambientes en Belgrano,108000,USD,271000,ARS,"Cabildo 2701, Piso 6","Belgrano, Capital Federal",Norte Propiedades,42.8,,42.8,2,1,1,,0,Muy Bueno,,6,"solarium, seguridad 24 h",2026-06-17,"Departamento de 2 ambientes en Belgrano, sobre Cabildo al 2700. Piso 6, con muy buen estado y 43 m² cubiertos bien distribuidos: un dormitorio amplio, baño completo y living comedor que suma claridad. El edificio cuenta con seguridad las 24 horas y un solarium de uso común, ideal para aprovechar los días al aire libre sin moverte de casa. Sin cochera, pero con todos los servicios y el transporte público a la vuelta. Una oportunidad concreta en una de las zonas más buscadas de la ciudad.",true,"{""sintetico"": true, ""caso"": null, ""duplicado_de"": null}"
demo-b,demo-00438,https://demo-b.example/aviso/demo-00438,https://demo-b.example/aviso/demo-00438,Departamento 3 ambientes en Palermo,208000,USD,,,"Fitz Roy 5624, Piso 2","Palermo, Capital Federal",Casa Nueva Negocios Inmobiliarios,65.9,,65.9,3,2,1,2,0,Muy Bueno,,2,,2026-08-01,"Departamento de 3 ambientes en Fitz Roy al 5600, Palermo, CABA. Son 66 m² cubiertos distribuidos en living comedor, cocina, dos dormitorios y un baño completo. Está en piso 2 con ascensor, lo que suma practicidad al día a día, y cuenta con 2 años de antigüedad, por lo que se encuentra en plenas condiciones para habitar sin necesidad de reformas. Sin cochera ni amenities, ideal para quienes buscan un hogar funcional en una de las zonas más conectadas del barrio.",true,"{""sintetico"": true, ""caso"": null, ""duplicado_de"": null}"
demo-b,demo-00439,https://demo-b.example/aviso/demo-00439,https://demo-b.example/aviso/demo-00439,Departamento 3 ambientes en Belgrano,307000,USD,574000,ARS,"O'Higgins 2557, Piso 4","Belgrano, Capital Federal",Casa Nueva Negocios Inmobiliarios,94.5,3,97.5,3,2,1,,0,A Estrenar,,4,,2026-08-24,"Departamento a estrenar en Belgrano, sobre la calle O'Higgins al 2500. Tres ambientes con dos dormitorios y un baño completo, 94 m² cubiertos más un balcón terraza de 3 m². El emprendimiento se encuentra en construcción y la entrega estimada está prevista para los próximos meses. Las fotos corresponden al modelo y no reflejan necesariamente el estado actual de la unidad. Ideal para quienes buscan un hogar moderno en una zona consolidada, con buena conectividad y todos los servicios cerca. Sin cochera ni amenities, pensado para quienes valoran la funcionalidad y la ubicación.",true,"{""sintetico"": true, ""caso"": ""pozo"", ""duplicado_de"": null}"
demo-a,demo-00440,https://demo-a.example/aviso/demo-00440,https://demo-a.example/aviso/demo-00440,Departamento 3 ambientes en Belgrano,213000,USD,232000,ARS,"Zapiola 394, Piso 9","Belgrano, Capital Federal",Belgrano Brokers,94.3,8,102.3,3,2,1,,0,Excelente,,9,"sum, pileta, parrilla",2026-06-16,"Departamento de 3 ambientes en pleno Belgrano, sobre Zapiola al 300, una zona que combina la tranquilidad de un barrio de casas con toda la movida comercial y los accesos que necesitás. Son 94 m² cubiertos más un balcón terraza de 8 m² que le da otra luz al living, ideal para desayunar al aire libre o armar un rincón con plantas. El edificio es con ascensor, y la unidad está en excelente estado, lista para habitar sin vueltas.

La distribución es bien aprovechable: dos dormitorios amplios, un baño completo y una cocina con dependencia de lavadero. El living comedor es espacioso y se integra a la perfección con el balcón. En el edificio tenés sum, pileta y parrilla, así que no hace falta irte a ningún lado para darte un gusto. No tiene cochera, pero en la cuadra hay varias opciones de garage y estacionamiento. Una oportunidad ideal para parejas o familias chicas que busquen un departamento canchero, bien ubicado y con amenities, sin resignar confort.",true,"{""sintetico"": true, ""caso"": null, ""duplicado_de"": null}"
demo-b,demo-00441,https://demo-b.example/aviso/demo-00441,https://demo-b.example/aviso/demo-00441,Departamento 3 ambientes en Belgrano,212000,USD,232000,ARS,"Zapiola 300, Piso 9","Belgrano, Capital Federal",Casa Nueva Negocios Inmobiliarios,95.4,8,103.4,3,2,1,70,0,Excelente,,9,"sum, pileta, parrilla",2026-06-12,"Departamento de 3 ambientes en pleno Belgrano, sobre Zapiola al 300, una de las zonas más buscadas de la ciudad. Se trata de una unidad en el piso 9, con 95 m² cubiertos y 8 m² de balcón terraza que suman un lindo espacio al aire libre para desayunar o leer. El living comedor es amplio y se divide de los dos dormitorios, que son silenciosos y con buena distribución. La cocina es independiente y el baño completo. Algo a tener en cuenta: el edificio tiene 70 años de antigüedad, así que hablamos de una construcción con carácter y buena estructura, ideal para quien busca un departamento con historia en un barrio consolidado.

El edificio ofrece amenities que se agradecen: pileta para los días de calor, parrilla para juntadas y un SUM para eventos o reuniones. No incluye cochera, pero al estar tan bien ubicado, te manejás caminando por las calles arboladas de Belgrano, cerca de los subtes, los colectivos y los bares de la zona. Es una oportunidad para vivir cómodo, con todo a mano y sin renunciar a la tranquilidad de un barrio que se siente de verdad. Ideal para parejas o familias chicas que quieran un piso con personalidad y buena onda.",true,"{""sintetico"": true, ""caso"": null, ""duplicado_de"": ""demo-00440""}"
demo-a,demo-00442,https://demo-a.example/aviso/demo-00442,https://demo-a.example/aviso/demo-00442,Departamento 1 ambientes en Palermo,136000,USD,403000,ARS,"Nicaragua 4699, Piso 3","Palermo, Capital Federal",Grupo Arcos,36.2,,36.2,1,0,1,25,0,Muy Bueno,,3,"sum, pileta, solarium",2026-08-16,"Departamento de 1 ambiente en Nicaragua al 4600, Palermo. Con 36 m² cubiertos, muy buen estado y 25 años de antigüedad. Se encuentra en piso 3, con acceso a sum, pileta y solarium. Ideal para quienes buscan un espacio funcional en una zona bien conectada, con todos los servicios cerca. Sin cochera.",true,"{""sintetico"": true, ""caso"": null, ""duplicado_de"": null}"
demo-a,demo-00443,https://demo-a.example/aviso/demo-00443,https://demo-a.example/aviso/demo-00443,Departamento 4 ambientes en Palermo,237000,USD,,,"Nicaragua 497, Piso 4","Palermo, Capital Federal",Casa Nueva Negocios Inmobiliarios,113.7,5,118.7,4,3,2,70,0,Bueno,Interno,4,,2026-08-26,"Departamento de 4 ambientes en pleno corazón de Palermo, sobre la calle Nicaragua al 400. Se trata de una unidad interna muy luminosa, en buen estado general, ideal para quien busca un lugar tranquilo y bien conectado. Con 114 m² cubiertos más 5 m² de balcón terraza, el living se destaca por su amplitud y la cocina conserva detalles de época que le dan un toque especial.

Son 3 dormitorios y 2 baños, todos en el piso 4, con una distribución que aprovecha cada rincón sin desperdiciar metros. Al tener 70 años de antigüedad, el edificio mantiene la impronta clásica de la zona, con un hall de entrada que ya dice que estás en Palermo. La zona es inmejorable: a metros de bares, plazas y subtes, con la vida barrial bien porteña. No tiene cochera ni amenities, pero la ubicación lo compensa con creces. Un dos ambientes con receso, para que sepas que el valor está en el barrio y en la planta.",true,"{""sintetico"": true, ""caso"": null, ""duplicado_de"": null}"
demo-a,demo-00444,https://demo-a.example/aviso/demo-00444,https://demo-a.example/aviso/demo-00444,Departamento 4 ambientes en Belgrano,647000,USD,,,Echeverría 4205,"Belgrano, Capital Federal",Estudio Lacroze,160.0,3,163.0,4,3,3,15,0,Bueno,,8,"parrilla, pileta, laundry, solarium, gimnasio",2026-07-28,"Departamento en venta en Belgrano, sobre Echeverría al 4200. Son 4 ambientes distribuidos en 3 dormitorios y 3 baños, con 160 m² cubiertos más un balcón terraza de 3 m². El edificio tiene 15 años de antigüedad y está en buen estado general, con ascensor. No incluye cochera, pero cuenta con amenities como parrilla, pileta, laundry, solarium y gimnasio. Una opción muy práctica para quien busca espacio y comodidades en una zona bien conectada del barrio.",true,"{""sintetico"": true, ""caso"": null, ""duplicado_de"": null}"
demo-b,demo-00445,https://demo-b.example/aviso/demo-00445,https://demo-b.example/aviso/demo-00445,Departamento 3 ambientes en Palermo,312000,USD,240000,ARS,"Thames 4008, Piso 7","Palermo, Capital Federal",Casa Nueva Negocios Inmobiliarios,100.5,,100.5,3,2,1,12,0,Muy Bueno,Interno,7,"gimnasio, pileta, solarium, seguridad 24 h, sum",2026-07-07,"Departamento de 3 ambientes en Palermo, sobre Thames al 4000, piso 7. Es una unidad interna de 100 m² cubiertos, con muy buen estado y 12 años de antigüedad. Cuenta con dos dormitorios, un baño completo y está pensado para quienes valoran la tranquilidad sin renunciar a la ubicación. El edificio ofrece gimnasio, pileta, solarium, seguridad las 24 horas y salón de usos múltiples. Sin cochera. Ideal como vivienda o inversión.",true,"{""sintetico"": true, ""caso"": null, ""duplicado_de"": null}"
demo-a,demo-00446,https://demo-a.example/aviso/demo-00446,https://demo-a.example/aviso/demo-00446,Departamento 3 ambientes en Belgrano,212000,USD,,,Migueletes 3368,"Belgrano, Capital Federal",Grupo Arcos,88.4,3,91.4,3,2,1,,0,Excelente,Frente,,,2026-07-23,"Departamento de 3 ambientes al frente en venta en el barrio de Belgrano, sobre Migueletes al 3300. Se trata de una unidad de 88 m² cubiertos más 3 m² de balcón terraza, distribuida en dos dormitorios y un baño. El edificio cuenta con ascensor y la propiedad no incluye cochera ni amenities.

Es una opción ideal para quienes buscan un tres ambientes bien ubicado y funcional. Si te interesa, no dudes en escribirnos y coordinamos una visita sin compromiso. Te esperamos.",true,"{""sintetico"": true, ""caso"": null, ""duplicado_de"": null}"
demo-b,demo-00447,https://demo-b.example/aviso/demo-00447,https://demo-b.example/aviso/demo-00447,Departamento 3 ambientes en Belgrano,213000,USD,,,Migueletes 3300,"Belgrano, Capital Federal",Sur & Asociados,90.7,3,93.7,3,2,1,40,0,Excelente,Frente,,,2026-07-13,"Departamento de tres ambientes en Belgrano, sobre Migueletes al 3300, al frente, con una superficie total de 94 m² (91 cubiertos más 3 m² de balcón terraza). Cuenta con dos dormitorios, un baño completo y un living comedor de buena proporción. A pesar de sus 40 años de antigüedad, se encuentra en excelente estado, listo para habitar sin necesidad de reformas inmediatas. La ubicación es privilegiada, cerca de todos los servicios y a metros de los principales puntos de la zona. Ideal para quienes buscan un hogar clásico en un barrio tradicional. No incluye cochera ni amenities.",true,"{""sintetico"": true, ""caso"": null, ""duplicado_de"": ""demo-00446""}"
demo-b,demo-00448,https://demo-b.example/aviso/demo-00448,https://demo-b.example/aviso/demo-00448,Departamento 1 ambientes en Belgrano,102000,USD,,,Ciudad de la Paz 2133,"Belgrano, Capital Federal",Sur & Asociados,33.8,,33.8,,,,,,,,,"parrilla, laundry, pileta, seguridad 24 h, solarium",2026-07-25,"Departamento a estrenar en pleno Belgrano, sobre Ciudad de la Paz al 2100, una de las zonas más buscadas de la Ciudad. Se trata de un luminoso 1 ambiente al contrafrente, piso 4, con baño en excelente estado y 34 m² de superficie cubierta bien aprovechados. Ideales para quienes buscan su primera vivienda o una inversión segura en un edificio con amenities de nivel.

El desarrollo cuenta con seguridad 24 horas, pileta, solarium, parrilla y laundry, pensados para que te olvides de todo y disfrutes la ubicación estratégica: cerca de verde, subtes y toda la oferta comercial de Belgrano. Al estar al contrafrente, se garantiza silencio y tranquilidad, un lujo difícil de conseguir en la ciudad. Es una oportunidad única para estrenar un dos ambientes de calidad sin necesidad de reformas, en una propiedad moderna y lista para habitar.",false,"{""sintetico"": true, ""caso"": null, ""duplicado_de"": null}"
demo-a,demo-00449,https://demo-a.example/aviso/demo-00449,https://demo-a.example/aviso/demo-00449,Departamento 4 ambientes en Belgrano,261000,USD,357000,ARS,Ciudad de la Paz 1922,"Belgrano, Capital Federal",Sur & Asociados,104.1,3,107.1,,,,,,,,,"parrilla, seguridad 24 h",2026-08-12,"Departamento de 4 ambientes en pleno Belgrano, sobre Ciudad de la Paz al 1900, una zona con salidas a mano y mucho verde cerca. Se trata de una unidad **al frente**, muy luminosa y en **muy buen estado**, lista para habitar sin vueltas. Son 104 m² cubiertos más 3 m² de balcón/terraza, con una distribución que aprovecha cada metro: 3 dormitorios bien separados y 3 baños completos, algo difícil de conseguir por esta zona.

El edificio cuenta **con ascensor** y seguridad 24 horas, un plus que suma tranquilidad. También tiene parrilla en el SUM para cuando quieras juntarte sin moverte de tu casa. No incluye cochera, pero al estar tan bien ubicado te manejás caminando o en bondi para todos lados. Ideal para familia que busca comodidad, o para aquellos que quieren un buen departamento con espacios amplios y un toque de aire libre. Se destaca el estado impecable y la zona, que es de las más buscadas de la Ciudad.",false,"{""sintetico"": true, ""caso"": null, ""duplicado_de"": null}"
demo-b,demo-00450,https://demo-b.example/aviso/demo-00450,https://demo-b.example/aviso/demo-00450,Departamento 2 ambientes en Belgrano,197000,USD,213000,ARS,Juramento 2644,"Belgrano, Capital Federal",Mirador Propiedades,46.1,8,54.1,,,,,,,,,"gimnasio, seguridad 24 h",2026-08-03,"Departamento de 2 ambientes en Belgrano, sobre Juramento al 2600, al frente, con muy buena luz y ventilación. Cuenta con 46 m² cubiertos más un balcón terraza de 8 m², ideal para disfrutar al aire libre sin salir de casa. El living comedor es amplio y la cocina está integrada. El dormitorio tiene buena dimensión y el baño está completo. El inmueble está en buen estado general, listo para habitar o para invertir. El edificio ofrece amenities como gimnasio y seguridad 24 horas, lo que suma tranquilidad y comodidad. Sin cochera. Una oportunidad en una zona con todos los servicios, cerca de subtes, colectivos y comerciales.",false,"{""sintetico"": true, ""caso"": null, ""duplicado_de"": null}"
demo-a,demo-00451,https://demo-a.example/aviso/demo-00451,https://demo-a.example/aviso/demo-00451,Departamento 4 ambientes en Belgrano,429000,USD,333000,ARS,Blanco Encalada 947,"Belgrano, Capital Federal",Grupo Arcos,152.3,,152.3,,,,,,,,,,2026-06-06,"Departamento de 4 ambientes en Belgrano, sobre Blanco Encalada al 900, con 152 m² cubiertos y 3 dormitorios. Se destaca por su excelente estado, ya que tiene apenas 5 años de antigüedad y está impecable. El edificio cuenta con ascensor, ideal para el día a día. El inmueble ofrece un living comedor amplio, cocina independiente y un baño completo, todo en muy buen mantenimiento. Sin cochera ni amenities, pero con la practicidad de estar en una zona bien conectada, cerca de comercios y transportes. Una oportunidad para vivir cómodamente en uno de los barrios más buscados de la Ciudad.",false,"{""sintetico"": true, ""caso"": null, ""duplicado_de"": null}"
demo-a,demo-00452,https://demo-a.example/aviso/demo-00452,https://demo-a.example/aviso/demo-00452,Departamento 3 ambientes en Palermo,359000,USD,,,"Gorriti 1469, Piso 9","Palermo, Capital Federal",Grupo Arcos,81.1,,81.1,3,2,1,5,0,Muy Bueno,Contrafrente,9,"laundry, parrilla",2026-08-14,"Departamento de 3 ambientes en Palermo, sobre Gorriti al 1400. Muy buen estado, al contrafrente, piso 9, con 5 años de antigüedad. Cuenta con 2 dormitorios, un baño completo y 81 m² cubiertos. El edificio ofrece laundry y parrilla para disfrutar. Sin cochera. Ideal para quienes buscan un piso tranquilo y luminoso en una de las mejores zonas de la ciudad.",true,"{""sintetico"": true, ""caso"": null, ""duplicado_de"": null}"
demo-a,demo-00453,https://demo-a.example/aviso/demo-00453,https://demo-a.example/aviso/demo-00453,Departamento 4 ambientes en Belgrano,231000,USD,,,"Mendoza 5122, Piso 5","Belgrano, Capital Federal",Norte Propiedades,79.1,,79.1,4,3,2,50,1,Excelente,Frente,5,"gimnasio, seguridad 24 h, sum, parrilla, solarium",2026-07-31,"Departamento en Belgrano, Mendoza al 5100, al frente, piso 5, con 79 metros cuadrados cubiertos. Es un cuatro ambientes de tres dormitorios y dos baños, en excelente estado a pesar de sus 50 años de antigüedad, lo que le da una construcción sólida y bien conservada. Incluye cochera propia y acceso a amenities como gimnasio, SUM, parrilla y solarium, además de seguridad 24 horas. Ideal para quienes quieren un piso luminoso en una zona residencial con todos los servicios cerca.",true,"{""sintetico"": true, ""caso"": null, ""duplicado_de"": null}"
demo-a,demo-00454,https://demo-a.example/aviso/demo-00454,https://demo-a.example/aviso/demo-00454,Departamento 4 ambientes en Palermo,402000,USD,449000,ARS,Humboldt 3321,"Palermo, Capital Federal",Estudio Lacroze,102.0,,102.0,,,,,,,,,sum,2026-06-16,"Departamento de 4 ambientes en Palermo, Humboldt al 3300, piso 8 al contrafrente. 102 m² cubiertos, 3 dormitorios y 2 baños, a estrenar y en buen estado general. Sin cochera, pero cuenta con SUM de uso común. Ideal para quienes buscan un dos ambientes con espacios amplios y luminosos, con la tranquilidad de estar en un piso alto sin los ruidos de la calle. La ubicación es inmejorable, a pasos de los bares y parques de Palermo, con todos los servicios a mano. Un departamento que combina modernidad y confort, listo para habitar desde el primer día.",false,"{""sintetico"": true, ""caso"": null, ""duplicado_de"": null}"
demo-a,demo-00455,https://demo-a.example/aviso/demo-00455,https://demo-a.example/aviso/demo-00455,Departamento 5 ambientes en Palermo,634000,USD,223000,ARS,Humboldt 2987,"Palermo, Capital Federal",Mirador Propiedades,215.6,,215.6,,,,,,,,,"pileta, seguridad 24 h",2026-08-20,"Departamento de 5 ambientes en el corazón de Palermo, sobre Humboldt al 2900, una de las zonas más buscadas de la ciudad. Se trata de una propiedad muy bien lograda, en muy buen estado y lista para habitar, con una distribución que aprovecha cada metro de sus 216 metros cuadrados cubiertos. Al contrafrente, el silencio y la luminosidad se convierten en los grandes protagonistas, algo difícil de encontrar en la zona.

Son 4 dormitorios amplios, ideales para una familia que necesite espacios diferenciados, y un baño completo. El living comedor es amplio y se integra a la cocina, generando un ambiente bien de loft. Estamos hablando de un piso 5, con una vista que despeja la vista del arbolado de Palermo. El edificio cuenta con seguridad 24 horas y pileta, perfecto para disfrutar los días de calor sin moverte de casa. Si bien no tiene cochera, la ubicación es inmejorable, con todos los servicios y medios de transporte a pocas cuadras. Una oportunidad concreta para quienes buscan calidad de vida y buena ubicación en un barrio con identidad propia.",false,"{""sintetico"": true, ""caso"": null, ""duplicado_de"": null}"
demo-b,demo-00456,https://demo-b.example/aviso/demo-00456,https://demo-b.example/aviso/demo-00456,Departamento 5 ambientes en Palermo,623000,USD,223000,ARS,Humboldt 2900,"Palermo, Capital Federal",Casa Nueva Negocios Inmobiliarios,211.5,,211.5,,,,,,,,,"pileta, seguridad 24 h",2026-08-19,"Humboldt al 2900, en pleno Palermo. Departamento de 5 ambientes, 4 dormitorios y 1 baño, en un piso 5 con ascensor. Tiene 212 m² cubiertos y está al contrafrente, lo que garantiza mucha luz y silencio. El inmueble está en muy buen estado, listo para habitar. Cuenta con pileta y seguridad 24 horas, ideal para quienes buscan comodidad y tranquilidad en una zona con todos los servicios a mano. Sin cochera.",false,"{""sintetico"": true, ""caso"": null, ""duplicado_de"": ""demo-00455""}"
demo-a,demo-00457,https://demo-a.example/aviso/demo-00457,https://demo-a.example/aviso/demo-00457,Departamento 1 ambientes en Palermo,183000,USD,259000,ARS,Darregueyra 4083,"Palermo, Capital Federal",Norte Propiedades,35.0,,35.0,,,,,,,,,"parrilla, seguridad 24 h, pileta, sum, laundry",2026-08-23,"Departamento de 1 ambiente en el corazón de Palermo, sobre la calle Darregueyra al 4000. Un inmueble en excelente estado y con muy buena distribución en sus 35 metros cuadrados cubiertos. Está ubicado en el piso 12, lo que le suma mucha luz y vista abierta al barrio, y cuenta con 20 años de antigüedad bien llevados, con terminaciones que se notan cuidadas. El edificio ofrece parrilla, pileta, SUM y laundry, además de seguridad 24 horas para mayor tranquilidad. Tiene un baño completo y está listo para entrar a vivir o para alquilar como inversión. Sin cochera. Ideal para quienes buscan un lugar cómodo y bien conectado en una de las zonas más buscadas de la Ciudad.",false,"{""sintetico"": true, ""caso"": null, ""duplicado_de"": null}"
demo-a,demo-00458,https://demo-a.example/aviso/demo-00458,https://demo-a.example/aviso/demo-00458,Departamento 3 ambientes en Palermo,430000,USD,309000,ARS,Ravignani 3531,"Palermo, Capital Federal",Belgrano Brokers,82.3,5,87.3,3,2,1,,0,Excelente,,0,,2026-08-26,"Departamento de 3 ambientes en pleno Palermo, sobre Ravignani al 3500, una ubicación que combina la tranquilidad de una zona residencial con la cercanía de bares, restaurantes y subtes. Se trata de una planta baja ideal para quienes buscan huir de las esperas y disfrutar de un acceso directo desde la vereda.

La propiedad ofrece 82 m² cubiertos más 5 m² de balcón/terraza, con una distribución que aprovecha cada metro. Sus dos dormitorios son amplios y luminosos, y el baño completo está bien resuelto. Al no contar con amenities ni cochera, el costo de expensas se mantiene acotado, algo cada vez más difícil de encontrar en la zona.

Pensada para vivir en pareja, en familia chica o como inversión, esta unidad se destaca por su practicidad. Al estar en planta baja, no hay que depender de ascensor ni de escaleras para el día a día. Una oportunidad concreta para ponerle el ojo a un barrio que no pierde valor.",true,"{""sintetico"": true, ""caso"": null, ""duplicado_de"": null}"
demo-a,demo-00459,https://demo-a.example/aviso/demo-00459,https://demo-a.example/aviso/demo-00459,Departamento 5 ambientes en Palermo,567000,USD,202000,ARS,"Fitz Roy 1602, Piso 6","Palermo, Capital Federal",Norte Propiedades,184.6,3,187.6,5,4,1,25,0,Muy Bueno,,6,,2026-08-04,"Departamento de 5 ambientes en pleno corazón de Palermo, sobre Fitz Roy al 1600, en una zona que combina lo mejor de la ciudad: bares, verde y la cercanía al subte. Estamos hablando de un piso 6, luminoso eso sí, pero sin vueltas: con 25 años de antigüedad, el edificio está bien mantenido y el departamento se entrega en muy buen estado, listo para habitar sin grandes reformas.

Con 185 m² cubiertos más 3 m² de balcón/terraza, la distribución es la clásica de los departamentos de categoría de esa época: 4 dormitorios, un baño y espacios amplios que se adaptan tanto a una familia grande como a quien busque tener un escritorio o un cuarto de invitados. No tiene cochera, pero en la cuadra hay posibilidades de alquilar un garage; tampoco suma amenities, aunque la ubicación se encarga de compensarlo con la vida de barrio.

La cocina es amplia y el living, con ventanas al frente, tiene linda proporción. La terraza, chica pero funcional, suma ese detalle para sacar la cabeza al exterior. Ideal para el que priorice la locación y la superficie por sobre los lujos. Consultar por visitas, se atiende a los dueños.",true,"{""sintetico"": true, ""caso"": null, ""duplicado_de"": null}"
demo-a,demo-00460,https://demo-a.example/aviso/demo-00460,https://demo-a.example/aviso/demo-00460,Departamento 2 ambientes en Palermo,192000,USD,216000,ARS,"Cabrera 4095, Piso 12","Palermo, Capital Federal",Estudio Lacroze,47.7,8,55.7,2,1,1,2,0,Excelente,,12,,2026-06-19,"Departamento de 2 ambientes en Palermo, sobre la calle Cabrera al 4000. Se trata de un piso 12 con ascensor, lo que garantiza luminosidad y privacidad durante todo el día. Cuenta con un dormitorio, un baño completo y un living-comedor integrado que se abre a un balcón terraza de 8 m², ideal para sumar un espacio al aire libre. La superficie cubierta es de 48 m², bien distribuidos. El edificio tiene apenas 2 años de antigüedad, por lo que se encuentra en excelentes condiciones de mantenimiento y conservación. Sin cochera ni amenities, pero con todos los servicios y la conectividad que ofrece el barrio. Una oportunidad para quienes buscan un departamento moderno, funcional y bien ubicado en una de las zonas más buscadas de la Ciudad.",true,"{""sintetico"": true, ""caso"": null, ""duplicado_de"": null}"
demo-b,demo-00461,https://demo-b.example/aviso/demo-00461,https://demo-b.example/aviso/demo-00461,Departamento 2 ambientes en Palermo,211000,USD,,,Serrano 743,"Palermo, Capital Federal",Estudio Lacroze,49.0,,49.0,,,,,,,,,,2026-07-25,"Departamento de 2 ambientes en el corazón de Palermo, sobre la calle Serrano al 700. Piso 4, al frente, con ascensor y una muy linda vista que acompaña la luminosidad del día. Son 49 m2 de superficie cubierta, distribuidos en un living comedor amplio y prolijo, un dormitorio cómodo y un baño completo. El edificio tiene 8 años de antigüedad, lo que se nota en los detalles modernos y en el buen estado general, sin necesidad de meterse en obras grandes. 

La zona es de lo mejor: llena de bares, restaurantes y verde cerca, con el subte y varios colectivos a la vuelta. Al no tener cochera ni amenities, el costo de expensas se mantiene liviano, ideal para quienes buscan un departamento canchero y práctico para estrenar o invertir. Una oportunidad clara para mudarse a Palermo sin pagar de más por un edificio viejo.",false,"{""sintetico"": true, ""caso"": null, ""duplicado_de"": null}"
demo-b,demo-00463,https://demo-b.example/aviso/demo-00463,https://demo-b.example/aviso/demo-00463,Departamento 1 ambientes en Palermo,126000,USD,512000,ARS,Bulnes 4792,"Palermo, Capital Federal",Mirador Propiedades,32.6,,32.6,,,,,,,,,"solarium, parrilla",2026-07-28,"Departamento de 1 ambiente en Bulnes al 4700, pleno Palermo. Estamos hablando de un piso 6, así que la vista y la luminosidad están aseguradas, y con ascensor, olvidate de subir escaleras con las bolsas del super. Son 33 metros cuadrados cubiertos, ideales para una pareja joven o para alguien que busca un refugio con buena energía en el barrio.

El edificio cuenta con solarium y parrilla, perfectos para aprovechar los días lindos sin salir de casa. Incluye una cochera, un lujo que en esta zona se agradece muchísimo. La distribución es prolija y funcional, para que cada metro cuadrado rinda. Un dos ambientes (living y dormitorio integrados, o como prefieras jugarle) con baño completo, pensado para arrancar el día con todo o para invertir. Aprovechá que tenés la oportunidad de vivir en una de las zonas más buscadas de la ciudad, con todos los bares, bares y subtes cerca. Consultanos por la visita, la propiedad te está esperando.",false,"{""sintetico"": true, ""caso"": null, ""duplicado_de"": null}"
demo-a,demo-00464,https://demo-a.example/aviso/demo-00464,https://demo-a.example/aviso/demo-00464,Departamento 3 ambientes en Palermo,322000,USD,249000,ARS,"Bonpland 1277, Piso 5","Palermo, Capital Federal",Casa Nueva Negocios Inmobiliarios,84.1,,84.1,3,2,1,15,0,Excelente,Frente,5,seguridad 24 h,2026-08-31,"Departamento de 3 ambientes en el corazón de Palermo, sobre Bonpland al 1200. Una oportunidad única para quienes buscan un lugar bien ubicado, en un edificio con seguridad 24 horas y en excelente estado. Son 84 metros cuadrados totalmente al frente, lo que garantiza una muy buena luminosidad durante todo el día. Al contar con ascensor, la comodidad está asegurada para el día a día, y su orientación le da una impronta especial a cada ambiente.

El inmueble tiene 15 años de antigüedad, pero se mantiene impecable y con los servicios de un edificio moderno sin perder la calidez de los builds de esa época. Al no tener cochera, se destaca por su practicidad y porque estás a pasos de toda la movida de Palermo. Ideal para parejas o inversores que buscan un 3 ambientes con dos dormitorios y un baño, pensado para vivir cómodo y cerca de todo. Consultá sin compromiso.",true,"{""sintetico"": true, ""caso"": null, ""duplicado_de"": null}"
demo-a,demo-00465,https://demo-a.example/aviso/demo-00465,https://demo-a.example/aviso/demo-00465,Departamento 1 ambientes en Palermo,174000,USD,226000,ARS,"Salguero 5541, Piso 6","Palermo, Capital Federal",Estudio Lacroze,42.0,,42.0,1,0,1,5,0,Bueno,,6,,2026-08-23,"Departamento de 1 ambiente en Palermo, sobre la calle Salguero al 5500. Con 42 m² cubiertos, cuenta con un baño completo y buen estado general. El edificio tiene 5 años de antigüedad y es con ascensor, lo que suma comodidad a la vida diaria. Se trata de una unidad bien distribuida, ideal para quienes buscan un primer hogar o una inversión en una zona de alto valor.",true,"{""sintetico"": true, ""caso"": null, ""duplicado_de"": null}"
demo-b,demo-00466,https://demo-b.example/aviso/demo-00466,https://demo-b.example/aviso/demo-00466,Departamento 3 ambientes en Palermo,398000,USD,,,"Thames 5093, Piso 1","Palermo, Capital Federal",Mirador Propiedades,71.5,8,79.5,3,2,1,0,0,A Estrenar,Contrafrente,1,parrilla,2026-08-27,"Departamento de 3 ambientes en Palermo, sobre Thames al 5000, al contrafrente, con 72 m² cubiertos más 8 m² de balcón/terraza. Cuenta con dos dormitorios, un baño completo y parrilla en el balcón. Es un emprendimiento en construcción: las fotos son del modelo y la entrega estimada es para el próximo año. Se trata de una unidad a estrenar, ideal para quienes buscan un dos ambientes funcional con espacio exterior, sin cochera.",true,"{""sintetico"": true, ""caso"": ""pozo"", ""duplicado_de"": null}"
demo-a,demo-00467,https://demo-a.example/aviso/demo-00467,https://demo-a.example/aviso/demo-00467,Departamento 4 ambientes en Belgrano,366000,USD,227000,ARS,"Migueletes 2120, Piso 5","Belgrano, Capital Federal",Casa Nueva Negocios Inmobiliarios,142.4,5,147.4,4,3,3,0,0,Bueno,,5,"laundry, sum, seguridad 24 h",2026-08-02,"Departamento de 4 ambientes en Belgrano, sobre Migueletes al 2100, a estrenar. Se trata de un tercer dormitorio que completa los 3 baños, todo en buen estado general y con terminaciones de calidad. Está en piso 5, con ascensor, y ofrece una superficie cubierta de 142 m² más un balcón terraza de 5 m². El edificio cuenta con amenities como laundry, SUM y seguridad las 24 horas. Sin cochera, pero bien conectado a transporte y comercios del barrio. Ideal para quienes buscan un departamento amplio, luminoso y listo para habitar.",true,"{""sintetico"": true, ""caso"": null, ""duplicado_de"": null}"
demo-b,demo-00468,https://demo-b.example/aviso/demo-00468,https://demo-b.example/aviso/demo-00468,Departamento 3 ambientes en Belgrano,202000,USD,287000,ARS,O'Higgins 856,"Belgrano, Capital Federal",Norte Propiedades,77.8,,77.8,3,2,1,45,0,Bueno,Frente,2,"gimnasio, pileta, parrilla",2026-07-18,"Departamento de 3 ambientes en O'Higgins al 800, Belgrano. Totalmente al frente, piso 2 con ascensor, luz natural todo el día. Tiene 78 m² cubiertos, dos dormitorios y un baño completo. Ideal para quien busca un lugar bien ubicado, cerca de todo, con los amenities que hacen la diferencia: gimnasio, pileta y parrilla para disfrutar sin salir del edificio. Cuenta con 45 años de antigüedad, pero su distribución clásica y la tranquilidad del barrio lo convierten en una opción a considerar. Sin cochera, pero con fácil estacionamiento en la zona. Consultá por visita.",true,"{""sintetico"": true, ""caso"": null, ""duplicado_de"": null}"
demo-a,demo-00469,https://demo-a.example/aviso/demo-00469,https://demo-a.example/aviso/demo-00469,Departamento 4 ambientes en Palermo,359000,USD,223000,ARS,"Fitz Roy 5804, Piso 15","Palermo, Capital Federal",Estudio Lacroze,93.6,12,105.6,4,3,2,12,0,Excelente,Frente,15,gimnasio,2026-07-29,"Departamento de 4 ambientes al frente, en pleno Palermo, sobre Fitz Roy al 5800. Son 94 metros cuadrados cubiertos más 12 de balcón terraza que suman un lindo pulmón al aire libre, con una vista que acompaña el día a día. Estamos hablando de un piso 15, así que la luminosidad y el aire corren por todos los ambientes.

El layout es cómodo y bien pensado: 3 dormitorios, 2 baños y un living comedor amplio que se integra a la cocina, ideal para vivir sin vueltas. El edificio tiene gimnasio, un plus para no moverte de casa. Son 12 años de antigüedad, con buena construcción, y la zona es de lo mejor: lleno de bares, plazas y subtes cerca. No incluye cochera, pero en Palermo te manejás igual. Una oportunidad para los que buscan meterse en un departamento con carácter, bien iluminado y con ese aire de Buenos Aires que tanto se disfruta.",true,"{""sintetico"": true, ""caso"": null, ""duplicado_de"": null}"
demo-a,demo-00470,https://demo-a.example/aviso/demo-00470,https://demo-a.example/aviso/demo-00470,Departamento 2 ambientes en Palermo,235000,USD,220000,ARS,"Serrano 2989, Piso 15","Palermo, Capital Federal",Mirador Propiedades,47.4,12,59.4,2,1,1,5,0,Bueno,,15,"sum, laundry, parrilla",2026-04-30,"Departamento de 2 ambientes en el corazón de Palermo, sobre Serrano al 2900, en una zona llena de vida comercial y lindero a los bosques. Se trata de una unidad en **buen estado general**, ubicada en un **piso 15** con una vista despejada que se aprovecha desde el balcón/terraza de 12 m², ideal para disfrutar al aire libre sin salir de casa. El inmueble tiene 47 m² cubiertos bien distribuidos: living comedor, cocina separada, un dormitorio y un baño completo. 

La propiedad cuenta con **5 años de antigüedad**, lo que la convierte en una opción moderna pero con los gastos y el mantenimiento de un edificio joven. Entre sus comodidades se destacan el SUM, la laundry y una parrilla para compartir con amigos o relajar los fines de semana. Sin lugar a dudas, una gran oportunidad para quienes buscan un departamento eficiente, luminoso y en una de las zonas más buscadas de la ciudad, con todos los servicios a la vuelta de la esquina. Ideal para parejas o como inversión.",true,"{""sintetico"": true, ""caso"": null, ""duplicado_de"": null}"
demo-a,demo-00471,https://demo-a.example/aviso/demo-00471,https://demo-a.example/aviso/demo-00471,Departamento 2 ambientes en Palermo,83000,USD,148000,ARS,Juncal 4206,"Palermo, Capital Federal",Estudio Lacroze,43.5,,43.5,,,,,,,,,"gimnasio, pileta, laundry, parrilla, sum",2026-08-13,"Departamento de 2 ambientes en Juncal al 4200, Palermo. Cuenta con 44 m² cubiertos, un dormitorio y un baño. Está al frente, con buena luz natural. Se entrega a refaccionar, ideal para ponerlo a tu gusto y sumarle valor. El edificio ofrece gimnasio, pileta, laundry, parrilla y SUM. Sin cochera. Es una oportunidad única con precio promocional por tiempo limitado, pensada para quienes buscan invertir en una de las mejores zonas de la ciudad. No dejes pasar esta chance. Consultanos.",false,"{""sintetico"": true, ""caso"": ""promocional"", ""duplicado_de"": null}"
demo-b,demo-00472,https://demo-b.example/aviso/demo-00472,https://demo-b.example/aviso/demo-00472,Departamento 1 ambientes en Belgrano,107000,USD,188000,ARS,Echeverría 4781,"Belgrano, Capital Federal",Casa Nueva Negocios Inmobiliarios,33.0,4.0,37.0,1,0,1,,1,A Estrenar,,0,,2026-08-19,"Departamento a estrenar en Belgrano, sobre Echeverría al 4700. Ideal para quienes buscan un primer hogar o una inversión con buena ubicación. Cuenta con 33 m² cubiertos más un balcón/terraza de 4 m², perfecto para disfrutar al aire libre. El ambiente es amplio y luminoso, con baño completo y cocina integrada. Incluye una cochera propia, un plus en la zona. El edificio es sin ascensor, pero de construcción reciente y muy bien terminado. Sin amenities, lo que mantiene las expensas bajas. Una oportunidad única en uno de los barrios más buscados de la Ciudad, cerca de comercios, transportes y espacios verdes. No dejes pasar este departamento a estrenar.",true,"{""sintetico"": true, ""caso"": null, ""duplicado_de"": null}"
demo-a,demo-00473,https://demo-a.example/aviso/demo-00473,https://demo-a.example/aviso/demo-00473,Departamento 5 ambientes en Belgrano,325000,USD,,,"Blanco Encalada 5216, Piso 15","Belgrano, Capital Federal",Mirador Propiedades,124.5,,124.5,5,4,2,5,1,Bueno,Frente,15,"laundry, seguridad 24 h, sum, pileta, parrilla",2026-09-01,"Departamento de 5 ambientes en pleno Belgrano, sobre Blanco Encalada al 5200, una ubicación que combina la tranquilidad de un barrio residencial con la cercanía a todos los servicios. Se trata de una unidad **al frente**, en **piso 15**, con una excelente luminosidad y vistas despejadas que se disfrutan durante todo el día. Con 124 m² cubiertos, la distribución es muy funcional: 4 dormitorios, 2 baños y amplios ambientes pensados para vivir cómodo. El inmueble tiene **5 años de antigüedad** y se encuentra en **buen estado general**, listo para habitar o para ponerle tu sello personal.

El edificio cuenta con seguridad las 24 horas, laundry, SUM, pileta y parrilla para los fines de semana de sol. Incluye una cochera, un lujo que no te tenés que preocupar por buscar estacionamiento al volver. Ideal para familias que buscan espacio, confort y vida de barrio con todo a mano. Una oportunidad concreta para hacer la inversión en una de las zonas más buscadas de la Ciudad.",true,"{""sintetico"": true, ""caso"": null, ""duplicado_de"": null}"
demo-b,demo-00474,https://demo-b.example/aviso/demo-00474,https://demo-b.example/aviso/demo-00474,Departamento 5 ambientes en Belgrano,333000,USD,,,"Blanco Encalada 5200, Piso 15","Belgrano, Capital Federal",Sur & Asociados,120.6,,120.6,5,4,2,,1,Bueno,Frente,15,"laundry, seguridad 24 h, sum, pileta, parrilla",2026-09-05,"Blanco Encalada al 5200, pleno corazón de Belgrano. Departamento de 5 ambientes, 4 dormitorios y 2 baños completo, con 121 m² cubiertos y una excelente distribución. Es al frente, muy luminoso, con ascensor y cochera incluida. El edificio cuenta con seguridad las 24 horas, laundry, SUM, pileta y parrilla para disfrutar en familia. Ideal para quienes buscan espacio y comodidad en un barrio con todos los servicios cerca.",true,"{""sintetico"": true, ""caso"": null, ""duplicado_de"": ""demo-00473""}"
demo-b,demo-00475,https://demo-b.example/aviso/demo-00475,https://demo-b.example/aviso/demo-00475,Departamento 2 ambientes en Palermo,180000,USD,284000,ARS,Nicaragua 5587,"Palermo, Capital Federal",Grupo Arcos,43.6,3,46.6,,,,,,,,,,2026-08-24,"Departamento de dos ambientes en Nicaragua al 5500, Palermo. Son 44 m² cubiertos más un balcón terraza de 3 m², todo en muy buen estado. Está en piso 8, con ascensor, y cuenta con un dormitorio, un baño completo y una cocina integrada al living. La ubicación es ideal: cerca de bares, restaurantes y transporte público, pero en una calle tranquila. Sin cochera ni amenities, ideal para quienes buscan un primer hogar o una inversión en una de las mejores zonas de la ciudad.",false,"{""sintetico"": true, ""caso"": null, ""duplicado_de"": null}"
demo-b,demo-00476,https://demo-b.example/aviso/demo-00476,https://demo-b.example/aviso/demo-00476,Departamento 2 ambientes en Palermo,183000,USD,271000,ARS,Charcas 4157,"Palermo, Capital Federal",Norte Propiedades,49.9,3,52.9,,,,,,,,,pileta,2026-05-26,"Departamento de 2 ambientes en pleno corazón de Palermo, sobre la calle Charcas al 4100. Se trata de una unidad en el piso 15, con una orientación lateral que garantiza privacidad y una vista bien particular de la ciudad. Son 50 metros cuadrados cubiertos más un balcón terraza de 3 metros, ideal para desayunar al aire libre o sumar un espacio de trabajo. El living comedor es amplio y se integra con la cocina, mientras que el dormitorio es cómodo y silencioso. El baño es completo y funcional.

La zona es inmejorable: estás a pasos de bares, restaurantes, subte y todos los servicios que ofrece Palermo. El edificio cuenta con pileta para disfrutar en los días de calor, un lujo en la ciudad. Sin lugar para guardar el auto, pero con la ventaja de tener todo a mano. Ideal para profesionales o parejas que buscan vivir en una de las zonas más buscadas de Buenos Aires, con metros cuadrados bien aprovechados y una ubicación que no se consigue todos los días.",false,"{""sintetico"": true, ""caso"": null, ""duplicado_de"": null}"
demo-b,demo-00477,https://demo-b.example/aviso/demo-00477,https://demo-b.example/aviso/demo-00477,Departamento 4 ambientes en Palermo,399000,USD,501000,ARS,Honduras 1680,"Palermo, Capital Federal",Belgrano Brokers,100.7,,100.7,4,3,1,0,0,A Estrenar,Frente,9,sum,2026-06-12,"Departamento de 4 ambientes al frente, en el piso 9, con ascensor y a estrenar, en pleno Palermo. Son 101 m² cubiertos, con 3 dormitorios y 1 baño, ideal para quien busca luminosidad y vista abierta. El edificio cuenta con sum, perfecto para disfrutar sin salir de casa. Sin cochera, pero con una ubicación inmejorable: Honduras al 1600, a metros de los mejores bares, plazas y medios de transporte.

Emprendimiento en construcción. Las fotos corresponden al modelo de referencia. La entrega estimada es para fin de año, y esta unidad al frente garantiza aire y sol durante todo el día. Un piso 9 con ascensor, pensado para vivir cómodo y bien conectado, en una de las zonas más buscadas de la ciudad. Consultá por este 4 ambientes a estrenar, sin gastos de escritura adicionales por tiempo limitado.",true,"{""sintetico"": true, ""caso"": ""pozo"", ""duplicado_de"": null}"
demo-a,demo-00478,https://demo-a.example/aviso/demo-00478,https://demo-a.example/aviso/demo-00478,Departamento 4 ambientes en Palermo,455000,USD,,,"Arenales 5452, Piso 3","Palermo, Capital Federal",Sur & Asociados,107.7,12,119.7,4,3,2,15,0,Excelente,,3,"parrilla, sum, pileta",2026-06-28,"Departamento de 4 ambientes en pleno Palermo, sobre Arenales al 5400, a estrenar de impecable. Son 108 m² cubiertos más 12 m² de balcón/terraza que suman un lindo pulmón al aire libre. Piso 3 con ascensor, y algo importante: está en excelente estado, bien conservado a pesar de sus 15 años de antigüedad, así que no vas a tener que invertir en refacciones grandes. La distribución es clásica y funcional: 3 dormitorios, con el principal de buen tamaño, y 2 baños completos, uno de ellos en suite. La cocina es amplia, con comedor diario, ideal para el día a día sin ensuciar el living.

El edificio es de categoría, con parrilla en la terraza para compartir, SUM para juntadas y pileta para refrescarte en verano. No incluye cochera, pero en la zona estacionás en la calle o en garage a media cuadra. La ubicación es de las mejores: cerca de todo, con verde, bares y subte a unas cuadras. Ideal para los que buscan un depto bien puesto, luminoso y con amenities, sin el ruido del centro pero con la vida de barrio de Palermo. Consultá por las condiciones de financiación, pero ojo, se va solo.",true,"{""sintetico"": true, ""caso"": null, ""duplicado_de"": null}"
demo-b,demo-00479,https://demo-b.example/aviso/demo-00479,https://demo-b.example/aviso/demo-00479,Departamento 2 ambientes en Palermo,84000,USD,323000,ARS,"Cabello 4308, Piso 15","Palermo, Capital Federal",Belgrano Brokers,37.3,5,42.3,2,1,1,30,0,A Refaccionar,,15,"parrilla, pileta, gimnasio, seguridad 24 h, solarium",2026-08-08,"Departamento de dos ambientes en Palermo, sobre la calle Cabello al 4300. Con 37 m² cubiertos más 5 m² de balcón terraza, ideal para quienes buscan un punto de partida en una de las zonas más buscadas de la Ciudad. Cuenta con un dormitorio, un baño y espacios a refaccionar, lo que permite ponerlo a gusto y sumarle valor; tiene 30 años de antigüedad y conserva ese encanto de los edificios clásicos de la zona. El edificio ofrece amenities completos: pileta, parrilla, gimnasio, solarium y seguridad las 24 horas. Sin cochera, pero con todo lo necesario para vivir cómodo en el corazón de Palermo.",true,"{""sintetico"": true, ""caso"": null, ""duplicado_de"": null}"
demo-a,demo-00480,https://demo-a.example/aviso/demo-00480,https://demo-a.example/aviso/demo-00480,Departamento 2 ambientes en Belgrano,121000,USD,,,"Zabala 5568, Piso 15","Belgrano, Capital Federal",Grupo Arcos,47.2,,47.2,2,1,1,5,0,Bueno,Contrafrente,15,,2026-07-23,"Departamento de 2 ambientes en pleno corazón de Belgrano, sobre Zabala al 5500, una zona que combina la tranquilidad de un barrio de casas con la cercanía de los bares y el subte. El living comedor se integra con la cocina, que está equipada y resulta funcional para el día a día. El dormitorio, bien proporcionado, da al contrafrente, lo que garantiza silencio para descansar. El baño es completo y el departamento tiene 5 años de antigüedad, por lo que se encuentra en buen estado general, con detalles modernos y aprovechando cada metro cuadrado de sus 47 metros cubiertos.

Pensado para quien arranca o para una pareja chica, este dos ambientes ofrece todo lo necesario sin los costos de mantenimiento de edificios con amenities. Al no tener cochera, el valor del alquiler o la expensa se vuelve más accesible, y la ubicación compensa con creces: escuelas, plazas y la Av. Cabildo a pocas cuadras. Ideal para vivir en una de las zonas más lindas de la Ciudad, con la vida de barrio bien porteña y la practicidad de un 2 ambientes bien resuelto. Consultá por visitas.",true,"{""sintetico"": true, ""caso"": null, ""duplicado_de"": null}"
demo-b,demo-00481,https://demo-b.example/aviso/demo-00481,https://demo-b.example/aviso/demo-00481,Departamento 2 ambientes en Belgrano,118000,USD,,,"Zabala 5500, Piso 15","Belgrano, Capital Federal",Estudio Lacroze,46.8,,46.8,2,1,1,5,0,Bueno,,15,,2026-08-01,"Departamento de 2 ambientes en Belgrano, sobre Zabala al 5500, pleno corazón del barrio. Tiene 47 metros cuadrados cubiertos, con un dormitorio y un baño completo, y cuenta con ascensor, ideal para quien busca practicidad sin renunciar a la zona. El edificio tiene 5 años de antigüedad, lo que se nota en los detalles de construcción y en los espacios bien aprovechados. Sin cochera ni amenities, pero con la ventaja de estar cerca de todo: comercios, subte y los parques de Belgrano. Una oportunidad concreta para vivir en una de las mejores zonas de la Ciudad.",true,"{""sintetico"": true, ""caso"": null, ""duplicado_de"": ""demo-00480""}"
demo-a,demo-00482,https://demo-a.example/aviso/demo-00482,https://demo-a.example/aviso/demo-00482,Departamento 2 ambientes en Palermo,140000,USD,,,"Armenia 2913, Piso 1","Palermo, Capital Federal",Belgrano Brokers,38.2,,38.2,2,1,1,,0,Muy Bueno,,1,,2026-06-08,"Departamento de dos ambientes en el corazón de Palermo, sobre la calle Armenia al 2900. Piso 1, con 38 metros cuadrados cubiertos en muy buen estado. Cuenta con un dormitorio, un baño y una distribución funcional que aprovecha cada metro. Ideal para quienes buscan un primer hogar o una inversión en una zona de alto valor comercial, rodeada de bares, restaurantes y medios de transporte. El edificio no cuenta con cochera ni amenities, lo que mantiene expensas acotadas. Una oportunidad concreta para vivir en uno de los barrios más buscados de la Ciudad.",true,"{""sintetico"": true, ""caso"": null, ""duplicado_de"": null}"
demo-a,demo-00483,https://demo-a.example/aviso/demo-00483,https://demo-a.example/aviso/demo-00483,Departamento 2 ambientes en Belgrano,183000,USD,244000,ARS,Vuelta de Obligado 5001,"Belgrano, Capital Federal",Grupo Arcos,57.0,3,60.0,,,,,,,,,"solarium, parrilla, pileta, seguridad 24 h, gimnasio",2026-06-29,"Departamento de 2 ambientes en Vuelta de Obligado al 5000, Belgrano. Es un piso 1 al frente, con 57 m² cubiertos más 3 m² de balcón terraza. Tiene 30 años de antigüedad y se encuentra en excelente estado, listo para mudarse. Cuenta con un dormitorio, un baño completo y una cocina integrada al living comedor. La orientación al frente le da muy buena luz durante todo el día.

El edificio ofrece amenities de primer nivel: solarium, parrilla, pileta, gimnasio y seguridad 24 horas. Sin cochera, pero la ubicación en Belgrano te permite dejar el auto en la puerta o usar los estacionamientos de la zona. Ideal para quienes buscan un departamento bien mantenido, con espacios al aire libre y servicios exclusivos sin salir de casa.",false,"{""sintetico"": true, ""caso"": null, ""duplicado_de"": null}"
demo-b,demo-00484,https://demo-b.example/aviso/demo-00484,https://demo-b.example/aviso/demo-00484,Departamento 3 ambientes en Palermo,341000,USD,314000,ARS,"Bulnes 3584, Piso 4","Palermo, Capital Federal",Mirador Propiedades,93.7,12,105.7,3,2,1,30,0,Muy Bueno,Lateral,4,,2026-08-15,"Departamento de 3 ambientes en pleno Palermo, sobre Bulnes al 3500. Está en piso 4 con ascensor, cuenta con una superficie cubierta de 94 m² más 12 m² de balcón/terraza, y se encuentra en muy buen estado. Tiene 30 años de antigüedad, dos dormitorios, un baño, y su orientación lateral le da una linda luz natural durante el día. Sin cochera ni amenities, ideal para quienes buscan un piso clásico bien ubicado, cerca de bares, parques y transporte.",true,"{""sintetico"": true, ""caso"": null, ""duplicado_de"": null}"
demo-a,demo-00485,https://demo-a.example/aviso/demo-00485,https://demo-a.example/aviso/demo-00485,Departamento 2 ambientes en Belgrano,175000,USD,460000,ARS,"Olazábal 2313, Piso 9","Belgrano, Capital Federal",Casa Nueva Negocios Inmobiliarios,52.5,12,64.5,2,1,1,25,0,Excelente,,9,"sum, pileta",2026-07-18,"Departamento de dos ambientes en pleno Belgrano, sobre Olazábal al 2300, a metros de todo. Se trata de un piso 9 con ascensor, luminoso y con una terraza de 12 m² que invita a desayunar al aire libre o a armar un sillón con vista. Los 52 m² cubiertos están bien distribuidos: living comedor amplio, un dormitorio con buena placard, y un baño completo. La cocina, independiente, está lista para que le pongas tu onda. El edificio tiene 25 años de antigüedad, lo que suma una buena estructura y vecinos estables, y cuenta con sum y pileta en el roof garden, ideales para escapar del calor sin moverte de tu piso. Sin cochera, pero con estaciones de subte y colectivos a la vuelta, y la avenida Cabildo caminando. Una oportunidad para quienes buscan un dos ambientes canchero en una de las zonas más arboladas y seguras de la ciudad. Ideal inversor o para arrancar.",true,"{""sintetico"": true, ""caso"": null, ""duplicado_de"": null}"
demo-a,demo-00486,https://demo-a.example/aviso/demo-00486,https://demo-a.example/aviso/demo-00486,Departamento 5 ambientes en Belgrano,484000,USD,,,"O'Higgins 1898, Piso 8","Belgrano, Capital Federal",Belgrano Brokers,169.4,,169.4,5,4,1,5,0,Muy Bueno,,8,"parrilla, seguridad 24 h, sum, pileta, gimnasio",2026-06-21,"Ubicado en O'Higgins al 1800, Belgrano, este departamento de 5 ambientes y 4 dormitorios ofrece una superficie cubierta de 169 m² en muy buen estado. Se encuentra en el piso 8 de un edificio con 5 años de antigüedad, y cuenta con seguridad las 24 horas, parrilla, SUM, pileta y gimnasio. Sin cochera. Un inmueble pensado para quienes buscan espacio y comodidad en una zona consolidada de CABA.",true,"{""sintetico"": true, ""caso"": null, ""duplicado_de"": null}"
demo-b,demo-00487,https://demo-b.example/aviso/demo-00487,https://demo-b.example/aviso/demo-00487,Departamento 5 ambientes en Palermo,849000,USD,236000,ARS,Cabello 3973,"Palermo, Capital Federal",Grupo Arcos,168.8,,168.8,5,4,1,,1,Muy Bueno,Frente,8,"parrilla, solarium, gimnasio, seguridad 24 h, sum",2026-07-03,"Departamento de muy buen estado en el corazón de Palermo, sobre la calle Cabello al 3900. Se trata de un piso 8 al frente, con ascensor, y con una destacada luminosidad en todos sus ambientes. Son 169 m² cubiertos distribuidos en 4 dormitorios y un baño en excelente estado, ideal para quien busca un hogar amplio y bien aprovechado. La cocina es amplia y el living comedor tiene una linda vista al arbolado de la zona.

El edificio cuenta con seguridad 24 horas, cochera fija para un auto, y amenities que se disfrutan sin salir de casa: parrilla para reuniones, solarium, gimnasio y un sum perfecto para eventos. La ubicación es inmejorable, a pasos de bares, parques y medios de transporte, con todo lo que Palermo ofrece para vivir cómodo. Una oportunidad real para quienes valoran el espacio y la practicidad en una de las zonas más buscadas de la ciudad.",true,"{""sintetico"": true, ""caso"": null, ""duplicado_de"": null}"
demo-b,demo-00488,https://demo-b.example/aviso/demo-00488,https://demo-b.example/aviso/demo-00488,Departamento 4 ambientes en Palermo,722000,USD,560000,ARS,"Godoy Cruz 2461, Piso 2","Palermo, Capital Federal",Sur & Asociados,151.7,8,159.7,4,3,2,,0,A Estrenar,,2,laundry,2026-08-18,"Departamento de 4 ambientes a estrenar en Palermo, sobre Godoy Cruz al 2400. Son 152 m² cubiertos más 8 m² de balcón terraza, con 3 dormitorios y 2 baños completos. Está en el piso 2 de un edificio en construcción que incluye laundry como amenities. Las fotos corresponden al modelo, y la entrega estimada está prevista para los próximos meses. Ideal para quienes buscan un hogar moderno en una de las mejores zonas de la Ciudad, sin cochera pero con todo lo necesario para disfrutar.",true,"{""sintetico"": true, ""caso"": ""pozo"", ""duplicado_de"": null}"
demo-a,demo-00489,https://demo-a.example/aviso/demo-00489,https://demo-a.example/aviso/demo-00489,Departamento 3 ambientes en Palermo,465000,USD,,,"Nicaragua 4451, Piso 2","Palermo, Capital Federal",Sur & Asociados,82.9,,82.9,3,2,1,70,1,Muy Bueno,,2,,2026-06-12,"Departamento de 3 ambientes en pleno corazón de Palermo, sobre la calle Nicaragua al 4400, ideal para quien busca vivir en una de las zonas más conectadas y con mejor movida de la ciudad. Se trata de un piso 2, con una distribución muy bien lograda que separa el área social del sector privado. Son dos dormitorios, con un baño completo, y una cocina independiente con comedor diario. La superficie cubierta es de 83 m², bien aprovechados, y cuenta con una cochera fija incluida, un lujo difícil de conseguir por la zona.

El edificio es de los clásicos de la época, con 70 años de antigüedad, pero el departamento está en muy buen estado, listo para mudarse o para alquilar sin necesidad de hacer grandes reformas. No tiene amenities, pero la ubicación lo compensa con creces: a metros de bares, restaurantes, subte y parques. Una oportunidad concreta para quienes quieren dejar de pagar alquiler o sumar un ingreso en una dirección privilegiada. Consultas al celular.",true,"{""sintetico"": true, ""caso"": null, ""duplicado_de"": null}"
demo-b,demo-00490,https://demo-b.example/aviso/demo-00490,https://demo-b.example/aviso/demo-00490,Departamento 4 ambientes en Belgrano,333000,USD,403000,ARS,"Cabildo 4159, Piso 9","Belgrano, Capital Federal",Mirador Propiedades,147.9,12,159.9,4,3,3,,1,A Refaccionar,Contrafrente,9,,2026-07-25,"Departamento de 4 ambientes en Belgrano, sobre Cabildo al 4100. Se trata de una unidad amplia de 148 m² cubiertos más 12 m² de balcón terraza, con tres dormitorios y tres baños completos. La distribución es funcional y aprovecha bien los espacios: un living comedor con salida al balcón, cocina independiente y los dormitorios ubicados al contrafrente, lo que garantiza mucha tranquilidad y silencio. Incluye cochera propia. Sin amenities, ideal para quien busca un piso de buen tamaño en una zona con todos los servicios, cerca de subte, comercios y parques. Una oportunidad para vivir en uno de los barrios más buscados de la Ciudad.",true,"{""sintetico"": true, ""caso"": null, ""duplicado_de"": null}"
demo-b,demo-00491,https://demo-b.example/aviso/demo-00491,https://demo-b.example/aviso/demo-00491,Departamento 1 ambientes en Palermo,184000,USD,539000,ARS,"Juncal 561, Piso 1","Palermo, Capital Federal",Grupo Arcos,34.5,,34.5,1,0,1,0,1,A Estrenar,,1,gimnasio,2026-07-22,"Departamento de 1 ambiente en Palermo, sobre Juncal al 500, con 34 m² cubiertos y una cochera. Se trata de un emprendimiento en construcción, con entrega estimada para los próximos meses; las fotos corresponden al modelo de referencia. Está ubicado en piso 1 y cuenta con ascensor, por lo que el acceso es cómodo. Es a estrenar, ideal para quienes buscan un espacio moderno y funcional en una de las zonas más buscadas de la Ciudad. El edificio dispone de gimnasio, perfecto para mantener la rutina sin salir de casa. Un baño completo y la posibilidad de aprovechar al máximo cada metro cuadrado hacen de esta unidad una oportunidad interesante para inversores o para quienes quieren su primer departamento propio. Consultanos por más detalles.",true,"{""sintetico"": true, ""caso"": ""pozo"", ""duplicado_de"": null}"
demo-a,demo-00492,https://demo-a.example/aviso/demo-00492,https://demo-a.example/aviso/demo-00492,Departamento 2 ambientes en Palermo,219000,USD,410000,ARS,Scalabrini Ortiz 1091,"Palermo, Capital Federal",Estudio Lacroze,37.4,8,45.4,2,1,1,,0,Excelente,Frente,,,2026-08-14,"Departamento de dos ambientes en Palermo, sobre Scalabrini Ortiz al 1000. Está al frente, con ascensor, y se encuentra en excelente estado. Tiene 37 metros cuadrados cubiertos más un balcón terraza de 8 metros, ideal para disfrutar al aire libre. Cuenta con un dormitorio, un baño completo y una distribución muy funcional. La zona es inmejorable, con todos los servicios, bares, restaurantes y medios de transporte a pocos pasos. Sin cochera ni amenities, pero con todo lo necesario para vivir cómodamente. Una oportunidad única para quienes buscan un departamento bien ubicado y en óptimas condiciones.",true,"{""sintetico"": true, ""caso"": null, ""duplicado_de"": null}"
demo-a,demo-00493,https://demo-a.example/aviso/demo-00493,https://demo-a.example/aviso/demo-00493,Departamento 2 ambientes en Belgrano,107000,USD,,,"Cabildo 3467, Piso 3","Belgrano, Capital Federal",Norte Propiedades,40.4,12,52.4,2,1,1,,0,Bueno,Contrafrente,3,seguridad 24 h,2026-07-26,"Departamento de 2 ambientes en Belgrano, sobre Cabildo al 3400, con una distribución muy funcional. Ubicado en un piso 3 al contrafrente, ofrece 40 m² cubiertos más 12 m² de balcón/terraza, ideal para disfrutar al aire libre sin perder la tranquilidad. Cuenta con un dormitorio, un baño completo y espacios bien aprovechados. El edificio cuenta con seguridad las 24 horas, brindando privacidad y confianza. Sin cochera, pero con excelente acceso a transporte y servicios. Una oportunidad para quienes buscan un departamento luminoso y silencioso en una de las mejores zonas de la ciudad.",true,"{""sintetico"": true, ""caso"": null, ""duplicado_de"": null}"
demo-a,demo-00494,https://demo-a.example/aviso/demo-00494,https://demo-a.example/aviso/demo-00494,Departamento 4 ambientes en Belgrano,571000,USD,529000,ARS,Conde 3195,"Belgrano, Capital Federal",Sur & Asociados,148.2,,148.2,,,,,,,,,"gimnasio, parrilla",2026-07-25,"Departamento de 4 ambientes a estrenar sobre la calle Conde al 3100, en pleno corazón de Belgrano. Se trata de un emprendimiento en construcción con excelente distribución: 3 dormitorios, 2 baños y 148 m² cubiertos, pensados para vivir cómodo y sin perder el centro de la escena barrial. La orientación lateral garantiza luz natural durante gran parte del día, y al ser un piso con ascensor, la llegada a tu nuevo hogar se hace simple y práctica. La unidad incluye una cochera propia y acceso a amenities pensados para el día a día: gimnasio equipado y parrilla para las reuniones de amigos o la familia. La entrega estimada está prevista para los próximos meses, y te aclaramos que las fotos corresponden al modelo de referencia, tal cual va a quedar el ambiente. Un proyecto ideal para quienes buscan estrenar en una zona consolidada, con todos los servicios a la vuelta de la esquina y la tranquilidad de un barrio que lo tiene todo.",false,"{""sintetico"": true, ""caso"": ""pozo"", ""duplicado_de"": null}"
demo-a,demo-00495,https://demo-a.example/aviso/demo-00495,https://demo-a.example/aviso/demo-00495,Departamento 2 ambientes en Palermo,303000,USD,270000,ARS,"Darregueyra 4642, Piso 10","Palermo, Capital Federal",Estudio Lacroze,40.3,12,52.3,2,1,1,0,0,A Estrenar,Lateral,10,"gimnasio, sum, pileta, solarium, laundry",2026-07-18,"Departamento a estrenar en Palermo, sobre Darregueyra al 4600, piso 10 con ascensor y orientación lateral que garantiza una vista abierta y mucha luz natural. Dispone de 40 m² cubiertos más 12 m² de balcón terraza, ideales para disfrutar al aire libre. La unidad es de 2 ambientes con un dormitorio y un baño completo, sin cochera. El edificio cuenta con gimnasio, SUM, pileta, solarium y laundry, pensados para sumar calidad de vida. Es un emprendimiento en construcción: las fotos corresponden al modelo y la entrega estimada está prevista para los próximos meses. Una oportunidad única para estrenar en uno de los mejores barrios de la ciudad.",true,"{""sintetico"": true, ""caso"": ""pozo"", ""duplicado_de"": null}"
demo-a,demo-00496,https://demo-a.example/aviso/demo-00496,https://demo-a.example/aviso/demo-00496,Departamento 5 ambientes en Palermo,1217000,USD,167000,ARS,Bulnes 4292,"Palermo, Capital Federal",Grupo Arcos,194.0,,194.0,,,,,,,,,gimnasio,2026-07-15,"Departamento a estrenar en Palermo, sobre Bulnes al 4200. Unidad interna de 194 m² cubiertos, con 4 dormitorios y 2 baños. El living comedor y la cocina integrada suman amplitud, y las terminaciones de primera línea acompañan el diseño moderno. El edificio cuenta con gimnasio para que puedas entrenar sin moverte de casa. Es un emprendimiento en construcción, y las fotos corresponden al modelo del proyecto. La entrega estimada está prevista para los próximos meses. Una oportunidad única para acceder a un inmueble a estrenar en una de las zonas más buscadas de la Ciudad.",false,"{""sintetico"": true, ""caso"": ""pozo"", ""duplicado_de"": null}"
demo-b,demo-00497,https://demo-b.example/aviso/demo-00497,https://demo-b.example/aviso/demo-00497,Departamento 1 ambientes en Palermo,189000,USD,312000,ARS,Guatemala 3018,"Palermo, Capital Federal",Belgrano Brokers,40.2,,40.2,,,,,,,,,,2026-08-01,"Departamento a estrenar en Palermo, sobre la calle Guatemala al 3000. Se trata de un impecable monoambiente de 40 m² cubiertos, ubicado en un piso 8 con muy buena luminosidad. La unidad cuenta con un baño completo y está pensada para quienes buscan un primer hogar o una inversión segura en una de las zonas más buscadas de la ciudad. Al ser a estrenar, todos los terminaciones y detalles constructivos están en perfecto estado, listos para habitar. El edificio no cuenta con cochera ni amenities, lo que mantiene las expensas acotadas. Ideal para profesionales o parejas que valoran la ubicación y la calidad de un inmueble nuevo. Sin dudas, una oportunidad única en el corazón de Palermo.",false,"{""sintetico"": true, ""caso"": null, ""duplicado_de"": null}"
demo-a,demo-00499,https://demo-a.example/aviso/demo-00499,https://demo-a.example/aviso/demo-00499,Departamento 1 ambientes en Palermo,159000,USD,299000,ARS,"Uriarte 1350, Piso 4","Palermo, Capital Federal",Mirador Propiedades,36.1,,36.1,1,0,1,2,0,Excelente,,4,"laundry, parrilla, solarium, pileta, sum",2026-08-18,"Departamento de un ambiente en el corazón de Palermo, sobre Uriarte al 1300. Se destaca por su excelente estado y su impecable presentación, ya que tiene apenas 2 años de antigüedad. Estamos hablando de un piso 4 con ascensor, ideal para quienes buscan luminosidad y vistas despejadas sin resignar comodidad. La unidad cuenta con 36 m² cubiertos perfectamente aprovechados, con un baño completo y un living comedor que se integra a una pequeña y funcional cocina.

El edificio es moderno y ofrece amenities de primer nivel para que disfrutes sin salir de casa: pileta, solarium, parrilla y un cómodo laundry. Todo pensado para el día a día, con la ventaja de estar a pasos de bares, restaurantes y la vida nocturna de Palermo. Sin dudas, una oportunidad única para invertir o mudarte a una de las zonas más buscadas de la ciudad. Consultanos por visitas.",true,"{""sintetico"": true, ""caso"": null, ""duplicado_de"": null}"
demo-b,demo-00500,https://demo-b.example/aviso/demo-00500,https://demo-b.example/aviso/demo-00500,Departamento 3 ambientes en Palermo,326000,USD,,,Nicaragua 1863,"Palermo, Capital Federal",Casa Nueva Negocios Inmobiliarios,89.1,8,97.1,,,,,,,,,,2026-08-31,"Departamento de 3 ambientes en Palermo, Nicaragua al 1800, piso 2. Muy buen estado, con 89 m² cubiertos más 8 m² de balcón terraza. Cuenta con dos dormitorios, un baño completo y un living comedor amplio con buena distribución. La cocina es independiente y el balcón terraza suma un espacio exterior ideal para disfrutar. Sin cochera ni amenities, pero en una zona llena de vida, cerca de bares, restaurantes y subte. Ideal para quienes buscan un piso clásico de Palermo con todo lo necesario.",false,"{""sintetico"": true, ""caso"": null, ""duplicado_de"": null}"
demo-a,demo-00501,https://demo-a.example/aviso/demo-00501,https://demo-a.example/aviso/demo-00501,Departamento 1 ambientes en Palermo,100000,USD,267000,ARS,Scalabrini Ortiz 4520,"Palermo, Capital Federal",Norte Propiedades,35.5,,35.5,,,,,,,,,"gimnasio, pileta, laundry, sum, parrilla",2026-07-10,"Departamento de 1 ambiente en pleno Palermo, sobre Scalabrini Ortiz al 4500. Con 36 m² bien aprovechados, este inmueble se encuentra en **muy buen estado** y listo para habitar. Cuenta con un baño completo y un living-comedor integrado que permite armar un espacio funcional y cómodo. El edificio ofrece amenities de primer nivel: gimnasio, pileta, laundry, SUM y parrilla, ideales para disfrutar sin salir de casa. Sin cochera, pero con una ubicación privilegiada que te conecta con todo lo que ofrece el barrio: bares, restaurantes, subte y verde a pocos pasos. Una oportunidad perfecta para quienes buscan un hogar moderno y bien ubicado en la zona más vibrante de la ciudad.",false,"{""sintetico"": true, ""caso"": null, ""duplicado_de"": null}"
demo-b,demo-00502,https://demo-b.example/aviso/demo-00502,https://demo-b.example/aviso/demo-00502,Departamento 3 ambientes en Belgrano,244000,USD,211000,ARS,"Conde 5437, Piso 8","Belgrano, Capital Federal",Casa Nueva Negocios Inmobiliarios,77.4,,77.4,3,2,1,0,0,A Estrenar,,8,pileta,2026-08-20,"Departamento a estrenar en Belgrano, sobre Conde al 5400, ideal para quienes buscan un tres ambientes moderno y funcional. Unidad en piso 8 con ascensor, compuesta por dos dormitorios, living comedor, cocina separada y un baño completo. Superficie cubierta de 77 m², pensada para aprovechar cada metro. El edificio cuenta con pileta, perfecta para disfrutar el verano sin salir de casa. Sin cochera. El emprendimiento está en construcción: las fotos corresponden al modelo y la entrega estimada es para el segundo semestre de 2025. No dejes pasar la oportunidad de asegurar una propiedad a estrenar en una de las mejores zonas de la Ciudad.",true,"{""sintetico"": true, ""caso"": ""pozo"", ""duplicado_de"": null}"
demo-a,demo-00503,https://demo-a.example/aviso/demo-00503,https://demo-a.example/aviso/demo-00503,Departamento 3 ambientes en Belgrano,295000,USD,430000,ARS,Freire 3412,"Belgrano, Capital Federal",Belgrano Brokers,85.4,5,90.4,3,2,1,,0,Excelente,,3,"seguridad 24 h, solarium, pileta, gimnasio, parrilla",2026-07-16,"Departamento de 3 ambientes en Belgrano, sobre Freire al 3400. Piso 3, con una superficie cubierta de 85 m² más un balcón terraza de 5 m², ideal para quienes buscan un hogar luminoso y funcional. Cuenta con dos dormitorios, un baño completo y una distribución que se destaca por su excelente estado, listo para habitar sin necesidad de reformas. El edificio ofrece seguridad las 24 horas, solarium, pileta, gimnasio y parrilla, perfecto para disfrutar del día a día sin salir de casa.

Ubicado en una zona con todos los servicios y muy bien conectada, este departamento es una oportunidad para quienes valoran la comodidad y la calidad de vida en la Ciudad. Sin cochera, pero con acceso a todos los amenities que hacen la diferencia.",true,"{""sintetico"": true, ""caso"": null, ""duplicado_de"": null}"
demo-b,demo-00504,https://demo-b.example/aviso/demo-00504,https://demo-b.example/aviso/demo-00504,Departamento 1 ambientes en Belgrano,134000,USD,,,"Ciudad de la Paz 1869, Piso 7","Belgrano, Capital Federal",Casa Nueva Negocios Inmobiliarios,30.9,1.5,32.4,1,0,1,25,0,Excelente,,7,,2026-07-26,"Departamento de 1 ambiente en Belgrano, sobre Ciudad de la Paz al 1800. Piso 7, con ascensor, y una superficie de 31 m² cubiertos más un balcón terraza de 2 m². Cuenta con baño completo y está en un edificio de 25 años de antigüedad. Ideal para quienes buscan un lugar funcional en un barrio con buena oferta de servicios y conectividad. Sin cochera ni amenities, pero con todo lo necesario para vivir cómodamente en una zona residencial y bien comunicada de la Ciudad.",true,"{""sintetico"": true, ""caso"": null, ""duplicado_de"": null}"
demo-a,demo-00505,https://demo-a.example/aviso/demo-00505,https://demo-a.example/aviso/demo-00505,Departamento 4 ambientes en Belgrano,383000,USD,232000,ARS,Mendoza 2103,"Belgrano, Capital Federal",Grupo Arcos,112.3,,112.3,,,,,,,,,,2026-05-21,"Departamento a estrenar en Belgrano, sobre Mendoza al 2100. Se trata de un piso 4 con ascensor, ideal para quienes buscan comodidad en una zona bien conectada. Cuenta con 112 m² cubiertos distribuidos en cuatro ambientes: tres dormitorios y dos baños completos, todos con terminaciones de primera línea. Sin cochera ni amenities, pero con la tranquilidad de un edificio nuevo y pensado para el día a día. La ubicación te ofrece acceso rápido a bares, comercios y transporte público, todo a pocos pasos. Un inmueble pensado para vivir desde el primer día sin preocuparte por reformas ni gastos extra.",false,"{""sintetico"": true, ""caso"": null, ""duplicado_de"": null}"
demo-a,demo-00506,https://demo-a.example/aviso/demo-00506,https://demo-a.example/aviso/demo-00506,Departamento 4 ambientes en Palermo,323000,USD,305000,ARS,Bonpland 2327,"Palermo, Capital Federal",Norte Propiedades,113.6,,113.6,,,,,,,,,,2026-06-26,"Departamento de 4 ambientes en Bonpland al 2300, Palermo, una zona que combina tranquilidad con todos los servicios cerca. Son 114 metros cuadrados cubiertos distribuidos en living comedor amplio, cocina independiente, tres dormitorios —el principal con su baño privado— y un baño completo adicional. Es una unidad interna, lo que garantiza mucha privacidad y silencio, ideal para quienes buscan descansar sin ruidos de la calle. Está en el piso 8, con muy buen estado general: pisos, aberturas y cocina conservados, listo para habitar sin necesidad de grandes arreglos. Sin cochera ni amenities, pero con todos los comercios, subtes y espacios verdes a pocas cuadras. Un departamento con excelente distribución, luminoso y aprovechable al máximo. Consultá por visitas.",false,"{""sintetico"": true, ""caso"": null, ""duplicado_de"": null}"
demo-a,demo-00507,https://demo-a.example/aviso/demo-00507,https://demo-a.example/aviso/demo-00507,Departamento 1 ambientes en Belgrano,95000,USD,455000,ARS,Cuba 4045,"Belgrano, Capital Federal",Inmobiliaria del Parque,30.8,,30.8,1,0,1,,0,Muy Bueno,,0,,2026-06-29,"Departamento de un ambiente en pleno Belgrano, sobre la calle Cuba al 4000, una zona que combina la tranquilidad de un barrio de siempre con la cercanía a los bares y locales gastronómicos de moda. Ideal para quienes buscan su primer hogar o una inversión segura en una de las áreas más buscadas de la ciudad. La unidad cuenta con 31 metros cuadrados cubiertos perfectamente aprovechados, con un baño completo y un living comedor que se adapta a todo tipo de necesidades. Al estar en un edificio con ascensor, te olvidás de las escaleras y ganás comodidad en el día a día.

La ubicación es inmejorable: a pocas cuadras de la estación de tren de Belgrano R y con múltiples líneas de colectivo que te conectan con el centro y el norte de la capital. Al no tener cochera ni amenities, el costo de mantenimiento se vuelve mucho más accesible, algo que se agradece. Es un piso pensado para vivir cómodo y sin vueltas, con la posibilidad de personalizarlo a tu gusto. Si estás buscando un lugar bien ubicado, luminoso y con buena onda barrial, este es el indicado. Consultanos para coordinar una visita y conocerlo en persona.",true,"{""sintetico"": true, ""caso"": null, ""duplicado_de"": null}"
demo-b,demo-00508,https://demo-b.example/aviso/demo-00508,https://demo-b.example/aviso/demo-00508,Departamento 1 ambientes en Belgrano,78000,USD,268000,ARS,"O'Higgins 1468, Piso 4","Belgrano, Capital Federal",Belgrano Brokers,31.3,4.0,35.3,1,0,1,,0,A Refaccionar,Contrafrente,4,"solarium, pileta",2026-07-26,"Departamento de un ambiente en alquiler sobre O’Higgins al 1400, pleno Belgrano. Se trata de un piso 4 con ascensor, orientación al contrafrente que garantiza mucho silencio y privacidad. Con 31 metros cuadrados cubiertos más 4 de balcón terraza, el espacio está muy bien aprovechado. El baño es completo y la cocina está integrada al living, generando un ambiente amplio y funcional. El edificio cuenta con solarium y pileta, ideales para disfrutar sin moverse de casa. Sin cochera, perfecto para quienes buscan un departamento bien conectado y con todos los servicios cerca. Una oportunidad para vivir en uno de los mejores barrios de la Ciudad.",true,"{""sintetico"": true, ""caso"": null, ""duplicado_de"": null}"
demo-b,demo-00509,https://demo-b.example/aviso/demo-00509,https://demo-b.example/aviso/demo-00509,Departamento 2 ambientes en Belgrano,108000,USD,419000,ARS,"3 de Febrero 5048, Piso 12","Belgrano, Capital Federal",Casa Nueva Negocios Inmobiliarios,45.2,12,57.2,2,1,1,,0,A Refaccionar,Frente,12,gimnasio,2026-08-15,"Departamento de 2 ambientes en el pleno corazón de Belgrano, sobre la avenida 3 de Febrero al 5000. Se presenta **al frente** y en **piso 12**, con una muy linda vista despejada que acompaña todo el día la luz natural. Son 45 m² cubiertos más una terraza balcón de 12 m², ideal para armar un living comedor con escritorio o un rincón de desayunos. El baño es completo y la cocina, independiente, con posibilidad de integración si se animan a un proyecto de reforma.

La unidad está **a refaccionar**, así que le van a poner la firma con los materiales que más les gusten y la dejan a nuevo, con ese sello personal que no se consigue en un edificio nuevo. El edificio cuenta con gimnasio, un plus que se agradece para no mover el auto (no tiene cochera, pero en la zona hay varias opciones de alquiler por mes). La ubicación es inmejorable: a media cuadra de la avenida Cabildo, con todos los servicios, subtes y colectivos a la vuelta. Ideal para pareja que busca un dos ambientes con potencial, o para inversores que quieran sumar un inmueble en una de las zonas más lindas de la ciudad. La expensas son acordes y el edificio está bien mantenido.",true,"{""sintetico"": true, ""caso"": null, ""duplicado_de"": null}"
demo-b,demo-00510,https://demo-b.example/aviso/demo-00510,https://demo-b.example/aviso/demo-00510,Departamento 3 ambientes en Belgrano,229000,USD,308000,ARS,"Virrey del Pino 1138, Piso 8","Belgrano, Capital Federal",Mirador Propiedades,71.8,8,79.8,3,2,1,,0,Bueno,Lateral,8,"gimnasio, laundry, pileta, sum, solarium",2026-05-22,"Departamento de 3 ambientes en pleno Belgrano, sobre Virrey del Pino al 1100, una zona que combina tranquilidad residencial con la cercanía a todos los servicios, colegios y medios de transporte. Se destaca por su buen estado general, listo para habitar sin vueltas, y por su orientación lateral que garantiza luminosidad y vistas despejadas durante gran parte del día.

El inmueble cuenta con 72 m² cubiertos más un balcón terraza de 8 m², ideal para desayunar al aire libre o sumar un pequeño living. Al ser un piso con ascensor, la comodidad está asegurada todos los días. La distribución es funcional: dos dormitorios bien proporcionados, un baño completo y un living comedor amplio que se integra a la cocina, todo en un clima de hogar.

El edificio ofrece amenities que elevan la calidad de vida: gimnasio equipado, laundry, pileta de temporada, SUM para reuniones y un solarium perfecto para relajarse. Sin cochera, pero con fácil acceso a pie a subtes y colectivos. Una oportunidad concreta para quienes buscan estrenar un nuevo proyecto en una de las zonas más codiciadas de la ciudad.",true,"{""sintetico"": true, ""caso"": null, ""duplicado_de"": null}"
demo-a,demo-00511,https://demo-a.example/aviso/demo-00511,https://demo-a.example/aviso/demo-00511,Departamento 1 ambientes en Palermo,113000,USD,,,"Paraguay 1887, Piso 7","Palermo, Capital Federal",Grupo Arcos,32.7,6.0,38.7,1,0,1,,0,Excelente,Contrafrente,7,"laundry, gimnasio",2026-05-30,"Ubicado en Paraguay al 1800, en pleno Palermo, este departamento de 1 ambiente en piso 7 al contrafrente ofrece luz natural y silencio gracias a su orientación opuesta a la calle. Ingresando, se aprecia un ambiente integrado con cocina equipada, en excelente estado y listo para habitar. El baño completo es funcional y luminoso. Desde el living se accede a un balcón/terraza de 6 m², ideal para sumar un espacio al aire libre. El edificio cuenta con ascensor, y entre sus amenities se destacan laundry y gimnasio, perfectos para complementar la vida urbana sin salir de casa. Con 33 m² cubiertos bien aprovechados, este monoambiente es una oportunidad para quienes buscan calidad de vida en una de las zonas más buscadas de la Ciudad.",true,"{""sintetico"": true, ""caso"": null, ""duplicado_de"": null}"
demo-a,demo-00512,https://demo-a.example/aviso/demo-00512,https://demo-a.example/aviso/demo-00512,Departamento 2 ambientes en Palermo,195000,USD,561000,ARS,"Serrano 816, Piso 15","Palermo, Capital Federal",Mirador Propiedades,46.4,3,49.4,2,1,1,,0,Excelente,Contrafrente,15,"seguridad 24 h, sum, solarium",2026-05-02,"Departamento de dos ambientes en Palermo, sobre Serrano al 800, a pasos de todo. Se trata de una unidad de 46 m² cubiertos más 3 m² de balcón terraza, ubicada en un piso 15 al contrafrente, lo que garantiza una vista abierta y mucha tranquilidad. Cuenta con un dormitorio y un baño completo, con buena distribución y aprovechamiento de los espacios. El edificio ofrece seguridad las 24 horas, pileta y solarium, ideales para disfrutar sin salir de casa. Sin cochera, pero con excelente conectividad y todos los servicios a la vuelta. Una oportunidad para quienes buscan vivir en uno de los barrios más buscados de la ciudad, con buena luminosidad y orientación.",true,"{""sintetico"": true, ""caso"": null, ""duplicado_de"": null}"
demo-a,demo-00513,https://demo-a.example/aviso/demo-00513,https://demo-a.example/aviso/demo-00513,Departamento 3 ambientes en Palermo,399000,USD,,,Cerviño 2408,"Palermo, Capital Federal",Inmobiliaria del Parque,99.1,12,111.1,3,2,1,,0,Excelente,,1,,2026-07-16,"Departamento de 3 ambientes en pleno corazón de Palermo, sobre la calle Cerviño al 2400. Son 99 metros cuadrados cubiertos que se aprovechan muy bien, más un balcón terraza de 12 metros ideal para desayunar al aire libre o sumar un pequeño living de verano. Ingreso a un living comedor amplio y bien distribuido, con cocina integradora al comedor, dos dormitorios de lindo corte y un baño completo. La propiedad está en excelente estado, lista para mudarse sin demasiadas vueltas, con esa onda de edificio clásico de la zona, sin ascensor pero con un pulso de barrio que se agradece. La zona es inmejorable: a metros de los bosques de Palermo, con todos los subtes y colectivos cerca, y un abanico gastronómico y comercial que no para. Ideal para pareja o para quien busca meterse en uno de los barrios más buscados de la ciudad sin resignar metraje.",true,"{""sintetico"": true, ""caso"": null, ""duplicado_de"": null}"
demo-a,demo-00514,https://demo-a.example/aviso/demo-00514,https://demo-a.example/aviso/demo-00514,Departamento 2 ambientes en Belgrano,166000,USD,460000,ARS,"Zabala 3030, Piso 6","Belgrano, Capital Federal",Norte Propiedades,38.8,3,41.8,2,1,1,5,0,Muy Bueno,,6,,2026-08-16,"Departamento de 2 ambientes en Zabala al 3000, Belgrano. Ubicado en un piso 6, con 39 m² cubiertos más 3 m² de balcón terraza, ideal para quienes buscan un espacio funcional y bien ubicado. Cuenta con un dormitorio y un baño completo, y tiene 5 años de antigüedad, lo que lo convierte en una propiedad moderna dentro de un edificio joven. Sin cochera ni amenities, es perfecto como primera vivienda o inversión en una de las zonas más tradicionales de CABA, cerca de comercios, parques y transporte público.",true,"{""sintetico"": true, ""caso"": null, ""duplicado_de"": null}"
demo-b,demo-00515,https://demo-b.example/aviso/demo-00515,https://demo-b.example/aviso/demo-00515,Departamento 2 ambientes en Palermo,205000,USD,,,"Juncal 2457, Piso 3","Palermo, Capital Federal",Casa Nueva Negocios Inmobiliarios,44.3,,44.3,2,1,1,,1,Excelente,Interno,3,"pileta, laundry, parrilla, seguridad 24 h, gimnasio",2026-07-24,"Departamento de 2 ambientes en pleno Palermo, sobre la calle Juncal al 2400, en impecable y **excelente estado**. Se trata de una **unidad interna** en **piso 3**, lo que garantiza silencio absoluto y una vista despejada, perfecta para quienes buscan tranquilidad sin perder la cercanía a los mejores bares y restaurantes de la zona.

El living se integra a un comedor diario con mucha luz natural, la cocina es moderna y funcional, y el baño completo está terminado con materiales de primera. Cuenta con los 44 m² cubiertos bien aprovechados, ideal para una pareja o para invertir. Incluye cochera fija, así que olvidate del drama de estacionar en el barrio.

El edificio ofrece amenities de calidad: pileta para los días de calor, laundry, parrilla para juntadas, gimnasio equipado y seguridad 24 h. Todo esto lo convierte en una oportunidad única para vivir cómodo o alquilar a buen precio. La ubicación es inmejorable: cerca del subte, de plazas y con toda la movida de Palermo a la vuelta de la esquina. Una opción rentable y práctica, lista para recorrer.",true,"{""sintetico"": true, ""caso"": null, ""duplicado_de"": null}"
demo-a,demo-00517,https://demo-a.example/aviso/demo-00517,https://demo-a.example/aviso/demo-00517,Departamento 3 ambientes en Belgrano,306000,USD,140000,ARS,Cabildo 5302,"Belgrano, Capital Federal",Belgrano Brokers,94.0,8,102.0,,,,,,,,,"sum, parrilla, seguridad 24 h",2026-07-31,"Departamento de 3 ambientes en pleno Belgrano, a estrenar, sobre una de las avenidas más buscadas de la Ciudad. Se trata de un piso 15 con 94 m² cubiertos y 8 m² de balcón/terraza, que se entrega en muy buen estado y con la posibilidad de estrenar todo de cero. La distribución es práctica y luminosa, pensada para vivir cómodo: dos dormitorios, un baño completo y un living comedor amplio que se integra al balcón, ideal para disfrutar del aire libre sin salir de casa.

El edificio cuenta con amenities que suman calidad de vida, como SUM con parrilla para reuniones y seguridad 24 horas en la entrada, un plus que se agradece en la zona. Al no tener cochera, la propiedad se destaca por su excelente ubicación, rodeada de bares, subte y verde a pocas cuadras. Sin dudas, una oportunidad para quienes buscan mudarse a un lugar bien puesto, con todo lo necesario para empezar una nueva etapa.",false,"{""sintetico"": true, ""caso"": null, ""duplicado_de"": null}"
demo-a,demo-00518,https://demo-a.example/aviso/demo-00518,https://demo-a.example/aviso/demo-00518,Departamento 5 ambientes en Belgrano,462000,USD,,,"Zabala 5763, Piso 3","Belgrano, Capital Federal",Grupo Arcos,226.6,12,238.6,5,4,2,30,0,A Refaccionar,Interno,3,"seguridad 24 h, laundry, pileta",2026-06-12,"Departamento de 5 ambientes en Zabala al 5700, Belgrano, a refaccionar. Son 227 m² cubiertos más 12 m² de balcón/terraza, con una distribución muy aprovechable y mucha luz natural. Se trata de una unidad interna en piso 3, con 4 dormitorios y 2 baños, ideal para quien busca poner su marca en un lugar con buen potencial. El edificio tiene 30 años de antigüedad, lo que se traduce en una construcción sólida y espacios amplios, pero pidiendo una puesta a punto para dejarlo a nuevo.

La zona es de las más buscadas de la ciudad, con todos los servicios a la mano y muy bien conectada. El edificio cuenta con seguridad 24 h, laundry y pileta, pensados para sumar confort al día a día. No incluye cochera, pero al estar tan bien ubicado, no la vas a extrañar. Si buscás un proyecto a tu medida, con ambientes grandes y un edificio con amenities, este es el indicado. A refaccionar de punta a punta, pero con el esqueleto perfecto para que quede como soñás.",true,"{""sintetico"": true, ""caso"": null, ""duplicado_de"": null}"
demo-b,demo-00519,https://demo-b.example/aviso/demo-00519,https://demo-b.example/aviso/demo-00519,Departamento 4 ambientes en Belgrano,370000,USD,319000,ARS,3 de Febrero 4896,"Belgrano, Capital Federal",Mirador Propiedades,105.3,3,108.3,,,,,,,,,"sum, laundry, parrilla",2026-06-30,"Excelente departamento de 4 ambientes en Belgrano, a pasos de la Av. 3 de Febrero. Con 105 m² cubiertos más 3 m² de balcón terraza, la unidad se ubica al contrafrente, lo que garantiza una vista tranquila y mucha luz natural. El inmueble cuenta con ascensor y una distribución funcional que incluye un living comedor amplio, cocina independiente, tres dormitorios (uno de ellos en suite) y dos baños completos. El edificio ofrece amenities de primer nivel: SUM para eventos, lavadero común y parrilla para compartir. Una oportunidad ideal para quienes buscan estar bien comunicados en uno de los barrios más cotizados de la ciudad, con todos los servicios a mano. Sin cochera.",false,"{""sintetico"": true, ""caso"": null, ""duplicado_de"": null}"
demo-a,demo-00520,https://demo-a.example/aviso/demo-00520,https://demo-a.example/aviso/demo-00520,Departamento 4 ambientes en Palermo,826000,USD,503000,ARS,Cabello 433,"Palermo, Capital Federal",Casa Nueva Negocios Inmobiliarios,152.1,3,155.1,4,3,1,70,0,Excelente,Frente,4,,2026-06-29,"Departamento en venta, Cabello al 400, pleno Palermo. Es una unidad de 4 ambientes con 3 dormitorios, al frente, y un baño. Se destaca por su superficie de 152 m² cubiertos más un balcón terraza de 3 m², y se encuentra en excelente estado a pesar de sus 70 años de antigüedad, lo que le da esa onda clásica y buena construcción que tanto se busca en la zona. Es un piso bien iluminado y con buena distribución, pensado para quienes valoran el espacio y la ubicación. No tiene cochera ni amenities, pero está en una de las cuadras más lindas de Palermo, cerca de todo.",true,"{""sintetico"": true, ""caso"": null, ""duplicado_de"": null}"
demo-b,demo-00521,https://demo-b.example/aviso/demo-00521,https://demo-b.example/aviso/demo-00521,Departamento 4 ambientes en Belgrano,346000,USD,481000,ARS,"Arcos 2238, Piso 1","Belgrano, Capital Federal",Mirador Propiedades,100.3,,100.3,4,3,3,,0,Excelente,Contrafrente,1,,2026-07-13,"Departamento de 4 ambientes en pleno corazón de Belgrano, sobre la calle Arcos al 2200. Se trata de una unidad en **excelente estado**, lista para habitar, con una distribución muy bien aprovechada que separa el área social de la privada. Son 100 m² cubiertos que se sienten amplios y luminosos, en un **piso 1** que garantiza privacidad y silencio por su ubicación **al contrafrente**.

Los tres dormitorios son de lindo tamaño, ideales para armar un hogar familiar o para quienes buscan espacio de sobra. Cuenta con tres baños, lo que suma mucha comodidad al día a día. Al estar al contrafrente, el ambiente se mantiene tranquilo y alejado del ruido de la avenida, un lujo difícil de conseguir en la zona. La propiedad es un fiel reflejo de un edificio bien mantenido, pero sin depender de servicios extra. Una oportunidad concreta para quien valore la buena ubicación y los ambientes amplios sin pagar amenities que no se usan. Ideal para refaccionar a nuevo o simplemente mudarse sin vueltas.",true,"{""sintetico"": true, ""caso"": null, ""duplicado_de"": null}"
demo-a,demo-00522,https://demo-a.example/aviso/demo-00522,https://demo-a.example/aviso/demo-00522,Departamento 3 ambientes en Palermo,222000,USD,,,Cerviño 3597,"Palermo, Capital Federal",Norte Propiedades,90.6,,90.6,,,,,,,,,"sum, parrilla",2026-08-16,"Departamento de 3 ambientes, impecable para estrenar, en el corazón de Palermo. Sobre Cerviño al 3500, a metros de los bares y la vida comercial de la zona, pero con la tranquilidad que da estar al contrafrente. Son 91 m² cubiertos distribuidos en dos dormitorios, un baño completo y un living comedor amplio y luminoso. El piso 7 garantiza vistas despejadas y mucha claridad durante todo el día, sin perder la privacidad que se busca en un hogar.

La cocina, con posibilidad de integración, invita a armar espacios modernos y funcionales. El edificio cuenta con sum y parrilla en la terraza, ideales para disfrutar el aire libre sin moverte de tu casa. Sin cochera, pero con la ventaja de estar en una zona con todos los medios de transporte y servicios a la vuelta de la esquina. Una oportunidad única para quienes buscan un dos dormitorios con buena superficie, bien ubicado y con amenities. Consultá por visitas.",false,"{""sintetico"": true, ""caso"": null, ""duplicado_de"": null}"
demo-a,demo-00523,https://demo-a.example/aviso/demo-00523,https://demo-a.example/aviso/demo-00523,Departamento 3 ambientes en Palermo,359000,USD,,,"Arenales 2513, Piso 7","Palermo, Capital Federal",Sur & Asociados,82.6,3,85.6,3,2,1,,0,Excelente,Frente,7,"parrilla, pileta, sum",2026-09-10,"Departamento de 3 ambientes en Palermo, sobre Arenales al 2500, con una ubicación inmejorable. Al frente, luminoso y con muy buena distribución, cuenta con dos dormitorios, un baño completo y un living-comedor amplio. La superficie cubierta es de 83 m² más un balcón terraza de 3 m², ideal para disfrutar al aire libre. Se encuentra en excelente estado, listo para habitar, con terminaciones cuidadas y espacios bien aprovechados. El edificio ofrece amenities destacados: parrilla para reuniones, pileta para los días de calor y un amplio salón de usos múltiples. Sin cochera, pero con fácil acceso a transporte y todos los servicios del barrio. Una oportunidad concreta para quienes buscan calidad de vida en una de las zonas más buscadas de la Ciudad.",true,"{""sintetico"": true, ""caso"": null, ""duplicado_de"": null}"
demo-b,demo-00524,https://demo-b.example/aviso/demo-00524,https://demo-b.example/aviso/demo-00524,Departamento 2 ambientes en Palermo,173000,USD,,,Darregueyra 5767,"Palermo, Capital Federal",Inmobiliaria del Parque,50.4,,50.4,,,,,,,,,"pileta, sum, laundry, seguridad 24 h, solarium",2026-06-02,"Departamento de 2 ambientes en pleno Palermo, sobre Darregueyra al 5700. Se trata de una unidad en **muy buen estado**, lista para habitar, con los metros justos y bien aprovechados: living comedor amplio, cocina separada, un dormitorio cómodo y un baño completo. Al ser **piso 1**, la luminosidad del día se siente en cada ambiente, y la distribución es funcional, sin pasillos que sobren. La construcción tiene **60 años de antigüedad**, pero ha sido mantenida con criterio, manteniendo ese encanto de los edificios clásicos de la zona, con buena conservación general.

El edificio ofrece amenities que suman calidad de vida: pileta para los días de calor, SUM para reuniones o trabajo remoto, laundry común y un solarium ideal para despejarse sin salir de casa. Todo eso con seguridad 24 horas, un punto que se agradece en la zona. Está a pasos de bares, subte y la vida comercial de Palermo, pero en una cuadra tranquila.

Es una oportunidad con **precio promocional** por tiempo limitado, así que conviene agendar una visita rápido. Sin cochera, pero con todo lo esencial al alcance. Ideal para parejas o inversores que busquen un departamento canchero y bien ubicado, sin pagar de más. Coordiná una recorrida, no se va a mantener mucho en el mercado.",false,"{""sintetico"": true, ""caso"": ""promocional"", ""duplicado_de"": null}"
demo-a,demo-00525,https://demo-a.example/aviso/demo-00525,https://demo-a.example/aviso/demo-00525,Departamento 3 ambientes en Palermo,391000,USD,,,"Malabia 5354, Piso 15","Palermo, Capital Federal",Grupo Arcos,80.5,12,92.5,3,2,1,50,0,Excelente,,15,,2026-06-11,"Departamento en el corazón de Palermo, sobre Malabia al 5300, en una zona que combina lo mejor de la ciudad: comercios, bares y verde cerca. Está en un **piso 15**, con ascensor, y eso ya te garantiza una vista despejada y mucha luz natural durante todo el día. Son **50 años de antigüedad**, pero se nota que ha sido mantenido con cariño, porque se encuentra en **excelente estado** y listo para habitar sin vueltas.

La distribución es muy aprovechable: dos dormitorios amplios, un baño completo y un living comedor con salida al balcón terraza de 12 m², ideal para desayunar al aire libre o tener tus plantas. Son 80 m² cubiertos que se sienten más grandes por lo bien diagramado que está todo. Al no tener cochera ni amenities, el gasto común es más liviano que en los edificios nuevos, y la ubicación te permite moverte caminando a todos lados. Una oportunidad real para quienes buscan un tres ambientes bien puesto en Palermo, sin pagar el sobreprecio de las torres modernas.",true,"{""sintetico"": true, ""caso"": null, ""duplicado_de"": null}"
demo-a,demo-00526,https://demo-a.example/aviso/demo-00526,https://demo-a.example/aviso/demo-00526,Departamento 2 ambientes en Palermo,165000,USD,,,Gorriti 5256,"Palermo, Capital Federal",Mirador Propiedades,36.9,,36.9,2,1,1,0,0,A Estrenar,,5,seguridad 24 h,2026-05-03,"Departamento a estrenar en el corazón de Palermo, sobre la calle Gorriti al 5200. Una oportunidad única para quienes buscan sumarse a la mejor zona de Buenos Aires sin resignar tranquilidad. Son 37 metros cuadrados de puro aprovechamiento, ideales para una pareja o para inversores que quieran ponerlo en alquiler temporario desde el día uno. El edificio, a estrenar, cuenta con seguridad las 24 horas, algo que se agradece tanto para vivir como para despreocuparse cuando no estás. El layout es súper funcional: un living comedor que se integra con la cocina, un dormitorio bien proporcionado y un baño completo con terminaciones modernas. Al ser a estrenar, no vas a tener que pensar en refacciones ni en gastos de mantenimiento grandes: llegás, abrís la puerta y listo. La ubicación es inmejorable, con bares, restaurantes, subtes y parques a pocas cuadras, pero en una zona residencial que te permite escapar del ruido cuando querés. Sin dudas, una de esas propiedades que se eligen por la dirección y se aman por la practicidad.",true,"{""sintetico"": true, ""caso"": null, ""duplicado_de"": null}"
demo-b,demo-00527,https://demo-b.example/aviso/demo-00527,https://demo-b.example/aviso/demo-00527,Departamento 1 ambientes en Belgrano,130000,USD,168000,ARS,O'Higgins 5154,"Belgrano, Capital Federal",Norte Propiedades,31.3,1.5,32.8,1,0,1,2,1,Excelente,,10,,2026-06-25,"Departamento de 1 ambiente en Belgrano, sobre O'Higgins al 5100, piso 10, con 31 m² cubiertos más un balcón terraza de 2 m². Cuenta con cochera incluida y está en excelente estado, con apenas 2 años de antigüedad. La unidad tiene baño completo y está lista para habitar, ideal para quienes buscan un espacio funcional y bien ubicado en uno de los barrios más tradicionales de la ciudad. Sin amenities, pero con todo lo necesario para disfrutar de la zona.",true,"{""sintetico"": true, ""caso"": null, ""duplicado_de"": null}"
demo-a,demo-00528,https://demo-a.example/aviso/demo-00528,https://demo-a.example/aviso/demo-00528,Departamento 2 ambientes en Palermo,167000,USD,276000,ARS,Humboldt 2634,"Palermo, Capital Federal",Casa Nueva Negocios Inmobiliarios,41.6,12,53.6,2,1,1,,0,Excelente,Contrafrente,6,"solarium, laundry, parrilla",2026-06-27,"Departamento de 2 ambientes en el corazón de Palermo, sobre Humboldt al 2600, bien al contrafrente y en un piso 6, para aprovechar la luz natural y la vista despejada que da justo a un patio de manzana. Son 42 m² cubiertos que se distribuyen en un living comedor amplio y prolijo, un dormitorio cómodo y un baño completo. La cocina está integrada al living, lo que suma sensación de espacio. A esto se le suman 12 m² de balcón terraza, ideal para armar un rincón de descanso o para sacar una mesa y unas sillas y desayunar al aire libre.

El edificio cuenta con solarium en la terraza, laundry (para no tener que colgar en el patio) y parrilla, perfecto para juntarse sin moverte de tu casa. No incluye cochera, pero en la zona estacionar no es problema si conseguís la acreditación. La ubicación es inmejorable: a diez cuadras del subte y a una cuadra de la avenida Santa Fe, con todos los bares, restaurantes y locales que ofrece Palermo Soho a la vuelta de la esquina. Ideal para quien busca un primer departamento, una inversión o un refugio urbano bien conectado. Consultá por visitas.",true,"{""sintetico"": true, ""caso"": null, ""duplicado_de"": null}"
demo-b,demo-00529,https://demo-b.example/aviso/demo-00529,https://demo-b.example/aviso/demo-00529,Departamento 3 ambientes en Belgrano,292000,USD,489000,ARS,Vuelta de Obligado 2406,"Belgrano, Capital Federal",Casa Nueva Negocios Inmobiliarios,93.0,,93.0,,,,,,,,,"solarium, parrilla",2026-08-12,"Departamento de 3 ambientes en Belgrano, Vuelta de Obligado al 2400, sobre una zona residencial de excelente conectividad. Se trata de una unidad de 93 m² cubiertos, al contrafrente, lo que garantiza una tranquilidad poco común en la ciudad. El inmueble se encuentra en piso 5 y cuenta con 45 años de antigüedad, pero se presenta en excelente estado gracias a un mantenimiento constante. La distribución incluye dos dormitorios amplios, un baño completo y un living comedor de buenas dimensiones. La cocina está separada y posee salida a un pequeño lavadero. Como valor agregado, el edificio ofrece solarium y parrilla en la terraza, ideales para disfrutar del aire libre sin salir de casa. Incluye además una cochera asignada. Una oportunidad muy interesante para quienes buscan un departamento luminoso y silencioso en uno de los barrios más buscados de la ciudad.",false,"{""sintetico"": true, ""caso"": null, ""duplicado_de"": null}"
demo-a,demo-00530,https://demo-a.example/aviso/demo-00530,https://demo-a.example/aviso/demo-00530,Departamento 3 ambientes en Palermo,313000,USD,256000,ARS,"Cabrera 3952, Piso 3","Palermo, Capital Federal",Norte Propiedades,67.6,3,70.6,3,2,1,0,0,Excelente,,3,solarium,2026-06-13,"Departamento de tres ambientes en Cabrera al 3900, Palermo, en piso 3, a estrenar y en excelente estado. Cuenta con dos dormitorios, un baño completo y una superficie cubierta de 68 m² más un balcón terraza de 3 m², ideal para disfrutar al aire libre. El edificio ofrece solarium como espacio común, sumando un plus de confort. Sin cochera. Una oportunidad única para vivir en una de las zonas más buscadas de la Ciudad, con todos los servicios y la cercanía a bares, restaurantes y comercios que caracterizan a Palermo.",true,"{""sintetico"": true, ""caso"": null, ""duplicado_de"": null}"
demo-a,demo-00531,https://demo-a.example/aviso/demo-00531,https://demo-a.example/aviso/demo-00531,Departamento 1 ambientes en Palermo,106000,USD,321000,ARS,"Darregueyra 398, Piso 3","Palermo, Capital Federal",Mirador Propiedades,27.1,1.5,28.6,1,0,1,45,0,Excelente,,3,,2026-06-30,"Departamento de 1 ambiente en el corazón de Palermo, sobre la calle Darregueyra al 300. Estamos hablando de un piso 3, con una distribución muy bien pensada que aprovecha al máximo cada metro cuadrado: 27 m² cubiertos más 2 m² de balcón/terraza, ideales para desayunar al aire libre o sumar un sillón. A pesar de tener 45 años de antigüedad, el edificio está bien mantenido y la unidad se encuentra en excelente estado, lista para habitar. 

El baño es completo y el sector de cocina está integrado al living, generando un ambiente amplio y luminoso. Es una opción perfecta para quienes buscan vivir solos, como inversión o para alquilar temporario por su ubicación privilegiada. Sin cochera ni amenities, pero con todos los servicios a la vuelta de la esquina, bares, restaurantes y transporte público a pasos. Una oportunidad concreta para meterse en uno de los barrios más buscados de la ciudad. Consultanos por la visita.",true,"{""sintetico"": true, ""caso"": null, ""duplicado_de"": null}"
demo-a,demo-00532,https://demo-a.example/aviso/demo-00532,https://demo-a.example/aviso/demo-00532,Departamento 2 ambientes en Palermo,130000,USD,200000,ARS,"Darregueyra 1442, Piso 2","Palermo, Capital Federal",Mirador Propiedades,47.1,,47.1,2,1,1,,0,Excelente,Interno,2,"laundry, pileta",2026-08-09,"Departamento en venta, Palermo, sobre Darregueyra al 1400. Unidad interna en piso 2 con orientación tranquila, ideal para quienes buscan privacidad sin ruidos de calle. Son 47 m² cubiertos, distribuidos en un living comedor amplio, un dormitorio y un baño completo. El inmueble se encuentra en excelente estado, listo para habitar, con pisos de parquet y buena iluminación natural gracias a sus ventanas al contrafrente. El edificio cuenta con laundry y pileta para disfrutar los días de calor, perfecto para quien valora los amenities sin necesidad de cochera. Una oportunidad en una de las zonas más buscadas de Palermo, cerca de bares, restaurantes y transporte público. Contactanos para coordinar una visita.",true,"{""sintetico"": true, ""caso"": null, ""duplicado_de"": null}"
demo-b,demo-00533,https://demo-b.example/aviso/demo-00533,https://demo-b.example/aviso/demo-00533,Departamento 1 ambientes en Palermo,139000,USD,,,Nicaragua 1702,"Palermo, Capital Federal",Norte Propiedades,37.3,6.0,43.3,,,,,,,,,"pileta, seguridad 24 h",2026-07-18,"Departamento a estrenar en pleno Palermo, sobre la calle Nicaragua al 1700, ideal para quienes buscan sumarse a la mejor zona de la ciudad sin resignar tranquilidad. Se trata de un uno ambientes muy bien resuelto, con orientación lateral que garantiza luz natural durante todo el día y una vista que invita a despejarse. Son 37 metros cuadrados cubiertos más un balcón terraza de 6 metros, pensados para aprovechar cada rincón con inteligencia. El edificio es moderno, con ascensor y amenities que marcan la diferencia: pileta en la terraza para escapar del calor porteño y seguridad 24 horas para vivir con total confianza.

La propiedad está en muy buen estado, lista para entrar a vivir o para invertir en alquiler temporario, dado que la zona tiene alta demanda. Al ser a estrenar, no vas a tener que preocuparte por reformas ni arreglos: todo es nuevo, impecable y con terminaciones de calidad. La distribución es óptima, con un baño completo y un living comedor integrado al sector de cocina, todo en un ambiente único y luminoso. Sin lugar a dudas, una oportunidad para los que quieren estar cerca de los mejores bares, restaurantes y espacios verdes de Palermo, con la practicidad de un departamento chico pero bien pensado. Consultanos por visitas, la atención es personalizada.",false,"{""sintetico"": true, ""caso"": null, ""duplicado_de"": null}"
demo-b,demo-00534,https://demo-b.example/aviso/demo-00534,https://demo-b.example/aviso/demo-00534,Departamento 2 ambientes en Palermo,225000,USD,309000,ARS,Gurruchaga 1073,"Palermo, Capital Federal",Casa Nueva Negocios Inmobiliarios,46.9,8,54.9,2,1,1,,1,Excelente,,0,laundry,2026-07-24,"Departamento de dos ambientes en alquiler sobre Gurruchaga al 1000, pleno Palermo. Se trata de un inmueble en excelente estado, con una superficie cubierta de 47 m² más un balcón terraza de 8 m² que suma mucho valor al espacio. Cuenta con un dormitorio, un baño completo y cochera incluida, un plus difícil de encontrar en la zona. El edificio ofrece laundry, ideal para quienes buscan sumar comodidad al día a día. Buena distribución, luminoso y con todos los servicios a mano, ideal tanto para profesionales como para parejas que quieran vivir en uno de los barrios más conectados de la Ciudad. Consultá condiciones y disponibilidad.",true,"{""sintetico"": true, ""caso"": null, ""duplicado_de"": null}"
demo-b,demo-00535,https://demo-b.example/aviso/demo-00535,https://demo-b.example/aviso/demo-00535,Departamento 2 ambientes en Palermo,168000,USD,,,"Fitz Roy 2205, Piso 5","Palermo, Capital Federal",Inmobiliaria del Parque,46.8,8,54.8,2,1,1,,0,Excelente,,5,,2026-08-24,"Departamento de 2 ambientes en pleno Palermo, sobre la calle Fitz Roy al 2200. Se trata de un piso 5 con muy buena distribución: living comedor amplio, un dormitorio cómodo y un baño completo. La cocina es independiente y suma 47 m² cubiertos que se potencian con una terraza/balcón de 8 m², ideal para despegarse del ruido o sumar un espacio de trabajo al aire libre.

La zona es inmejorable, con todos los servicios a la vuelta, subte cerca y una movida gastronómica y de bares que lo convierte en una opción tentadora tanto para vivir como para inversión. Al estar en un piso 5, la luminosidad y la vista se disfrutan sin depender de nada más que de la altura. No tiene cochera ni amenities, pero eso se compensa con la ubicación y el dato de que es un edificio con pocos vecinos.

La superficie total es de 55 m², contando el balcón, y el valor de expensas es reducido. Si buscás un dos ambientes bien ubicado, con carácter y sin grandes gastos de mantenimiento, esta es una oportunidad concreta. Consultá por visitas, se atiende sin compromiso.",true,"{""sintetico"": true, ""caso"": null, ""duplicado_de"": null}"
demo-a,demo-00536,https://demo-a.example/aviso/demo-00536,https://demo-a.example/aviso/demo-00536,Departamento 3 ambientes en Belgrano,232000,USD,319000,ARS,"Zapiola 1726, Piso 6","Belgrano, Capital Federal",Norte Propiedades,86.1,,86.1,3,2,1,25,0,Excelente,,6,,2026-07-31,"Departamento de 3 ambientes en Belgrano, sobre Zapiola al 1700. Son 86 metros cuadrados cubiertos, con dos dormitorios y un baño completo, todo distribuido en un piso 6 que le da buena luz al living comedor. La propiedad tiene 25 años de antigüedad y está en una zona muy tranquila, cerca de todos los servicios, con colegios, plazas y el bajo a unas cuadras. Ideal para quienes buscan un departamento sin cochera ni amenities, pero con buena superficie y ubicación en uno de los barrios más lindos de la Ciudad.",true,"{""sintetico"": true, ""caso"": null, ""duplicado_de"": null}"
demo-a,demo-00537,https://demo-a.example/aviso/demo-00537,https://demo-a.example/aviso/demo-00537,Departamento 4 ambientes en Belgrano,260000,USD,325000,ARS,"Cabildo 2915, Piso 7","Belgrano, Capital Federal",Casa Nueva Negocios Inmobiliarios,136.3,3,139.3,4,3,3,,0,A Refaccionar,,7,"laundry, solarium",2026-06-27,"Departamento de 4 ambientes en pleno corazón de Belgrano, sobre la avenida Cabildo al 2900, a metros de todo. Son 136 metros cuadrados cubiertos de muy linda distribución, más un balcón terraza de 3 metros que suma para despegarse del ruido. Al estar en el **piso 7** y **con ascensor**, se disfruta de mucha luz natural durante todo el día y de una vista abierta que no se consigue todos los días.

El programa cuenta con 3 dormitorios, todos bien proporcionados, y 3 baños, ideal para una familia que busque comodidad o para quien necesite espacio para recibir visitas sin que falte privacidad. La cocina es amplia y el living comedor tiene linda recepción. El edificio ofrece amenities que suman: un laundry para no tener que preocuparse por el lavado y un solarium en la terraza, perfecto para relajarse o tomar sol sin salir de casa.

La ubicación es de las mejores: sobre Cabildo, con línea de subte, colectivos, bancos, escuelas y toda la oferta comercial a la vuelta. Ideal para los que buscan vida de barrio con acceso rápido al centro. Para más datos y coordinar una visita, consultar por WhatsApp.",true,"{""sintetico"": true, ""caso"": null, ""duplicado_de"": null}"
demo-b,demo-00538,https://demo-b.example/aviso/demo-00538,https://demo-b.example/aviso/demo-00538,Departamento 4 ambientes en Belgrano,257000,USD,325000,ARS,"Cabildo 2900, Piso 7","Belgrano, Capital Federal",Sur & Asociados,136.6,3,139.6,4,3,3,,0,A Refaccionar,Frente,7,"laundry, solarium",2026-06-25,"Departamento de 4 ambientes en Belgrano, Cabildo al 2900, piso 7 al frente, con una superficie cubierta de 137 m² más un balcón terraza de 3 m². Dispone de 3 dormitorios y 3 baños, ideal para quienes buscan espacio y comodidad en una de las zonas más buscadas de la ciudad. El edificio cuenta con laundry y solarium, perfecto para disfrutar el día a día sin salir de casa. Sin cochera, pero con excelente conectividad y acceso a todos los servicios del barrio. Una oportunidad para vivir en un piso alto con buena luz y vistas, en un entorno consolidado.",true,"{""sintetico"": true, ""caso"": null, ""duplicado_de"": ""demo-00537""}"
demo-a,demo-00539,https://demo-a.example/aviso/demo-00539,https://demo-a.example/aviso/demo-00539,Departamento 4 ambientes en Palermo,318000,USD,,,Scalabrini Ortiz 1023,"Palermo, Capital Federal",Inmobiliaria del Parque,107.2,,107.2,4,3,2,70,1,Bueno,,10,,2026-08-18,"Departamento de 4 ambientes en pleno Palermo, sobre Scalabrini Ortiz al 1000. Cuenta con 107 m² cubiertos, distribuidos en 3 dormitorios, 2 baños y amplio living comedor. Incluye cochera y está en buen estado general, listo para habitar. El edificio tiene 70 años de antigüedad, con ascensor y una fachada clásica bien mantenida. Sin amenities, pero con todos los servicios cerca y una ubicación estratégica para moverse por la ciudad. Ideal para quienes buscan un piso amplio con buena superficie, luminosidad en sus ambientes y la practicidad de tener cochera propia. Una oportunidad con mucho potencial en uno de los barrios más buscados de Capital. Consultá por visitas.",true,"{""sintetico"": true, ""caso"": null, ""duplicado_de"": null}"
demo-b,demo-00540,https://demo-b.example/aviso/demo-00540,https://demo-b.example/aviso/demo-00540,Departamento 1 ambientes en Belgrano,94000,USD,178000,ARS,"Cuba 777, Piso 1","Belgrano, Capital Federal",Belgrano Brokers,32.0,1.5,33.5,1,0,1,15,0,Excelente,,1,,2026-09-11,"Departamento en venta en Belgrano, sobre la calle Cuba al 700. Se trata de un monoambiente en piso 1, con 32 m² cubiertos más un balcón terraza de 2 m². El inmueble tiene 15 años de antigüedad y se encuentra en excelente estado, listo para habitar. Cuenta con un baño completo y la distribución está pensada para aprovechar al máximo cada metro. Sin cochera ni amenities, ideal para quienes buscan un primer hogar o una inversión en una zona bien conectada.",true,"{""sintetico"": true, ""caso"": null, ""duplicado_de"": null}"
demo-b,demo-00541,https://demo-b.example/aviso/demo-00541,https://demo-b.example/aviso/demo-00541,Departamento 4 ambientes en Belgrano,375000,USD,367000,ARS,Cuba 3046,"Belgrano, Capital Federal",Estudio Lacroze,115.4,3,118.4,,,,,,,,,"solarium, sum, pileta, gimnasio, laundry",2026-06-27,"Departamento de 4 ambientes en pleno Belgrano, sobre Cuba al 3000, en un piso 12 con ascensor. 115 m² cubiertos más un balcón terraza de 3 m² que suma luz al living. El edificio tiene 12 años de antigüedad y se nota el mantenimiento: el piso está impecable y los ambientes conservan un excelente estado. Son tres dormitorios, ojo, el más chico queda justo para escritorio o roompa, y los dos baños están completos, con buena presión de agua.

El depto tiene un lindo sol a la tarde, pero eso ya lo vas a ver cuando lo visites. No incluye cochera, aunque en la zona hay varias opciones de alquiler a la vuelta. El edificio ofrece amenities que van de diez: solarium con vista despejada, SUM para juntadas, pileta climatizada, gimnasio y laundry. Ideal para quien busca estar bien ubicado, cerca de los subtes y los bares de la calle Mendoza, sin resignar comodidad. Una oportunidad para meterse de lleno en uno de los barrios más lindos de la ciudad.",false,"{""sintetico"": true, ""caso"": null, ""duplicado_de"": null}"
demo-a,demo-00542,https://demo-a.example/aviso/demo-00542,https://demo-a.example/aviso/demo-00542,Departamento 5 ambientes en Belgrano,478000,USD,162000,ARS,Blanco Encalada 5762,"Belgrano, Capital Federal",Mirador Propiedades,145.7,,145.7,5,4,1,40,0,Muy Bueno,Frente,2,gimnasio,2026-08-14,"Departamento de 5 ambientes en Belgrano, Blanco Encalada al 5700, piso 2, al frente. Con 146 m² cubiertos, muy buen estado y 40 años de antigüedad, cuenta con 4 dormitorios, un baño y cocina independiente. El edificio ofrece gimnasio como amenities. Sin cochera. Ideal para quienes buscan un hogar amplio y luminoso en una zona residencial con todos los servicios cerca.",true,"{""sintetico"": true, ""caso"": null, ""duplicado_de"": null}"
demo-a,demo-00543,https://demo-a.example/aviso/demo-00543,https://demo-a.example/aviso/demo-00543,Departamento 3 ambientes en Palermo,252000,USD,245000,ARS,"Charcas 1905, Piso 4","Palermo, Capital Federal",Norte Propiedades,68.4,,68.4,3,2,1,,0,Muy Bueno,Contrafrente,4,,2026-07-10,"Departamento de 3 ambientes en el corazón de Palermo, sobre la calle Charcas al 1900. Son 68 m² cubiertos distribuidos en un living comedor espacioso, dos dormitorios amplios y un baño completo. El inmueble está en muy buen estado, listo para habitar, y al contrafrente lo que garantiza una tranquilidad difícil de encontrar en la zona. Sin cochera ni amenities, pero con una ubicación privilegiada cerca de bares, restaurantes y medios de transporte. Ideal para quienes valoran el confort sin ruidos.",true,"{""sintetico"": true, ""caso"": null, ""duplicado_de"": null}"
demo-a,demo-00544,https://demo-a.example/aviso/demo-00544,https://demo-a.example/aviso/demo-00544,Departamento 1 ambientes en Belgrano,123000,USD,295000,ARS,Olazábal 3479,"Belgrano, Capital Federal",Norte Propiedades,35.3,2.5,37.8,,,,,,,,,"gimnasio, laundry, solarium",2026-06-20,"Departamento a estrenar en pleno Belgrano, sobre Olazábal al 3400, ideal para quienes buscan sumarse a un edificio nuevo con buena onda. Es un 1 ambiente bien distribuido, al frente y en un piso 5, así que la luminosidad natural es de esas que se disfrutan todo el día. Son 35 metros cuadrados cubiertos más un balconcito de 2 metros que suma para desayunar o leer el diario.

El edificio tiene lo justo y necesario para la vida práctica: gimnasio para no zafar de la rutina, laundry para lavar sin vueltas y un solarium en la terraza que es un lujo para tomar aire. Sin cochera, pero en esa zona no hace falta: estás cerca de todo, con subte, colectivos y los bares de siempre a la vuelta. Es una oportunidad para meterse en un barrio que combina lo residencial con el movimiento, y con un departamento a estrenar que se entrega con terminaciones impecables. Ideal para invertir o para arrancar solo, sin perder la comodidad de tener todo a mano.",false,"{""sintetico"": true, ""caso"": null, ""duplicado_de"": null}"
demo-a,demo-00545,https://demo-a.example/aviso/demo-00545,https://demo-a.example/aviso/demo-00545,Departamento 1 ambientes en Palermo,214000,USD,271000,ARS,Armenia 4307,"Palermo, Capital Federal",Estudio Lacroze,42.6,,42.6,1,0,1,0,0,A Estrenar,Frente,,"gimnasio, solarium",2026-07-13,"Departamento a estrenar en pleno corazón de Palermo, sobre la calle Armenia al 4300, y en una ubicación que no tiene nada que envidiarle a las mejores zonas de Buenos Aires. Un lujo de unidad al frente, con ascensor y pensada para quien busca comodidad y diseño sin perder la onda del barrio. Con 43 metros cuadrados cubiertos, el layout está súper bien aprovechado: un ambiente integrado, con un baño completo, y una onda moderna que invita a mudarse ya a la nueva dirección.

El edificio tiene amenities que van como piña para el día a día: gimnasio para no saltarte la rutina y un solarium ideal para despegarse. La entrega estimada es para el primer cuatrimestre del año que viene, justo para ir planeando la mudanza. Las fotos que ves son del modelo, así que la realidad puede variar un poco, pero la base es esta. Un departamento a estrenar, sin cochera, pero con todo lo que necesitás al lado: bares, plazas, subte y el verde de Palermo a dos pasos. Si estás buscando arrancar una nueva etapa en un lugar con identidad, este es el indicado. Consultá por acá que la propiedad es una joyita.",true,"{""sintetico"": true, ""caso"": ""pozo"", ""duplicado_de"": null}"
demo-b,demo-00546,https://demo-b.example/aviso/demo-00546,https://demo-b.example/aviso/demo-00546,Departamento 1 ambientes en Belgrano,119000,USD,469000,ARS,"O'Higgins 5166, Piso 4","Belgrano, Capital Federal",Belgrano Brokers,35.9,2.5,38.4,1,0,1,60,1,A Refaccionar,,4,,2026-06-28,"Departamento en Belgrano, sobre O'Higgins al 5100, piso 4 con ascensor. Un ambiente de 36 m² cubiertos más 2 m² de balcón terraza, y un baño completo. Cuenta con cochera incluida. El edificio tiene 60 años de antigüedad, por lo que el inmueble se encuentra a refaccionar, ideal para quienes buscan ponerle su propio sello o invertir en una zona con excelente conectividad. Cerca de subtes, colectivos y todos los servicios de Belgrano. Sin amenities, pero con la practicidad de un departamento chico en un barrio que lo tiene todo.",true,"{""sintetico"": true, ""caso"": null, ""duplicado_de"": null}"
demo-a,demo-00548,https://demo-a.example/aviso/demo-00548,https://demo-a.example/aviso/demo-00548,Departamento 3 ambientes en Palermo,375000,USD,264000,ARS,"Malabia 3881, Piso 2","Palermo, Capital Federal",Norte Propiedades,75.5,5,80.5,3,2,1,5,0,Muy Bueno,,2,"seguridad 24 h, sum",2026-06-01,"Departamento de 3 ambientes en pleno Palermo, sobre Malabia al 3800, en muy buen estado y listo para que lo disfrutes. Son 76 m² cubiertos más un balcón terraza de 5 m² que suma luz y aire a los ambientes. Tiene 2 dormitorios, 1 baño y una distribución cómoda, pensada para no perder espacio. La zona es inmejorable: llena de bares, restaurantes y verde a pocas cuadras, con todos los servicios a mano.

El edificio cuenta con seguridad 24 h y un hermoso SUM, ideal para reuniones o para despejarte sin salir de casa. Son 5 años de antigüedad, así que el mantenimiento es simple y no vas a tener sorpresas grandes. Sin cochera, pero en esta zona no la vas a extrañar porque te moves caminando o en transporte público. Una oportunidad concreta para quienes buscan vivir en uno de los barrios más vibrantes de Buenos Aires, con todo lo que eso implica. Consultá por visitas.",true,"{""sintetico"": true, ""caso"": null, ""duplicado_de"": null}"
demo-a,demo-00549,https://demo-a.example/aviso/demo-00549,https://demo-a.example/aviso/demo-00549,Departamento 1 ambientes en Palermo,197000,USD,298000,ARS,Juncal 5649,"Palermo, Capital Federal",Inmobiliaria del Parque,34.9,2.5,37.4,,,,,,,,,"pileta, gimnasio, parrilla, seguridad 24 h, solarium",2026-06-05,"Departamento a estrenar en el corazón de Palermo, sobre la calle Juncal al 5600. Se trata de una unidad al frente, en piso 2, con una distribución inteligente que aprovecha al máximo sus 35 metros cuadrados cubiertos más un balcón terraza de 2 metros cuadrados, ideal para desayunar mirando el movimiento del barrio. El edificio es moderno y ofrece amenities de primer nivel: pileta para relajarse, gimnasio equipado, parrilla para reuniones, solarium y seguridad 24 horas. 

La zona es inmejorable, con todos los servicios a metros, bares, restaurantes y medios de transporte. Es un proyecto a estrenar que se destaca por su luminosidad y la vista abierta que brinda el frente, algo difícil de encontrar en esta zona tan buscada. Perfecto para quienes buscan comodidad, seguridad y una ubicación estratégica en uno de los barrios más vibrantes de la ciudad. Ideal como primera vivienda o para inversión, dado el excelente potencial de alquiler temporario que tiene la zona. No se puede pedir más en un monoambiente de estas características.",false,"{""sintetico"": true, ""caso"": null, ""duplicado_de"": null}"
demo-a,demo-00550,https://demo-a.example/aviso/demo-00550,https://demo-a.example/aviso/demo-00550,Departamento 3 ambientes en Palermo,195000,USD,,,"Uriarte 3648, Piso 9","Palermo, Capital Federal",Casa Nueva Negocios Inmobiliarios,57.1,,57.1,3,2,1,,0,Muy Bueno,Contrafrente,9,,2026-08-14,"Departamento de 3 ambientes en Palermo, sobre Uriarte al 3600, al contrafrente y en piso 9, lo que garantiza una vista tranquila y mucha luz natural. Con 57 m² cubiertos, cuenta con dos dormitorios, un baño completo y un living-comedor amplio, todo en muy buen estado. Ideal para quienes buscan un hogar cómodo en una de las zonas más buscadas de la ciudad, cerca de bares, tiendas y transporte. Sin cochera ni amenities, pero con la practicidad de un edificio bien mantenido. Una oportunidad para disfrutar de Palermo sin ruidos ni sobresaltos.",true,"{""sintetico"": true, ""caso"": null, ""duplicado_de"": null}"
demo-b,demo-00551,https://demo-b.example/aviso/demo-00551,https://demo-b.example/aviso/demo-00551,Departamento 2 ambientes en Palermo,135000,USD,177000,ARS,Scalabrini Ortiz 1283,"Palermo, Capital Federal",Casa Nueva Negocios Inmobiliarios,39.7,3,42.7,,,,,,,,,solarium,2026-08-27,"Departamento a estrenar en el corazón de Palermo, sobre Scalabrini Ortiz al 1200. Se trata de una unidad al frente, en un piso 7, con 40 m2 cubiertos más un balcón terraza de 3 m2 que suma luz y aire a los ambientes. Es un dos ambientes con un dormitorio y un baño, pensado para quien busca estrenar en una de las zonas más conectadas de la ciudad, con todos los servicios a la vuelta de la esquina.

El edificio está en pleno proceso de construcción, por lo que las fotos que ves son del modelo terminado, a modo de referencia. La entrega estimada es para el segundo semestre del año que viene, así que es el momento de sumarse a esta inversión con un valor de pozo que acompaña el ritmo de obra. El solarium en la terraza es el plus para despegarse del ruido sin salir de casa, ideal para disfrutar las tardes porteñas. Sin cochera, pero con una ubicación que te permite moverte en subte, tren o colectivo sin drama. Consultá por el layout exacto y las condiciones de financiación en nuestro local del barrio.",false,"{""sintetico"": true, ""caso"": ""pozo"", ""duplicado_de"": null}"
demo-a,demo-00552,https://demo-a.example/aviso/demo-00552,https://demo-a.example/aviso/demo-00552,Departamento 3 ambientes en Palermo,343000,USD,312000,ARS,Gurruchaga 5755,"Palermo, Capital Federal",Inmobiliaria del Parque,86.8,5,91.8,3,2,1,0,0,Excelente,,0,,2026-06-19,"Departamento de tres ambientes en planta baja, a estrenar y en excelente estado. Sobre Gurruchaga al 5700, Palermo, cuenta con dos dormitorios, un baño, 87 m² cubiertos más un balcón terraza de 5 m². Es planta baja, sin ascensor, y no incluye cochera ni amenities. Ideal para quienes",true,"{""sintetico"": true, ""caso"": null, ""duplicado_de"": null}"
demo-b,demo-00553,https://demo-b.example/aviso/demo-00553,https://demo-b.example/aviso/demo-00553,Departamento 3 ambientes en Palermo,340000,USD,312000,ARS,Gurruchaga 5700,"Palermo, Capital Federal",Estudio Lacroze,83.9,5,88.9,3,2,1,,0,Excelente,,0,,2026-06-17,"Departamento en Palermo, sobre Gurruchaga al 5700. Planta baja, con 84 m² cubiertos más 5 m² de balcón terraza, lo que te da ese plus de espacio al aire libre tan buscado. Tiene tres ambientes bien distribuidos: dos dormitorios y un baño completo, ideal para una pareja o quien busque comodidad sin metros de más. La ubicación es inmejorable, en pleno corazón de Palermo, cerca de bares, tiendas y parques. Sin cochera ni amenities, pero con el carácter de un edificio clásico de la zona.",true,"{""sintetico"": true, ""caso"": null, ""duplicado_de"": ""demo-00552""}"
demo-b,demo-00554,https://demo-b.example/aviso/demo-00554,https://demo-b.example/aviso/demo-00554,Departamento 3 ambientes en Palermo,311000,USD,139000,ARS,"Malabia 1247, Piso 15","Palermo, Capital Federal",Belgrano Brokers,85.0,,85.0,3,2,1,,0,Bueno,Contrafrente,15,sum,2026-07-18,"Departamento de 3 ambientes en pleno Palermo, sobre la avenida Malabia al 1200, con una ubicación privilegiada para quienes buscan vivir rodeados de bares, restaurantes y medios de transporte. Se trata de una unidad al contrafrente, lo que garantiza un ambiente tranquilo y silencioso, ideal para descansar después del trabajo. Está en un piso 15, con ascensor, y cuenta con una superficie cubierta de 85 m² bien aprovechados en sus dos dormitorios, un baño completo y un living comedor amplio y luminoso.

El inmueble presenta un buen estado general, listo para habitar o para ponerlo a nuevo a tu gusto. La cocina es independiente y tiene dependencia de servicio, aunque eso no es dato obligatorio para el aviso. El edificio ofrece sum, perfecto para reuniones o para sumar un espacio de recreación sin salir de casa. Sin cochera, pero con la facilidad de encontrar estacionamiento en la zona. Una oportunidad ideal como inversión o para vivir en el corazón de Palermo, con todos los servicios a la mano. Consultá por visitas.",true,"{""sintetico"": true, ""caso"": null, ""duplicado_de"": null}"
demo-a,demo-00555,https://demo-a.example/aviso/demo-00555,https://demo-a.example/aviso/demo-00555,Departamento 3 ambientes en Palermo,427000,USD,376000,ARS,"Fitz Roy 5269, Piso 15","Palermo, Capital Federal",Sur & Asociados,84.3,8,92.3,3,2,1,5,0,Excelente,Lateral,15,"solarium, pileta, sum, parrilla, laundry",2026-08-13,"Departamento de 3 ambientes en Fitz Roy al 5200, Palermo, con una superficie cubierta de 84 m² más 8 m² de balcón terraza. Se trata de un piso 15 con orientación lateral, lo que le da una luz muy particular y buena ventilación. El inmueble tiene 5 años de antigüedad y se encuentra en excelente estado, listo para habitar. Cuenta con dos dormitorios, un baño completo y un living comedor amplio que se integra con el balcón. El edificio ofrece amenities de calidad: solarium, pileta, SUM, parrilla y laundry. Sin cochera. Una oportunidad ideal para quienes buscan un departamento moderno en una de las zonas más buscadas de la ciudad, con todos los servicios a mano y la tranquilidad de un edificio joven.",true,"{""sintetico"": true, ""caso"": null, ""duplicado_de"": null}"
demo-a,demo-00556,https://demo-a.example/aviso/demo-00556,https://demo-a.example/aviso/demo-00556,Departamento 4 ambientes en Palermo,633000,USD,263000,ARS,"Fitz Roy 4559, Piso 3","Palermo, Capital Federal",Casa Nueva Negocios Inmobiliarios,113.1,,113.1,4,3,2,,0,A Estrenar,,3,"pileta, sum, seguridad 24 h, laundry, gimnasio",2026-08-12,"Departamento a estrenar en Fitz Roy al 4500, pleno corazón de Palermo. Se trata de un inmueble de 4 ambientes, distribuidos en 3 dormitorios y 2 baños, ubicado en un piso 3 con ascensor. Todo esto sobre una superficie cubierta de 113 m², pensada para quien busca comodidad y buena circulación en los espacios. El edificio cuenta con pileta, SUM, gimnasio, laundry y seguridad las 24 horas, ideales para disfrutar la vida en ciudad sin salir de casa. Una oportunidad para vivir en una de las zonas más buscadas de la Capital, con todos los servicios a mano y un barrio que ofrece lo mejor de Buenos Aires. Sin cochera.",true,"{""sintetico"": true, ""caso"": null, ""duplicado_de"": null}"
demo-a,demo-00557,https://demo-a.example/aviso/demo-00557,https://demo-a.example/aviso/demo-00557,Departamento 2 ambientes en Palermo,169000,USD,,,Malabia 960,"Palermo, Capital Federal",Inmobiliaria del Parque,42.9,12,54.9,2,1,1,,0,Bueno,Frente,4,gimnasio,2026-07-19,"Departamento de 2 ambientes en el corazón de Palermo, sobre Malabia al 900, pleno barrio de portero. Se trata de una unidad al frente, en piso 4, con ascensor, y en muy buen estado general. Son 43 m² cubiertos que se complementan con una terraza balcón de 12 m², ideal para desayunar al aire libre o sumar un escritorio.

La distribución es clásica y funcional: living comedor con ventanal al frente, cocina independiente, dormitorio con placard y baño completo. Al estar en una altura con ascensor, la luminosidad del día se siente en todos los ambientes. Suma gimnasio en el edificio, un plus para no moverte de tu radio. Sin cochera, pero con la zona de Palermo Soho a diez cuadras, con todos los servicios, bares y subtes cerca. Una oportunidad concreta para quienes buscan mudarse a un departamento canchero y bien ubicado, sin meterse en obras ni refacciones. Consultanos por la visita.",true,"{""sintetico"": true, ""caso"": null, ""duplicado_de"": null}"
demo-b,demo-00558,https://demo-b.example/aviso/demo-00558,https://demo-b.example/aviso/demo-00558,Departamento 2 ambientes en Palermo,174000,USD,,,Malabia 900,"Palermo, Capital Federal",Norte Propiedades,42.0,12,54.0,2,1,1,,0,Bueno,Frente,4,gimnasio,2026-07-18,"Departamento de 2 ambientes en pleno Palermo, sobre Malabia al 900, una zona que se destaca por su movida cultural y cercanía a todo. Se trata de una unidad al frente, en piso 4, con una distribución muy bien lograda que separa el living del dormitorio. La cocina es independiente y el baño está completo. Tiene 42 m² cubiertos y le suma una terraza propia de 12 m², ideal para desayunar al aire libre o armar un pequeño espacio de relax. El edificio cuenta con gimnasio, un plus para los que quieren entrenar sin moverse de casa.

El inmueble se entrega en buen estado general, con lindas terminaciones y mucha luminosidad natural gracias a que está al frente. Es una opción ideal tanto para vivir como para invertir, ya que la zona tiene alta demanda de alquileres temporarios. La ubicación es inmejorable: a metros de avenidas principales, subtes, bares, restaurantes y espacios verdes como el Parque Sarmiento. No tiene cochera, pero en la cuadra hay opciones de garage. Un dos ambientes con terraza en Palermo no aparece todos los días. Consultanos por la visita.",true,"{""sintetico"": true, ""caso"": null, ""duplicado_de"": ""demo-00557""}"
demo-b,demo-00559,https://demo-b.example/aviso/demo-00559,https://demo-b.example/aviso/demo-00559,Departamento 4 ambientes en Belgrano,475000,USD,187000,ARS,"Vuelta de Obligado 4099, Piso 3","Belgrano, Capital Federal",Norte Propiedades,158.0,,158.0,4,3,3,,0,Muy Bueno,,3,"sum, gimnasio, laundry",2026-05-22,"Departamento de 4 ambientes en Vuelta de Obligado al 4000, pleno corazón de Belgrano. Son 158 m² cubiertos muy bien aprovechados, con 3 dormitorios y 3 baños, ideal para quien busca espacio real sin resignar ubicación. El edificio cuenta con amenities completas: sum para reuniones o eventos, gimnasio equipado y laundry, pensados para la vida práctica. Está en muy buen estado, listo para mudarse o para alquilar con retorno interesante, ya que la zona tiene alta demanda.

La propiedad es un piso 3, luminoso y con linda vista al arbolado del barrio. Al estar sobre una avenida principal, tenés acceso inmediato a colectivos, al bajo Belgrano y a los principales accesos, pero la cuadra es tranquila y residencial. No incluye cochera, pero hay varias opciones de alquiler a media cuadra. La distribución es clásica y funcional, con los ambientes bien diferenciados. Ideal para familia o para profesionales que buscan comodidad y seguridad en uno de los barrios más lindos de la ciudad.",true,"{""sintetico"": true, ""caso"": null, ""duplicado_de"": null}"
demo-a,demo-00560,https://demo-a.example/aviso/demo-00560,https://demo-a.example/aviso/demo-00560,Departamento 3 ambientes en Palermo,413000,USD,366000,ARS,Bulnes 4594,"Palermo, Capital Federal",Belgrano Brokers,78.6,,78.6,,,,,,,,,"laundry, sum, gimnasio, seguridad 24 h, pileta",2026-08-22,"Departamento de tres ambientes en Bulnes al 4500, Palermo, a estrenar. Está en piso 6, al frente, con una superficie cubierta de 79 m² y un buen estado general que se nota en cada detalle. Cuenta con dos dormitorios, un baño completo y una distribución que aprovecha muy bien los espacios. El edificio ofrece amenities de calidad: laundry, sum, gimnasio y pileta, además de seguridad las 24 horas. Sin cochera, pero con todo lo necesario para vivir cómodo en una de las mejores zonas de la Ciudad. Ideal para quienes buscan un departamento moderno, luminoso y con excelentes vistas.",false,"{""sintetico"": true, ""caso"": null, ""duplicado_de"": null}"
demo-b,demo-00561,https://demo-b.example/aviso/demo-00561,https://demo-b.example/aviso/demo-00561,Departamento 5 ambientes en Belgrano,634000,USD,355000,ARS,Zapiola 2345,"Belgrano, Capital Federal",Inmobiliaria del Parque,169.6,,169.6,5,4,2,12,0,Excelente,,9,"solarium, sum",2026-08-24,"Departamento de 5 ambientes en pleno Belgrano, sobre Zapiola al 2300, una de las zonas más buscadas del barrio. Son 170 metros cuadrados cubiertos de piso 9, con ascensor y en excelente estado. La distribución es muy cómoda: 4 dormitorios, 2 baños y un living comedor amplio con mucha personalidad, ideal para quienes buscan espacio sin resignar ubicación. El edificio tiene 12 años de antigüedad, lo que se nota en la calidad de sus terminaciones y en que está prácticamente nuevo, pero con la ventaja de un edificio joven y bien mantenido.

Pensado para vivir en familia o para quien quiera una propiedad con potencial, este departamento ofrece un solarium y un sum para disfrutar sin salir de casa. No tiene cochera, pero en la zona hay varias opciones de alquiler a pocas cuadras. La cocina es amplia y el sector de dormitorios está bien separado del área social, algo que se agradece. Una oportunidad concreta para hacerse de un piso grande en Belgrano, con todos los servicios a mano y la tranquilidad que da un edificio con ascensor y pocos departamentos por piso.",true,"{""sintetico"": true, ""caso"": null, ""duplicado_de"": null}"
demo-a,demo-00562,https://demo-a.example/aviso/demo-00562,https://demo-a.example/aviso/demo-00562,Departamento 2 ambientes en Belgrano,94000,USD,422000,ARS,"Juramento 4048, Piso 7","Belgrano, Capital Federal",Grupo Arcos,45.6,,45.6,2,1,1,,0,Bueno,Contrafrente,7,,2026-06-01,"Departamento de 2 ambientes en pleno corazón de Belgrano, sobre la calle Juramento al 4000, a metros de toda la movida comercial y los mejores bares del barrio. Se destaca por su buena luminosidad y su disposición al contrafrente, lo que garantiza un ambiente tranquilo y silencioso, ideal para quienes buscan descansar sin renunciar a la cercanía de los subtes y los parques.

El inmueble se entrega en buen estado general, con una distribución eficiente que aprovecha al máximo sus 46 m² de superficie cubierta. La cocina es amplia y cuenta con espacio de comedor diario, mientras que el living se integra de forma cómoda para recibir visitas. El baño es completo y el dormitorio principal tiene muy buena onda, con lugar para cama queen y placar.

Es una oportunidad ideal para parejas o inversores que quieran vivir en una de las zonas más buscadas de la ciudad, con todos los servicios a la vuelta de la esquina. Sin gastos de cochera ni amenities, el costo de expensas se vuelve más que accesible. Una opción práctica y bien ubicada para entrar a vivir o sumar al alquiler.",true,"{""sintetico"": true, ""caso"": null, ""duplicado_de"": null}"
demo-b,demo-00563,https://demo-b.example/aviso/demo-00563,https://demo-b.example/aviso/demo-00563,Departamento 2 ambientes en Belgrano,92000,USD,422000,ARS,"Juramento 4000, Piso 7","Belgrano, Capital Federal",Norte Propiedades,45.8,,45.8,2,1,1,70,0,Bueno,Contrafrente,7,,2026-05-22,"Departamento de 2 ambientes en Belgrano, sobre Juramento al 4000. Está en el piso 7, al contrafrente, así que se disfruta de un ambiente tranquilo y con buena luz. Tiene 46 m² cubiertos, un dormitorio y un baño. A pesar de sus 70 años de antigüedad, se nota que está en buen estado general, conservando detalles de época pero con las instalaciones en condiciones. Ideal para quien busca un piso funcional sin ruidos de la avenida. Sin cochera ni amenities, pero con toda la oferta comercial y de transporte de Belgrano a media cuadra.",true,"{""sintetico"": true, ""caso"": null, ""duplicado_de"": ""demo-00562""}"
demo-b,demo-00564,https://demo-b.example/aviso/demo-00564,https://demo-b.example/aviso/demo-00564,Departamento 3 ambientes en Belgrano,291000,USD,397000,ARS,"Juramento 5573, Piso 5","Belgrano, Capital Federal",Mirador Propiedades,87.8,12,99.8,3,2,1,20,0,Excelente,,5,"gimnasio, parrilla",2026-07-11,"Departamento de 3 ambientes en pleno Belgrano, sobre Juramento al 5500, a metros de la zona comercial y con una excelente vista abierta. Encontrá el equilibrio justo entre amplitud y funcionalidad en sus 88 m² cubiertos, más un balcón/terraza de 12 m² que suma aire y luz al living comedor. El depto está en el piso 5, con ascensor, y conserva los detalles clásicos de una construcción de 20 años de antigüedad, pero con una distribución bien aprovechable.

La propiedad tiene 2 dormitorios, con posibilidad de armar un tercer ambiente de estar o escritorio según lo necesites, y 1 baño completo. Entre los amenities, vas a poder disfrutar de un gimnasio equipado y un sector de parrilla para compartir con amigos o familia, sin necesidad de salir de tu edificio. No incluye cochera, pero al estar en Belgrano vas a tener transporte, bares y servicios a una cuadra. Ideal para quienes buscan mudarse a un barrio con identidad, con todo cerca y sin renunciar a la comodidad de un edificio con amenities.",true,"{""sintetico"": true, ""caso"": null, ""duplicado_de"": null}"
demo-a,demo-00565,https://demo-a.example/aviso/demo-00565,https://demo-a.example/aviso/demo-00565,Departamento 1 ambientes en Palermo,171000,USD,,,"Paraguay 837, Piso 12","Palermo, Capital Federal",Mirador Propiedades,39.0,4.0,43.0,1,0,1,5,0,Muy Bueno,,12,gimnasio,2026-07-13,"Departamento monoambiente en pleno Palermo, sobre Paraguay al 800. Con 39 m² cubiertos más un balcón terraza de 4 m², ideal para quienes buscan un espacio funcional y bien ubicado. El edificio es de 5 años de antigüedad y cuenta con ascensor, además de gimnasio para los que quieren mantener la rutina sin salir de casa. Tiene un baño completo y la distribución está pensada para aprovechar cada metro. Sin cochera, pero con todos los servicios a la vuelta. Una oportunidad para vivir en una de las zonas más buscadas de la ciudad.",true,"{""sintetico"": true, ""caso"": null, ""duplicado_de"": null}"
demo-b,demo-00566,https://demo-b.example/aviso/demo-00566,https://demo-b.example/aviso/demo-00566,Departamento 4 ambientes en Palermo,565000,USD,410000,ARS,"Cerviño 5341, Piso 4","Palermo, Capital Federal",Estudio Lacroze,138.0,,138.0,4,3,2,25,0,Bueno,,4,,2026-07-21,"Departamento en venta sobre la calle Cerviño al 5300, pleno Palermo. Son 4 ambientes bien distribuidos: 3 dormitorios, 2 baños completos, cocina independiente y living comedor con buena amplitud. Todo en 138 m² cubiertos, con ascensor y una antigüedad de 25 años, lo que le da una construcción sólida y pisos en buen estado general. Sin cochera ni amenities, pero con la practicidad de estar cerca de bares, comercios y parques. Ideal tanto para vivir como para inversión. Consultanos por los detalles.",true,"{""sintetico"": true, ""caso"": null, ""duplicado_de"": null}"
demo-a,demo-00567,https://demo-a.example/aviso/demo-00567,https://demo-a.example/aviso/demo-00567,Departamento 4 ambientes en Palermo,574000,USD,410000,ARS,"Cerviño 5300, Piso 4","Palermo, Capital Federal",Grupo Arcos,144.6,,144.6,4,3,2,,0,Bueno,Contrafrente,4,,2026-07-19,"Departamento de 4 ambientes en Palermo, sobre la calle Cerviño al 5300. Son 145 m² cubiertos con una distribución muy aprovechable: living comedor amplio, cocina independiente, tres dormitorios (el principal con baño en suite) y un toilette adicional. Está en piso 4 y es al contrafrente, lo que garantiza una vista tranquila y mucha luz natural durante todo el día. El inmueble se encuentra en buen estado general, listo para habitar con detalles originales bien mantenidos. Sin cochera ni amenities, ideal para quienes buscan un piso clásico de barrio con buena superficie y privacidad.",true,"{""sintetico"": true, ""caso"": null, ""duplicado_de"": ""demo-00566""}"
demo-b,demo-00568,https://demo-b.example/aviso/demo-00568,https://demo-b.example/aviso/demo-00568,Departamento 2 ambientes en Belgrano,104000,USD,478000,ARS,"Zabala 2590, Piso 8","Belgrano, Capital Federal",Belgrano Brokers,45.5,,45.5,2,1,1,40,0,Excelente,Contrafrente,8,"solarium, gimnasio",2026-06-21,"Departamento de 2 ambientes en Belgrano, Zabala al 2500, piso 8 con ascensor. Al contrafrente, lo que le garantiza mucha tranquilidad y buena ventilación. Tiene 46 m² cubiertos, 1 dormitorio y 1 baño, todo en excelente estado. El edificio tiene 40 años de antigüedad pero se nota bien mantenido. Sin cochera, pero cuenta con solarium y gimnasio como amenities. Ideal para quienes buscan un lugar bien ubicado, cerca de todo y con un ambiente silencioso.",true,"{""sintetico"": true, ""caso"": null, ""duplicado_de"": null}"
demo-a,demo-00569,https://demo-a.example/aviso/demo-00569,https://demo-a.example/aviso/demo-00569,Departamento 3 ambientes en Belgrano,141000,USD,237000,ARS,Montañeses 1307,"Belgrano, Capital Federal",Norte Propiedades,69.8,8,77.8,3,2,1,60,0,Bueno,Interno,0,,2026-06-08,"Vendemos este departamento de tres ambientes, dos dormitorios y un baño, ubicado en Montañeses al 1300, Belgrano, CABA. Son 70 m² cubiertos más un balcón/terraza de 8 m², y el inmueble está en buen estado general. Tiene 60 años de antigüedad, con esa impronta clásica que caracteriza a muchos edificios del barrio. No cuenta con cochera ni amenities.

Es una unidad interna: ideal si buscás tranquilidad y privacidad, lejos del movimiento de la calle. Una oportunidad concreta para vivir en una de las zonas más buscadas de la ciudad. Contactanos para coordinar una visita.",true,"{""sintetico"": true, ""caso"": null, ""duplicado_de"": null}"
demo-b,demo-00570,https://demo-b.example/aviso/demo-00570,https://demo-b.example/aviso/demo-00570,Departamento 1 ambientes en Palermo,74000,USD,273000,ARS,Serrano 819,"Palermo, Capital Federal",Casa Nueva Negocios Inmobiliarios,26.8,,26.8,1,0,1,50,0,A Refaccionar,,0,"solarium, laundry, seguridad 24 h, gimnasio, parrilla",2026-07-29,"Departamento de 1 ambiente en pleno Palermo, sobre la calle Serrano al 800, ideal para aquellos que buscan meterse de lleno en el barrio más canchero de Buenos Aires. El edificio tiene 50 años de antigüedad y el departamento, con sus 27 metros cuadrados cubiertos, se entrega a refaccionar, así que le podés poner tu sello desde cero y dejarlo como te gusta de verdad. La distribución es cómoda para el metraje, con un baño completo y un living que da para pensar bien los muebles y aprovechar cada rincón.

El edificio está muy bien puesto en cuanto a servicios: cuenta con seguridad 24 horas, que se agradece, y además tiene solarium, gimnasio y parrilla, así que la vida en común suma. También tiene laundry, un golazo para no tener que pensar en el lavadero. Ojo, no tiene cochera, pero al estar sobre Serrano, con la movida de Palermo Soho a dos pasos, te manejás caminando o en bondi para todos lados. Es una oportunidad para inversionistas o para el que arranca y quiere un punto de partida con onda.",true,"{""sintetico"": true, ""caso"": null, ""duplicado_de"": null}"
demo-a,demo-00571,https://demo-a.example/aviso/demo-00571,https://demo-a.example/aviso/demo-00571,Departamento 3 ambientes en Palermo,274000,USD,182000,ARS,"Bonpland 5452, Piso 9","Palermo, Capital Federal",Estudio Lacroze,88.1,,88.1,3,2,1,70,0,Bueno,,9,,2026-08-01,"Departamento en Palermo, sobre Bonpland al 5400. Son 88 m² cubiertos de tres ambientes, con dos dormitorios y un baño completo. El edificio cuenta con ascensor, detalle que suma comodidad en un piso de 70 años de antigüedad. Sin cochera ni amenities, pero con buena superficie para armar el hogar o invertir. Se acepta permuta por otra unidad o financiación en cuotas consultar condiciones.",true,"{""sintetico"": true, ""caso"": ""permuta"", ""duplicado_de"": null}"
demo-a,demo-00572,https://demo-a.example/aviso/demo-00572,https://demo-a.example/aviso/demo-00572,Departamento 1 ambientes en Palermo,92000,USD,326000,ARS,"Honduras 1866, Piso 12","Palermo, Capital Federal",Norte Propiedades,30.5,,30.5,1,0,1,,0,Muy Bueno,,12,,2026-08-02,"Departamento de un ambiente en el corazón de Palermo, sobre la calle Honduras al 1800, una de las zonas más buscadas de la ciudad. Se trata de una unidad en muy buen estado, lista para habitar o para invertir, ya que por sus dimensiones y ubicación resulta ideal para una persona sola o para alquiler temporario. Estamos hablando de un piso 12, así que la vista despejada y la luminosidad durante el día están aseguradas, aunque eso ya lo vas a apreciar cuando lo visites.

El edificio cuenta con ascensor, un punto a favor para la comodidad diaria, sobre todo en un piso tan alto. Con 30 metros cuadrados cubiertos, el espacio está muy bien aprovechado: un baño completo y el ambiente principal integrado, perfecto para que le des tu toque personal. Al no tener cochera ni amenities, el gasto de expensas se mantiene acotado, algo que se agradece. La zona es inmejorable, con bares, restaurantes, subte y parques a pocas cuadras. Una oportunidad concreta para sumarte a Palermo sin pagar de más.",true,"{""sintetico"": true, ""caso"": null, ""duplicado_de"": null}"
demo-a,demo-00573,https://demo-a.example/aviso/demo-00573,https://demo-a.example/aviso/demo-00573,Departamento 3 ambientes en Belgrano,171000,USD,456000,ARS,Amenábar 513,"Belgrano, Capital Federal",Belgrano Brokers,77.2,,77.2,3,2,1,20,0,A Refaccionar,Interno,4,"pileta, solarium, gimnasio, laundry, parrilla",2026-07-29,"Excelente departamento de 3 ambientes en Belgrano, sobre Amenábar al 500. Se trata de una unidad interna en piso 4, con 20 años de antigüedad, que ofrece 77 m² cubiertos distribuidos en living comedor, cocina independiente, dos dormitorios y un baño completo. El edificio cuenta con pileta, solarium, gimnasio, laundry y parrilla de uso común. Sin cochera. Ideal para quienes buscan un hogar en una zona residencial de gran conectividad, rodeada de parques y servicios. La orientación interna garantiza privacidad y silencio. Consulte para más detalles.",true,"{""sintetico"": true, ""caso"": null, ""duplicado_de"": null}"
demo-b,demo-00574,https://demo-b.example/aviso/demo-00574,https://demo-b.example/aviso/demo-00574,Departamento 3 ambientes en Belgrano,233000,USD,421000,ARS,Virrey del Pino 1992,"Belgrano, Capital Federal",Mirador Propiedades,77.0,5,82.0,3,2,1,,0,Muy Bueno,Contrafrente,12,"gimnasio, seguridad 24 h",2026-08-08,"Departamento de 3 ambientes en Belgrano, Virrey del Pino al 1900. Se trata de un piso 12 al contrafrente, con 77 m² cubiertos más un balcón terraza de 5 m². Cuenta con dos dormitorios, un baño completo y una distribución que aprovecha cada metro. El edificio ofrece gimnasio y seguridad las 24 horas, ideal para quienes buscan comodidad y tranquilidad en una zona con todos los servicios. Sin cochera, pero con buena conectividad y cercanía a comercios, parques y transporte. Un excelente punto de partida para estrenar un nuevo hogar en uno de los barrios más buscados de la Ciudad.",true,"{""sintetico"": true, ""caso"": null, ""duplicado_de"": null}"
demo-a,demo-00575,https://demo-a.example/aviso/demo-00575,https://demo-a.example/aviso/demo-00575,Departamento 3 ambientes en Belgrano,211000,USD,,,"Cabildo 970, Piso 9","Belgrano, Capital Federal",Grupo Arcos,70.5,,70.5,3,2,1,60,0,Excelente,,9,"laundry, sum, pileta, seguridad 24 h, gimnasio",2026-06-15,"Departamento de 3 ambientes en Belgrano, sobre Cabildo al 900. Son 70 m² cubiertos, con 2 dormitorios y 1 baño. Si bien el edificio tiene 60 años de antigüedad, la unidad está en excelente estado y lista para habitar. El living comedor es amplio y la cocina está muy bien aprovechada. El edificio cuenta con laundry, SUM, pileta, gimnasio y seguridad 24 h, ideales para quienes buscan comodidad en una zona con todos los servicios. No tiene cochera, pero estás a pasos de transporte y de todo lo que ofrece el barrio. Una gran oportunidad para vivir en Belgrano. Consultanos por la visita.",true,"{""sintetico"": true, ""caso"": null, ""duplicado_de"": null}"
demo-b,demo-00576,https://demo-b.example/aviso/demo-00576,https://demo-b.example/aviso/demo-00576,Departamento 4 ambientes en Belgrano,255000,USD,166000,ARS,"Olazábal 634, Piso 8","Belgrano, Capital Federal",Mirador Propiedades,101.9,12,113.9,4,3,1,0,0,A Estrenar,Contrafrente,8,,2026-07-16,"Departamento a estrenar en Belgrano, sobre Olazábal al 600. Se trata de un piso 8 al contrafrente, con ascensor, que ofrece 102 m² cubiertos más 12 m² de balcón terraza. La unidad cuenta con 4 ambientes: 3 dormitorios y 1 baño completo. Al estar a estrenar, todo se encuentra en perfectas condiciones, ideal para quienes buscan mudarse sin preocupaciones. Sin cochera ni amenities, pero con la tranquilidad de un edificio moderno en una zona residencial de primer nivel, cerca de parques, comercios y transporte. Una oportunidad única para vivir en uno de los barrios más buscados de la ciudad.",true,"{""sintetico"": true, ""caso"": null, ""duplicado_de"": null}"
demo-a,demo-00577,https://demo-a.example/aviso/demo-00577,https://demo-a.example/aviso/demo-00577,Departamento 1 ambientes en Palermo,171000,USD,106000,ARS,Guatemala 610,"Palermo, Capital Federal",Casa Nueva Negocios Inmobiliarios,40.7,,40.7,,,,,,,,,,2026-07-24,"Departamento en Palermo, Guatemala al 600. Piso 12, con 41 m² cubiertos, excelente oportunidad para quienes buscan un primer hogar o una inversión en una de las zonas más buscadas de la Ciudad. El inmueble tiene 45 años de antigüedad y se encuentra en buen estado general, listo para habitar. Al ser un ambiente con baño, la distribución es funcional y aprobecha al máximo cada metro. Sin cochera ni amenities, pero con la ventaja de estar rodeado de bares, tiendas y transporte público a pocos pasos. Ideal para quienes valoran la ubicación y la comodidad de un piso alto con buena vista.",false,"{""sintetico"": true, ""caso"": null, ""duplicado_de"": null}"
demo-a,demo-00578,https://demo-a.example/aviso/demo-00578,https://demo-a.example/aviso/demo-00578,Departamento 4 ambientes en Belgrano,374000,USD,286000,ARS,Mendoza 3633,"Belgrano, Capital Federal",Grupo Arcos,140.5,12,152.5,4,3,3,25,0,Bueno,Contrafrente,3,,2026-07-26,"Departamento de 4 ambientes en Belgrano, Mendoza al 3600, al contrafrente, con 140 m² cubiertos más 12 m² de balcón terraza. Cuenta con 3 dormitorios y 3 baños, en buen estado general. Construcción de 25 años de antigüedad, ideal para quienes buscan un piso amplio y luminoso en una zona con todos los servicios a mano. Sin cochera ni amenities, pero con el plus de la tranquilidad que ofrece estar al contrafrente. Una oportunidad para vivir en uno de los barrios más buscados de Capital Federal.",true,"{""sintetico"": true, ""caso"": null, ""duplicado_de"": null}"
demo-b,demo-00579,https://demo-b.example/aviso/demo-00579,https://demo-b.example/aviso/demo-00579,Departamento 3 ambientes en Palermo,438000,USD,383000,ARS,Arenales 5062,"Palermo, Capital Federal",Grupo Arcos,89.7,8,97.7,,,,,,,,,,2026-07-31,"Departamento de 3 ambientes a estrenar sobre Arenales al 5000, pleno Palermo. Con 90 metros cuadrados cubiertos más 8 metros de balcón terraza, dos dormitorios y un baño completo, este inmueble se entrega a estrenar con orientación lateral que le brinda una muy buena luz durante el día. Sin cochera ni amenities, es ideal para quienes buscan un hogar funcional en una de las zonas más buscadas de la ciudad.",false,"{""sintetico"": true, ""caso"": null, ""duplicado_de"": null}"
demo-a,demo-00580,https://demo-a.example/aviso/demo-00580,https://demo-a.example/aviso/demo-00580,Departamento 3 ambientes en Belgrano,347000,USD,,,Amenábar 856,"Belgrano, Capital Federal",Grupo Arcos,87.8,3,90.8,,,,,,,,,"solarium, sum, parrilla, laundry, pileta",2026-07-22,"Departamento de tres ambientes en Belgrano, sobre Amenábar al 800, al frente y a estrenar. Con 88 m² cubiertos más un balcón terraza de 3 m², dos dormitorios y un baño completo. El inmueble está en buen estado general y cuenta con solarium, SUM, parrilla, laundry y pileta. Ideal para quienes buscan comodidad en una zona con todos los servicios. Sin cochera.",false,"{""sintetico"": true, ""caso"": null, ""duplicado_de"": null}"
demo-b,demo-00581,https://demo-b.example/aviso/demo-00581,https://demo-b.example/aviso/demo-00581,Departamento 3 ambientes en Belgrano,353000,USD,,,Amenábar 800,"Belgrano, Capital Federal",Norte Propiedades,89.6,3,92.6,,,,,,,,,"solarium, sum, parrilla, laundry, pileta",2026-07-29,"Departamento de 3 ambientes en pleno Belgrano, sobre la calle Amenábar al 800, una zona que combina la tranquilidad residencial con la cercanía a los bares y negocios de la avenida. Son 90 m² cubiertos más un balcón terraza de 3 m² que suma unos metros de aire libre para disfrutar el día a día. Al ingresar te recibís con un living comedor amplio y bien distribuido, ideal para armar planes en casa sin sentirte apretado. La cocina es independiente y cuenta con instalación de lavarropas, mientras que los dos dormitorios son de linda proporción, con lugar para camas y placares sin drama. El baño está completo y el departamento presenta un muy buen estado general, listo para habitar o para alquilar con toda la onda.

El edificio cuenta con amenities que se agradecen, sobre todo para los días de calor: pileta, solarium y parrilla, además de un SUM para juntadas y un laundry para no romperte la cabeza con el lavado. La cochera no está incluida, pero en la zona hay varias opciones para alquilar si la necesitás. La ubicación es de esas que no te dejan a gamba: cerca de las plazas, de los subtes y de los colectivos que te cruzan toda la ciudad. Ideal para parejas o para quien quiera un dos dormitorios bien puesto en uno de los barrios más lindos de la Capital. Una oportunidad concreta para sumarse a vivir en Belgrano con todas las comodidades a mano y un edificio con buena propuesta.",false,"{""sintetico"": true, ""caso"": null, ""duplicado_de"": ""demo-00580""}"
demo-a,demo-00582,https://demo-a.example/aviso/demo-00582,https://demo-a.example/aviso/demo-00582,Departamento 3 ambientes en Belgrano,164000,USD,406000,ARS,"Mendoza 5700, Piso 10","Belgrano, Capital Federal",Inmobiliaria del Parque,61.8,3,64.8,3,2,1,,0,Muy Bueno,Frente,10,,2026-07-30,"Departamento de tres ambientes en Belgrano, por Mendoza al 5700. Está en muy buen estado, piso 10, al frente, con una ubicación envidiable. Tiene 62 m² cubiertos más 3 m² de balcón terraza, dos dormitorios y un baño completo. Ideal para quienes buscan un espacio luminoso y bien distribuido, sin cochera ni amenities, pero con todo lo necesario para vivir cómodo. Se acepta permuta por otra unidad o financiación en cuotas; consultá condiciones.",true,"{""sintetico"": true, ""caso"": ""permuta"", ""duplicado_de"": null}"
demo-a,demo-00583,https://demo-a.example/aviso/demo-00583,https://demo-a.example/aviso/demo-00583,Departamento 4 ambientes en Palermo,320000,USD,,,Costa Rica 1550,"Palermo, Capital Federal",Mirador Propiedades,89.4,5,94.4,4,3,2,,0,Excelente,Frente,4,"parrilla, pileta",2026-06-09,"Departamento de 4 ambientes en el corazón de Palermo, sobre Costa Rica al 1500. Son 89 m² cubiertos más 5 m² de balcón terraza, al frente y con tres dormitorios, dos baños completos. Sin ascensor, pero el edificio cuenta con parrilla y pileta de uso común. Una excelente oportunidad para quienes buscan un piso amplio y luminoso en una de las zonas más convocantes de la Ciudad, con todos los servicios a la vuelta.",true,"{""sintetico"": true, ""caso"": null, ""duplicado_de"": null}"
demo-a,demo-00584,https://demo-a.example/aviso/demo-00584,https://demo-a.example/aviso/demo-00584,Departamento 3 ambientes en Palermo,342000,USD,485000,ARS,"Paraguay 4315, Piso 6","Palermo, Capital Federal",Casa Nueva Negocios Inmobiliarios,67.5,8,75.5,3,2,1,,0,A Estrenar,Frente,6,,2026-08-12,"Departamento a estrenar, al frente, en el corazón de Palermo, sobre Paraguay al 4300. Piso 6, una dirección que promete sol y luz durante todo el día. Son 68 m² cubiertos muy bien aprovechados, más una terraza balcón de 8 m² que invita a desayunar mirando la ciudad o a relajarse al atardecer. Con una distribución clásica y funcional, cuenta con living comedor amplio, cocina separada, dos dormitorios cómodos y un baño completo.

La ubicación es inmejorable: a metros de los mejores bares, restaurantes y shops del barrio, con una conectividad envidiable y toda la vida comercial a la vuelta de la esquina. Es una oportunidad única para quienes buscan mudarse a un lugar moderno y bien puesto, sin pagar cargos por amenities que no se usan. Ideal tanto para invertir como para vivir en una de las zonas más buscadas de la ciudad. Para más datos y coordinar una visita, consultanos.",true,"{""sintetico"": true, ""caso"": null, ""duplicado_de"": null}"
demo-a,demo-00586,https://demo-a.example/aviso/demo-00586,https://demo-a.example/aviso/demo-00586,Departamento 4 ambientes en Palermo,635000,USD,,,Godoy Cruz 2932,"Palermo, Capital Federal",Norte Propiedades,154.0,3,157.0,4,3,2,8,1,Excelente,Lateral,1,"seguridad 24 h, gimnasio, sum",2026-08-18,"Departamento de 4 ambientes en el corazón de Palermo, sobre Godoy Cruz al 2900, a metros de todo pero en una zona tranquila y arbolada. En el piso 1, con orientación lateral, lo que garantiza mucha luz natural durante todo el día y una vista despejada. Son 154 m² cubiertos más un balcón terraza de 3 m², ideales para desayunar o leer al aire libre. La distribución es muy funcional: living comedor amplio con ventanales, cocina separada con comedor diario, y tres dormitorios, dos de ellos con placares de buena medida. Los dos baños completos están en excelente estado, al igual que el resto del inmueble, que tiene 8 años de antigüedad y se nota que fue bien cuidado.

La propiedad se entrega con una cochera fija, lo que en Palermo es un lujo. El edificio cuenta con seguridad 24 horas, gimnasio y SUM, perfecto para quienes buscan comodidad y vida en comunidad sin resignar privacidad. Es un piso 1 con buena impronta, lejos del bullicio pero con todo lo necesario para moverse a pie o en auto. Ideal para parejas o familias chicas que quieran un departamento con carácter, bien iluminado y en una de las mejores zonas de la ciudad. Una oportunidad concreta para vivir en uno de los barrios más buscados de Buenos Aires.",true,"{""sintetico"": true, ""caso"": null, ""duplicado_de"": null}"
demo-b,demo-00587,https://demo-b.example/aviso/demo-00587,https://demo-b.example/aviso/demo-00587,Departamento 3 ambientes en Belgrano,241000,USD,,,"Freire 2839, Piso 1","Belgrano, Capital Federal",Belgrano Brokers,80.9,5,85.9,3,2,1,45,0,Muy Bueno,,1,,2026-08-04,"Departamento de 3 ambientes en Belgrano, sobre la calle Freire al 2800. Está en muy buen estado, con 81 m² cubiertos más un balcón terraza de 5 m². Es piso 1, cuenta con 45 años de antigüedad y una distribución clásica de 2 dormitorios, living comedor amplio, cocina separada y baño completo. Sin cochera ni amenities, pero ideal para quienes buscan un hogar bien ubicado y en condiciones.",true,"{""sintetico"": true, ""caso"": null, ""duplicado_de"": null}"
demo-b,demo-00588,https://demo-b.example/aviso/demo-00588,https://demo-b.example/aviso/demo-00588,Departamento 3 ambientes en Belgrano,297000,USD,455000,ARS,Moldes 2584,"Belgrano, Capital Federal",Norte Propiedades,72.8,3,75.8,3,2,1,0,0,A Estrenar,,0,"laundry, solarium, gimnasio, pileta, sum",2026-07-17,"Moldes al 2500, en el pleno corazón de Belgrano, ponemos a la venta este departamento de 3 ambientes **a estrenar** que te va a ganar desde que entrás. Con 73 m² cubiertos más 3 m² de balcón/terraza, la distribución es funcional y bien aprovechada: dos dormitorios, un baño completo y un living comedor que se integra con el balconcito, ideal para sumar unos metros al aire libre. Es una excelente oportunidad para quienes buscan mudarse a un 0km en una zona con todos los servicios, y si bien **sin ascensor**, al tratarse de un edificio de baja altura la convivencia es mucho más tranquila y los gastos de expensas suelen ser más livianos.

El edificio cuenta con amenities que marcan la diferencia: pileta para los días de calor, gimnasio, solarium, un cómodo laundry y un SUM que te saca de apuros cuando querés juntarte con amigos. Sin cochera, pero en la cuadra tenés todo a mano y varias opciones de estacionamiento cerca. Ideal para parejas o profesionales que valoran la calidad de un **a estrenar** sin resignar ubicación ni confort. No dejes de venir a conocerlo.",true,"{""sintetico"": true, ""caso"": null, ""duplicado_de"": null}"
demo-a,demo-00589,https://demo-a.example/aviso/demo-00589,https://demo-a.example/aviso/demo-00589,Departamento 3 ambientes en Palermo,245000,USD,320000,ARS,Scalabrini Ortiz 3718,"Palermo, Capital Federal",Estudio Lacroze,69.7,,69.7,,,,,,,,,,2026-06-24,"Departamento de 3 ambientes en pleno corazón de Palermo, sobre Scalabrini Ortiz al 3700. Ubicación inmejorable para los que buscan moverse por la ciudad sin depender del auto, aunque igual contás con cochera propia para estacionar cómodo. Se trata de una **unidad interna** en **planta baja**, lo que garantiza un piso más tranquilo y privado, con la practicidad de no tener que esperar el ascensor para entrar o salir (aunque el edificio **con ascensor** suma confort para el día a día). Con 70 m² cubiertos, la distribución aprovecha cada metro: dos dormitorios bien despegados del living, un baño completo y una cocina con dependencia que se puede integrar. El edificio tiene **20 años de antigüedad**, o sea que es un clásico de la zona, con buena calidad constructiva y gastos previsibles. Está a pasos de bares, restaurantes, subtes y parques, ideal para parejas o profesionales que quieran vivir en uno de los barrios más buscados de Buenos Aires. Una oportunidad clara para estrenar o invertir en una zona que no para de crecer.",false,"{""sintetico"": true, ""caso"": null, ""duplicado_de"": null}"
demo-b,demo-00590,https://demo-b.example/aviso/demo-00590,https://demo-b.example/aviso/demo-00590,Departamento 2 ambientes en Belgrano,137000,USD,103000,ARS,"Freire 3411, Piso 5","Belgrano, Capital Federal",Casa Nueva Negocios Inmobiliarios,49.5,3,52.5,2,1,1,8,0,Muy Bueno,,5,gimnasio,2026-07-02,"A la venta lindo departamento de 2 ambientes en Freire al 3400, Belgrano, CABA. Tiene 1 dormitorio, 1 baño y 50 m² cubiertos, más un balcón/terraza de 3 m² que suma un lindo plus. Se encuentra en muy buen estado y tiene 8 años de antigüedad, así que se puede entrar a vivir sin preocupaciones. El edificio no tiene cochera, pero ofrece gimnasio, ideal para los que quieren entrenar sin moverse de casa. Ubicación inmejorable en Belgrano, una de las zonas más buscadas de Buenos Aires. Excelente oportunidad como primera vivienda o para inversión. Consultá por esta propiedad y coordinamos la visita cuando quieras.",true,"{""sintetico"": true, ""caso"": null, ""duplicado_de"": null}"
demo-a,demo-00591,https://demo-a.example/aviso/demo-00591,https://demo-a.example/aviso/demo-00591,Departamento 2 ambientes en Belgrano,135000,USD,103000,ARS,"Freire 3400, Piso 5","Belgrano, Capital Federal",Mirador Propiedades,49.7,3,52.7,2,1,1,8,0,Muy Bueno,,5,gimnasio,2026-07-05,"Departamento de 2 ambientes en pleno Belgrano, sobre Freire al 3400, en perfecta zona comercial y de servicios. Se trata de una unidad en **muy buen estado**, con una distribución aprovechable que separa el living del dormitorio, y un baño completo. La cocina, integrada al comedor, suma practicidad para el día a día. Está en el **piso 5**, con una vista abierta que se disfruta desde el balcón/terraza de 3 m², ideal para sumar un desayunador o un rincón de relax. El edificio es de **8 años de antigüedad**, lo que garantiza una construcción moderna y con pocos gastos de mantenimiento. Cuenta con gimnasio en el complejo, perfecto para los que buscan sumar hábitos saludables sin moverse del edificio. La superficie cubierta es de 50 m², bien aprovechados, y no incluye cochera, aunque en la zona hay varias opciones de alquiler. La ubicación es inmejorable: a metros de los principales colectivos y del subte, con escuelas, plazas y centros de salud cerca. Ideal para parejas o inversores que quieran vivir en un barrio con identidad, tranquilo pero con todo a mano. Los ambientes son luminosos y la orientación del edificio permite una muy buena sensación térmica durante todo el año. Un dato a tener en cuenta: el edificio no cuenta con ascensor, pero el piso 5 se compensa con creces por la vista y la privacidad. Una oportunidad concreta para estrenar o mudarse sin vueltas. Consultas al privado.",true,"{""sintetico"": true, ""caso"": null, ""duplicado_de"": ""demo-00590""}"
demo-b,demo-00592,https://demo-b.example/aviso/demo-00592,https://demo-b.example/aviso/demo-00592,Departamento 2 ambientes en Palermo,156000,USD,317000,ARS,Nicaragua 1457,"Palermo, Capital Federal",Mirador Propiedades,55.5,,55.5,,,,,,,,,"solarium, gimnasio, seguridad 24 h, parrilla, laundry",2026-07-02,"Departamento de dos ambientes en pleno Palermo, sobre la calle Nicaragua al 1400, en un edificio con seguridad 24 horas. La unidad, de 56 metros cuadrados cubiertos, se presenta en buen estado general y a estrenar para quien busque aprovecharla a su gusto. Es una unidad interna, con 40 años de antigüedad, lo que garantiza una construcción sólida y un edificio con carácter, pero sin los ruidos de la avenida. Al no tener cochera, el precio se vuelve accesible y la ubicación lo compensa todo: estás a metros de los bares, plazas y la movida cultural del barrio.

El edificio cuenta con amenities que pocos edificios de la zona ofrecen: solarium ideal para los días de calor, gimnasio equipado, parrilla para reuniones y laundry, todo pensado para la vida práctica. Es un piso cómodo y bien distribuido, con un dormitorio y un baño, perfecto para una pareja o para quien quiera vivir solo sin sacrificar ubicación. La seguridad las 24 horas te da tranquilidad tanto de día como de noche. Una oportunidad concreta para entrar en propiedad en uno de los barrios más buscados de la ciudad, sin vueltas ni sorpresas.",false,"{""sintetico"": true, ""caso"": null, ""duplicado_de"": null}"
demo-a,demo-00593,https://demo-a.example/aviso/demo-00593,https://demo-a.example/aviso/demo-00593,Departamento 4 ambientes en Palermo,439000,USD,227000,ARS,Cabello 930,"Palermo, Capital Federal",Sur & Asociados,148.0,5,153.0,,,,,,,,,,2026-07-23,"Departamento de 4 ambientes en pleno corazón de Palermo, sobre la calle Cabello al 900, una de las zonas más lindas y conectadas de la ciudad. Son 148 metros cuadrados cubiertos más un balcón terraza de 5 metros, ideales para quienes buscan un lugar amplio para vivir o invertir.

El inmueble está en excelente estado, listo para habitar, con una distribución muy bien aprovechada. Son 3 dormitorios y un baño, todo con buena luz y ambientes amplios. Algo clave: es con ascensor, así que te olvidás de las escaleras. Tiene 15 años de antigüedad, pero se nota que estuvo bien cuidado, con terminaciones que siguen viéndose modernas.

No tiene cochera ni amenities, pero la ubicación lo compensa con creces: estás a metros de bares, restaurantes, subte y varios colectivos. Ideal para parejas o familias chicas que quieran vivir en Palermo sin pagar el precio de las zonas más exclusivas. Una oportunidad concreta para entrar a vivir ya o sumar un buen activo. Consultanos por visitas.",false,"{""sintetico"": true, ""caso"": null, ""duplicado_de"": null}"
demo-a,demo-00594,https://demo-a.example/aviso/demo-00594,https://demo-a.example/aviso/demo-00594,Departamento 2 ambientes en Palermo,269000,USD,,,Uriarte 4811,"Palermo, Capital Federal",Sur & Asociados,51.9,3,54.9,,,,,,,,,,2026-09-01,"Departamento de 2 ambientes en Palermo, sobre Uriarte al 4800, al frente, piso 8. Muy buen estado, con 52 m² cubiertos más 3 m² de balcón terraza. Cuenta con 1 dormitorio, 1 baño completo y cocina integrada al living comedor. La unidad tiene apenas 2 años de antigüedad, por lo que se encuentra impecable y con terminaciones modernas. Excelente luminosidad y ventilación gracias a su orientación frontal. Sin cochera ni amenities, ideal para quienes buscan un departamento funcional en una de las mejores zonas de Palermo, cerca de bares, restaurantes y transporte público. Oportunidad única para inversores o para vivir en un barrio con mucho movimiento. Consultas al 11-XXXX-XXXX.",false,"{""sintetico"": true, ""caso"": null, ""duplicado_de"": null}"
demo-a,demo-00595,https://demo-a.example/aviso/demo-00595,https://demo-a.example/aviso/demo-00595,Departamento 3 ambientes en Belgrano,129000,USD,329000,ARS,Zabala 2619,"Belgrano, Capital Federal",Inmobiliaria del Parque,63.9,12,75.9,3,2,1,40,0,A Refaccionar,Contrafrente,4,,2026-07-08,"Departamento de 3 ambientes en Belgrano, sobre Zabala al 2600. Está en el piso 4 y es al contrafrente, lo que le da una tranquilidad que en la zona se valora mucho. Tiene 64 metros cuadrados cubiertos más 12 metros cuadrados de balcón terraza, dos dormitorios y un baño completo. Es una unidad con 40 años de antigüedad, de esas que se agradecen por la buena distribución de los ambientes. Sin cochera ni amenities, ideal para quien busca la esencia del barrio sin pagar adicionales que no va a usar. La terraza es un plus para tener un poco de aire libre sin salir de casa.",true,"{""sintetico"": true, ""caso"": null, ""duplicado_de"": null}"
demo-a,demo-00596,https://demo-a.example/aviso/demo-00596,https://demo-a.example/aviso/demo-00596,Departamento 1 ambientes en Palermo,92000,USD,268000,ARS,"Thames 2170, Piso 12","Palermo, Capital Federal",Sur & Asociados,25.6,4.0,29.6,1,0,1,0,0,A Estrenar,Frente,12,"gimnasio, parrilla, seguridad 24 h",2026-05-27,"Departamento a estrenar en el corazón de Palermo, sobre Thames al 2100. Un uno ambientes al frente, impecable y luminoso, con balcón terraza de 4 m² que suma ese aire libre que se busca para arrancar o invertir. Son 26 m² bien aprovechados, con baño completo y la practicidad de un edificio con ascensor y amenities de primer nivel: gimnasio, parrilla y seguridad 24 hs para que no te preocupes por nada.

La unidad es a estrenar, y las fotos que ves son del modelo, así que te hacés una idea clara de los terminaciones. El emprendimiento está en plena construcción, con una entrega estimada para el segundo semestre de 2026. Ideal para alquilar o vivir cerca de todo, con la movida de Thames, los bares y el verde de los parques a la vuelta. Sin cochera, pero con la ventaja de estar en una zona donde se puede prescindir del auto. No dejes pasar esta oportunidad de comprar en uno de los barrios más buscados de la ciudad.",true,"{""sintetico"": true, ""caso"": ""pozo"", ""duplicado_de"": null}"
demo-a,demo-00597,https://demo-a.example/aviso/demo-00597,https://demo-a.example/aviso/demo-00597,Departamento 3 ambientes en Palermo,351000,USD,,,Ravignani 1875,"Palermo, Capital Federal",Grupo Arcos,90.6,5,95.6,,,,,,,,,solarium,2026-06-26,"Departamento de 3 ambientes en Palermo, sobre Ravignani al 1800. Con una superficie cubierta de 91 m² más un balcón terraza de 5 m², el inmueble se encuentra en excelente estado y cuenta con ascensor, lo que lo hace muy cómodo para el día a día. Dispone de dos dormitorios, un baño completo y un living comedor amplio con buena distribución. El edificio ofrece solarium, ideal para aprovechar los días de sol sin salir de casa. Sin cochera, pero con fácil acceso a transporte y todos los servicios del barrio. Una oportunidad para quienes buscan un departamento bien ubicado, luminoso y en condiciones óptimas para mudarse sin preocupaciones.",false,"{""sintetico"": true, ""caso"": null, ""duplicado_de"": null}"
demo-a,demo-00598,https://demo-a.example/aviso/demo-00598,https://demo-a.example/aviso/demo-00598,Departamento 3 ambientes en Belgrano,162000,USD,465000,ARS,O'Higgins 2994,"Belgrano, Capital Federal",Sur & Asociados,68.7,3,71.7,,,,,,,,,,2026-07-15,"Departamento de 3 ambientes en Belgrano, O'Higgins al 2900, piso 1 con ascensor. Al contrafrente, luminoso y silencioso. Cuenta con 69 m² cubiertos más 3 m² de balcón terraza, dos dormitorios, un baño, en excelente estado. Ideal para quienes buscan un hogar bien ubicado sin los gastos de cochera ni amenities.",false,"{""sintetico"": true, ""caso"": null, ""duplicado_de"": null}"
demo-b,demo-00599,https://demo-b.example/aviso/demo-00599,https://demo-b.example/aviso/demo-00599,Departamento 4 ambientes en Palermo,323000,USD,215000,ARS,Soler 3099,"Palermo, Capital Federal",Norte Propiedades,126.8,12,138.8,,,,,,,,,,2026-07-24,"Departamento de 4 ambientes en pleno Palermo, sobre la calle Soler al 3000, una ubicación que combina la vida de barrio con la cercanía a todo. Se trata de una unidad en **piso 7**, con una superficie cubierta de 127 m² más una terraza balconeda de 12 m², ideal para disfrutar al aire libre sin salir de casa. La distribución es amplia y clara: living comedor espacioso, cocina con dependencia de lavadero, tres dormitorios (dos de ellos con posibilidad de placares) y un baño completo. El edificio tiene **20 años de antigüedad** y el departamento se encuentra en **buen estado general**, listo para habitar o para ponerle tu sello personal con algunas refacciones. Al ser un piso alto, la luminosidad y la vista se convierten en un gran plus, y al no tener cochera ni amenities, el costo de expensas se mantiene acotado. Una oportunidad concreta para quienes buscan un dos ambientes de verdad, con metros bien aprovechados y una dirección privilegiada.",false,"{""sintetico"": true, ""caso"": null, ""duplicado_de"": null}"
